{"total":17,"content":[{"id":4,"name":"Вид на жительство","isPrimary":true,"shortName":"Вид на жит.","templateSeries":"SSSSSSSSSS","templateNumber":"SSSSSSSSSS","docCode":"В. Ж.     ","sortOrder":0,"isDefault":false},{"id":3,"name":"Военный билет","isPrimary":true,"shortName":"Военный билет","templateSeries":"ББ","templateNumber":"9999999","docCode":"В. Б.     ","sortOrder":2,"isDefault":false},{"id":6,"name":"Временное удостоверение личности","isPrimary":true,"shortName":"Врем уд личн","templateSeries":"SSSSSSSSSS","templateNumber":"SSSSSSSSSS","docCode":"В. У. Л.  ","sortOrder":0,"isDefault":false},{"id":17,"name":"Выписка из домовой книги","isPrimary":true,"shortName":"Выписка из дом","templateSeries":"SSSSSSSSSS","templateNumber":"SSSSSSSSSS","docCode":"В. Д. К.  ","sortOrder":0,"isDefault":false},{"id":99,"name":"Данные отсутствуют","isPrimary":true,"shortName":"НетДанных","templateSeries":"","templateNumber":"","docCode":"","sortOrder":0,"isDefault":false},{"id":12,"name":"Дипломатический паспорт гражданина РФ","isPrimary":true,"shortName":"Диппаспорт РФ","templateSeries":"99","templateNumber":"9999999","docCode":"","sortOrder":0,"isDefault":false},{"id":10,"name":"Иностранное свидетельство о рождении","isPrimary":true,"shortName":"Ин свид о рожд","templateSeries":"SSSSSSSSSS","templateNumber":"SSSSSSSSSS","docCode":"","sortOrder":0,"isDefault":false},{"id":7,"name":"Иностранный паспорт","isPrimary":true,"shortName":"Ин паспорт","templateSeries":"SSSSSSSSSS","templateNumber":"SSSSSSSSSS","docCode":"И.П-Т     ","sortOrder":1,"isDefault":false},{"id":13,"name":"Личное дело","isPrimary":true,"shortName":"Личное дело","templateSeries":"","templateNumber":"","docCode":"","sortOrder":1,"isDefault":false},{"id":9,"name":"Паспорт гражданина РФ","isPrimary":true,"shortName":"Паспорт РФ","templateSeries":"99 99","templateNumber":"999999","docCode":"","sortOrder":222,"isDefault":true},{"id":1,"name":"Паспорт гражданина СССР","isPrimary":true,"shortName":"Паспорт СССР","templateSeries":"R-ББ","templateNumber":"999999","docCode":"П- Т      ","sortOrder":52,"isDefault":false},{"id":11,"name":"Паспорт Минморфлота","isPrimary":true,"shortName":"Паспорт моряка","templateSeries":"ББ","templateNumber":"999999","docCode":"","sortOrder":0,"isDefault":false},{"id":14,"name":"Свидетельство о регистрации ходатайства о признании иммигранта беженцем","isPrimary":true,"shortName":"Свид призн. беженцем","templateSeries":"SSSSSSSSSS","templateNumber":"SSSSSSSSSS","docCode":"","sortOrder":0,"isDefault":false},{"id":5,"name":"Свидетельство о рождении","isPrimary":true,"shortName":"Свид о рождении","templateSeries":"R-ББ","templateNumber":"999999","docCode":"С. Р.     ","sortOrder":2,"isDefault":false},{"id":8,"name":"Справка об освобождении из мест лишения свободы","isPrimary":true,"shortName":"Спр. об освобождении","templateSeries":"SSSSSSSSSS","templateNumber":"SSSSSSSSSS","docCode":"","sortOrder":0,"isDefault":false},{"id":15,"name":"Удостоверение беженца в РФ","isPrimary":true,"shortName":"Уд беженца РФ","templateSeries":"SSSSSSSSSS","templateNumber":"SSSSSSSSSS","docCode":"","sortOrder":4,"isDefault":false},{"id":2,"name":"Удостоверение личности офицера","isPrimary":true,"shortName":"Уд. личности","templateSeries":"ББ","templateNumber":"999999","docCode":"У. Л.     ","sortOrder":0,"isDefault":false}]}