[{"id":9,"name":"Воинская обязанность","notes":"Сведения о военной службе","isDeleted":false,"createDate":null,"updateDate":null,"fields":[]},{"id":6,"name":"Дополнительное образование","notes":"Сведения о дополнительном образовании участника","isDeleted":false,"createDate":null,"updateDate":null,"fields":[]},{"id":7,"name":"Знание иностранных языков","notes":"Сведения о знании иностранных языков","isDeleted":false,"createDate":null,"updateDate":null,"fields":[]},{"id":2,"name":"Источник доходов","notes":"Информация о доходах","isDeleted":false,"createDate":null,"updateDate":null,"fields":[]},{"id":3,"name":"Комментарий","notes":"Произвольный комментарий","isDeleted":false,"createDate":null,"updateDate":null,"fields":[]},{"id":4,"name":"Медицинская информация","notes":"Справки об инвалидностях и заболеваниях","isDeleted":false,"createDate":null,"updateDate":null,"fields":[]},{"id":1,"name":"Образование","notes":"Информация об образовании","isDeleted":false,"createDate":null,"updateDate":null,"fields":[]},{"id":5,"name":"Трудовая деятельность","notes":"Сведения о трудовой деятельности участника","isDeleted":false,"createDate":null,"updateDate":null,"fields":[]}]