{"total":19,"content":[{"id":0,"name":"Актуальный срез","isPrimaryEvent":true,"isPrimaryEventMb":true,"isFictionEvent":false,"isQuestionEvent":false,"isCapacityCheckNeeded":false,"isDepartureFilter":false,"createDate":"2020-05-22","changeDate":"2020-05-22","isArriveFilter":false,"isDeprecated":null,"orderNum":10},{"id":18,"name":"Без регистрации по месту жительства","isPrimaryEvent":false,"isPrimaryEventMb":false,"isFictionEvent":false,"isQuestionEvent":false,"isCapacityCheckNeeded":false,"isDepartureFilter":false,"createDate":"2020-08-14","changeDate":"2020-08-14","isArriveFilter":false,"isDeprecated":null,"orderNum":null},{"id":101,"name":"Изменение адреса места жительства","isPrimaryEvent":false,"isPrimaryEventMb":false,"isFictionEvent":false,"isQuestionEvent":false,"isCapacityCheckNeeded":false,"isDepartureFilter":false,"createDate":"2020-08-20","changeDate":"2020-08-20","isArriveFilter":false,"isDeprecated":null,"orderNum":null},{"id":16,"name":"Иностранный гражданин","isPrimaryEvent":false,"isPrimaryEventMb":false,"isFictionEvent":false,"isQuestionEvent":false,"isCapacityCheckNeeded":false,"isDepartureFilter":false,"createDate":"2020-08-14","changeDate":"2020-08-14","isArriveFilter":false,"isDeprecated":null,"orderNum":null},{"id":14,"name":"Корректировка","isPrimaryEvent":true,"isPrimaryEventMb":true,"isFictionEvent":false,"isQuestionEvent":false,"isCapacityCheckNeeded":false,"isDepartureFilter":false,"createDate":"2020-05-27","changeDate":"2020-05-27","isArriveFilter":false,"isDeprecated":null,"orderNum":1},{"id":4,"name":"Перемена ФИО, даты (места) рождения, пола","isPrimaryEvent":false,"isPrimaryEventMb":false,"isFictionEvent":false,"isQuestionEvent":false,"isCapacityCheckNeeded":false,"isDepartureFilter":false,"createDate":"2020-05-22","changeDate":"2020-05-22","isArriveFilter":false,"isDeprecated":null,"orderNum":13},{"id":2,"name":"Получение паспорта","isPrimaryEvent":false,"isPrimaryEventMb":true,"isFictionEvent":false,"isQuestionEvent":false,"isCapacityCheckNeeded":false,"isDepartureFilter":false,"createDate":"2020-05-22","changeDate":"2020-05-22","isArriveFilter":false,"isDeprecated":null,"orderNum":11},{"id":3,"name":"Прибытие","isPrimaryEvent":true,"isPrimaryEventMb":true,"isFictionEvent":false,"isQuestionEvent":false,"isCapacityCheckNeeded":false,"isDepartureFilter":false,"createDate":"2020-05-22","changeDate":"2020-05-22","isArriveFilter":true,"isDeprecated":null,"orderNum":12},{"id":11,"name":"Признание дееспособным","isPrimaryEvent":false,"isPrimaryEventMb":false,"isFictionEvent":false,"isQuestionEvent":false,"isCapacityCheckNeeded":true,"isDepartureFilter":false,"createDate":"2020-05-22","changeDate":"2020-05-22","isArriveFilter":false,"isDeprecated":null,"orderNum":21},{"id":8,"name":"Признание недееспособным","isPrimaryEvent":false,"isPrimaryEventMb":false,"isFictionEvent":false,"isQuestionEvent":false,"isCapacityCheckNeeded":true,"isDepartureFilter":false,"createDate":"2020-05-22","changeDate":"2020-05-22","isArriveFilter":false,"isDeprecated":null,"orderNum":18},{"id":17,"name":"Проживание за пределами РФ","isPrimaryEvent":false,"isPrimaryEventMb":false,"isFictionEvent":false,"isQuestionEvent":false,"isCapacityCheckNeeded":false,"isDepartureFilter":false,"createDate":"2020-08-14","changeDate":"2020-08-14","isArriveFilter":false,"isDeprecated":null,"orderNum":null},{"id":1,"name":"Рождение","isPrimaryEvent":true,"isPrimaryEventMb":true,"isFictionEvent":false,"isQuestionEvent":false,"isCapacityCheckNeeded":false,"isDepartureFilter":false,"createDate":"2020-05-22","changeDate":"2020-05-22","isArriveFilter":false,"isDeprecated":null,"orderNum":10},{"id":100,"name":"Смена гражданства","isPrimaryEvent":false,"isPrimaryEventMb":false,"isFictionEvent":false,"isQuestionEvent":false,"isCapacityCheckNeeded":false,"isDepartureFilter":false,"createDate":"2020-08-20","changeDate":"2020-08-20","isArriveFilter":false,"isDeprecated":null,"orderNum":null},{"id":5,"name":"Смена документа","isPrimaryEvent":false,"isPrimaryEventMb":false,"isFictionEvent":false,"isQuestionEvent":false,"isCapacityCheckNeeded":false,"isDepartureFilter":false,"createDate":"2020-05-22","changeDate":"2020-05-22","isArriveFilter":false,"isDeprecated":null,"orderNum":14},{"id":7,"name":"Смерть","isPrimaryEvent":false,"isPrimaryEventMb":false,"isFictionEvent":false,"isQuestionEvent":false,"isCapacityCheckNeeded":false,"isDepartureFilter":false,"createDate":"2020-05-22","changeDate":"2020-05-22","isArriveFilter":false,"isDeprecated":null,"orderNum":16},{"id":6,"name":"Убытие","isPrimaryEvent":false,"isPrimaryEventMb":false,"isFictionEvent":false,"isQuestionEvent":false,"isCapacityCheckNeeded":false,"isDepartureFilter":true,"createDate":"2020-05-22","changeDate":"2020-05-22","isArriveFilter":false,"isDeprecated":null,"orderNum":15},{"id":15,"name":"Удаление","isPrimaryEvent":false,"isPrimaryEventMb":false,"isFictionEvent":false,"isQuestionEvent":false,"isCapacityCheckNeeded":false,"isDepartureFilter":false,"createDate":"2020-05-27","changeDate":"2020-05-27","isArriveFilter":false,"isDeprecated":null,"orderNum":100},{"id":19,"name":"Учет ИНН","isPrimaryEvent":false,"isPrimaryEventMb":false,"isFictionEvent":false,"isQuestionEvent":false,"isCapacityCheckNeeded":false,"isDepartureFilter":false,"createDate":"2020-08-14","changeDate":"2020-08-14","isArriveFilter":false,"isDeprecated":null,"orderNum":null},{"id":20,"name":"Учет СНИЛС","isPrimaryEvent":false,"isPrimaryEventMb":false,"isFictionEvent":false,"isQuestionEvent":false,"isCapacityCheckNeeded":false,"isDepartureFilter":false,"createDate":"2020-08-14","changeDate":"2020-08-14","isArriveFilter":false,"isDeprecated":null,"orderNum":null}]}