{"total":48,"content":[{"id":1,"name":"Актуальный срез","isProtected":null,"changeBasisCode":-1,"changeTypeFountainInform":{"id":2,"name":"ЦИК","subjectType":{"id":1,"name":"Избирательные комиссии (ИК)","isProtected":true,"isUnchecked":false,"isDoc":false,"startDate":"2020-03-04","endDate":"2020-03-04"},"isProtected":false,"isUnchecked":false,"createDate":"2020-05-22","changeDate":"2020-05-22"},"changeUniversType":{"id":0,"name":"Актуальный срез","isPrimaryEvent":true,"isPrimaryEventMb":true,"isFictionEvent":false,"isQuestionEvent":false,"isCapacityCheckNeeded":false,"isDepartureFilter":false,"createDate":"2020-05-22","changeDate":"2020-05-22","isArriveFilter":false,"isDeprecated":null,"orderNum":10},"changeDateLabelName":"Дата события","isDefaultDeleteBasis":false,"primaryBasis":false,"orderNum":null,"isDefaultDeathZagsImport":false,"isCorrectionBasis":false,"isNameChangeFromZagsImport":false,"isBirthFromZagsImport":false,"isDefaultDepartureBasis":false,"isDeathFromZags":false,"fieldEnablingCapacity":null,"isDefaultArrivalBasisMilitary":false,"updateDate":null,"createDate":null,"fieldEnabling":{"allEnabled":false}},{"id":119,"name":"Ввод дополнительных атрибутов","isProtected":null,"changeBasisCode":-1,"changeTypeFountainInform":{"id":2,"name":"ЦИК","subjectType":{"id":1,"name":"Избирательные комиссии (ИК)","isProtected":true,"isUnchecked":false,"isDoc":false,"startDate":"2020-03-04","endDate":"2020-03-04"},"isProtected":false,"isUnchecked":false,"createDate":"2020-05-22","changeDate":"2020-05-22"},"changeUniversType":{"id":14,"name":"Корректировка","isPrimaryEvent":true,"isPrimaryEventMb":true,"isFictionEvent":false,"isQuestionEvent":false,"isCapacityCheckNeeded":false,"isDepartureFilter":false,"createDate":"2020-05-27","changeDate":"2020-05-27","isArriveFilter":false,"isDeprecated":null,"orderNum":1},"changeDateLabelName":"Дата события","isDefaultDeleteBasis":false,"primaryBasis":false,"orderNum":null,"isDefaultDeathZagsImport":false,"isCorrectionBasis":false,"isNameChangeFromZagsImport":false,"isBirthFromZagsImport":false,"isDefaultDepartureBasis":false,"isDeathFromZags":false,"fieldEnablingCapacity":null,"isDefaultArrivalBasisMilitary":false,"updateDate":null,"createDate":null,"fieldEnabling":{"allEnabled":false,"addAttrEnabled":true}},{"id":84,"name":"Документ в убытии","isProtected":null,"changeBasisCode":-1,"changeTypeFountainInform":{"id":101,"name":"МВД РФ","subjectType":{"id":2,"name":"Паспортно-визовая служба (ПВС)","isProtected":true,"isUnchecked":false,"isDoc":true,"startDate":"2020-03-04","endDate":"2020-03-04"},"isProtected":false,"isUnchecked":false,"createDate":"2020-07-24","changeDate":"2020-05-22"},"changeUniversType":{"id":14,"name":"Корректировка","isPrimaryEvent":true,"isPrimaryEventMb":true,"isFictionEvent":false,"isQuestionEvent":false,"isCapacityCheckNeeded":false,"isDepartureFilter":false,"createDate":"2020-05-27","changeDate":"2020-05-27","isArriveFilter":false,"isDeprecated":null,"orderNum":1},"changeDateLabelName":"Дата события","isDefaultDeleteBasis":false,"primaryBasis":false,"orderNum":null,"isDefaultDeathZagsImport":false,"isCorrectionBasis":false,"isNameChangeFromZagsImport":false,"isBirthFromZagsImport":false,"isDefaultDepartureBasis":false,"isDeathFromZags":false,"fieldEnablingCapacity":null,"isDefaultArrivalBasisMilitary":false,"updateDate":null,"createDate":null,"fieldEnabling":{"allEnabled":false,"docForDeparturedEnabled":true}},{"id":4,"name":"Другие причины прибытия","isProtected":null,"changeBasisCode":22,"changeTypeFountainInform":{"id":107,"name":"ФСИН","subjectType":{"id":7,"name":"Гражданские суды","isProtected":true,"isUnchecked":false,"isDoc":false,"startDate":"2020-03-04","endDate":"2020-03-04"},"isProtected":false,"isUnchecked":false,"createDate":"2020-08-14","changeDate":"2020-08-14"},"changeUniversType":{"id":3,"name":"Прибытие","isPrimaryEvent":true,"isPrimaryEventMb":true,"isFictionEvent":false,"isQuestionEvent":false,"isCapacityCheckNeeded":false,"isDepartureFilter":false,"createDate":"2020-05-22","changeDate":"2020-05-22","isArriveFilter":true,"isDeprecated":null,"orderNum":12},"changeDateLabelName":"Дата события","isDefaultDeleteBasis":false,"primaryBasis":false,"orderNum":null,"isDefaultDeathZagsImport":false,"isCorrectionBasis":false,"isNameChangeFromZagsImport":false,"isBirthFromZagsImport":false,"isDefaultDepartureBasis":false,"isDeathFromZags":false,"fieldEnablingCapacity":null,"isDefaultArrivalBasisMilitary":false,"updateDate":null,"createDate":null,"fieldEnabling":{}},{"id":11,"name":"Другие причины убытия","isProtected":null,"changeBasisCode":18,"changeTypeFountainInform":{"id":101,"name":"МВД РФ","subjectType":{"id":2,"name":"Паспортно-визовая служба (ПВС)","isProtected":true,"isUnchecked":false,"isDoc":true,"startDate":"2020-03-04","endDate":"2020-03-04"},"isProtected":false,"isUnchecked":false,"createDate":"2020-07-24","changeDate":"2020-05-22"},"changeUniversType":{"id":6,"name":"Убытие","isPrimaryEvent":false,"isPrimaryEventMb":false,"isFictionEvent":false,"isQuestionEvent":false,"isCapacityCheckNeeded":false,"isDepartureFilter":true,"createDate":"2020-05-22","changeDate":"2020-05-22","isArriveFilter":false,"isDeprecated":null,"orderNum":15},"changeDateLabelName":"Дата события","isDefaultDeleteBasis":false,"primaryBasis":false,"orderNum":null,"isDefaultDeathZagsImport":false,"isCorrectionBasis":false,"isNameChangeFromZagsImport":false,"isBirthFromZagsImport":false,"isDefaultDepartureBasis":false,"isDeathFromZags":false,"fieldEnablingCapacity":null,"isDefaultArrivalBasisMilitary":false,"updateDate":null,"createDate":null,"fieldEnabling":{}},{"id":8,"name":"Запись акта о браке","isProtected":null,"changeBasisCode":6,"changeTypeFountainInform":{"id":108,"name":"ЕГРН ЗАГС. Перемена ФИО","subjectType":{"id":3,"name":"Органы ЗАГС","isProtected":true,"isUnchecked":false,"isDoc":true,"startDate":"2020-03-04","endDate":"2020-03-04"},"isProtected":false,"isUnchecked":false,"createDate":"2020-08-14","changeDate":"2020-08-14"},"changeUniversType":{"id":4,"name":"Перемена ФИО, даты (места) рождения, пола","isPrimaryEvent":false,"isPrimaryEventMb":false,"isFictionEvent":false,"isQuestionEvent":false,"isCapacityCheckNeeded":false,"isDepartureFilter":false,"createDate":"2020-05-22","changeDate":"2020-05-22","isArriveFilter":false,"isDeprecated":null,"orderNum":13},"changeDateLabelName":"Дата события","isDefaultDeleteBasis":false,"primaryBasis":false,"orderNum":null,"isDefaultDeathZagsImport":false,"isCorrectionBasis":false,"isNameChangeFromZagsImport":false,"isBirthFromZagsImport":false,"isDefaultDepartureBasis":false,"isDeathFromZags":false,"fieldEnablingCapacity":null,"isDefaultArrivalBasisMilitary":false,"updateDate":null,"createDate":null,"fieldEnabling":{"changeRequired":[{"error":"Одно из полей: фамилия, имя, отчетство, дата рождения, пол или место рождения обязательны для изменения","fields":["firstName","middleName","lastName","birthDay","gender","birthAddress"],"ruleType":"OneOfThem"}],"enable":["firstName","middleName","lastName","birthDay","gender","birthAddress","electorDoc.electorDocType","electDocSeriesAndNumber","electorDoc.issueDate","electorDoc.issueSubject"],"ifChanged":[{"changedField":"electorDoc.electDocSeries","changeRequired":[{"error":"При изменении паспортных данных, необходимо поменять серию и/или номер, и дату выдачи документа","fields":["electDocSeriesAndNumber","electorDoc.issueDate"],"ruleType":"AllOfThem"}]},{"changedField":"electorDoc.electDocNumber","changeRequired":[{"error":"При изменении паспортных данных, необходимо поменять серию и/или номер, и дату выдачи документа","fields":["electDocSeriesAndNumber","electorDoc.issueDate"],"ruleType":"AllOfThem"}]},{"changedField":"electorDoc.issueDate","changeRequired":[{"error":"При изменении паспортных данных, необходимо поменять серию и/или номер, и дату выдачи документа","fields":["electDocSeriesAndNumber","electorDoc.issueDate"],"ruleType":"AllOfThem"}]},{"changedField":"electorDoc.electorDocType","changeRequired":[{"error":"При изменении паспортных данных, необходимо поменять серию и/или номер, и дату выдачи документа","fields":["electDocSeriesAndNumber","electorDoc.issueDate"],"ruleType":"AllOfThem"}]}]}},{"id":94,"name":"Запись акта о перемене ФИО","isProtected":null,"changeBasisCode":5,"changeTypeFountainInform":{"id":108,"name":"ЕГРН ЗАГС. Перемена ФИО","subjectType":{"id":3,"name":"Органы ЗАГС","isProtected":true,"isUnchecked":false,"isDoc":true,"startDate":"2020-03-04","endDate":"2020-03-04"},"isProtected":false,"isUnchecked":false,"createDate":"2020-08-14","changeDate":"2020-08-14"},"changeUniversType":{"id":4,"name":"Перемена ФИО, даты (места) рождения, пола","isPrimaryEvent":false,"isPrimaryEventMb":false,"isFictionEvent":false,"isQuestionEvent":false,"isCapacityCheckNeeded":false,"isDepartureFilter":false,"createDate":"2020-05-22","changeDate":"2020-05-22","isArriveFilter":false,"isDeprecated":null,"orderNum":13},"changeDateLabelName":"Дата события","isDefaultDeleteBasis":false,"primaryBasis":false,"orderNum":null,"isDefaultDeathZagsImport":false,"isCorrectionBasis":false,"isNameChangeFromZagsImport":false,"isBirthFromZagsImport":false,"isDefaultDepartureBasis":false,"isDeathFromZags":false,"fieldEnablingCapacity":null,"isDefaultArrivalBasisMilitary":false,"updateDate":null,"createDate":null,"fieldEnabling":{"changeRequired":[{"error":"Одно из полей: фамилия, имя, отчетство, дата рождения, пол или место рождения обязательны для изменения","fields":["firstName","middleName","lastName","birthDay","gender","birthAddress"],"ruleType":"OneOfThem"}],"enable":["firstName","middleName","lastName","birthDay","gender","birthAddress","electorDoc.electorDocType","electDocSeriesAndNumber","electorDoc.issueDate","electorDoc.issueSubject"],"ifChanged":[{"changedField":"electorDoc.electDocSeries","changeRequired":[{"error":"При изменении паспортных данных, необходимо поменять серию и/или номер, и дату выдачи документа","fields":["electDocSeriesAndNumber","electorDoc.issueDate"],"ruleType":"AllOfThem"}]},{"changedField":"electorDoc.electDocNumber","changeRequired":[{"error":"При изменении паспортных данных, необходимо поменять серию и/или номер, и дату выдачи документа","fields":["electDocSeriesAndNumber","electorDoc.issueDate"],"ruleType":"AllOfThem"}]},{"changedField":"electorDoc.issueDate","changeRequired":[{"error":"При изменении паспортных данных, необходимо поменять серию и/или номер, и дату выдачи документа","fields":["electDocSeriesAndNumber","electorDoc.issueDate"],"ruleType":"AllOfThem"}]},{"changedField":"electorDoc.electorDocType","changeRequired":[{"error":"При изменении паспортных данных, необходимо поменять серию и/или номер, и дату выдачи документа","fields":["electDocSeriesAndNumber","electorDoc.issueDate"],"ruleType":"AllOfThem"}]}]}},{"id":7,"name":"Запись акта о расторжении брака","isProtected":null,"changeBasisCode":7,"changeTypeFountainInform":{"id":108,"name":"ЕГРН ЗАГС. Перемена ФИО","subjectType":{"id":3,"name":"Органы ЗАГС","isProtected":true,"isUnchecked":false,"isDoc":true,"startDate":"2020-03-04","endDate":"2020-03-04"},"isProtected":false,"isUnchecked":false,"createDate":"2020-08-14","changeDate":"2020-08-14"},"changeUniversType":{"id":4,"name":"Перемена ФИО, даты (места) рождения, пола","isPrimaryEvent":false,"isPrimaryEventMb":false,"isFictionEvent":false,"isQuestionEvent":false,"isCapacityCheckNeeded":false,"isDepartureFilter":false,"createDate":"2020-05-22","changeDate":"2020-05-22","isArriveFilter":false,"isDeprecated":null,"orderNum":13},"changeDateLabelName":"Дата события","isDefaultDeleteBasis":false,"primaryBasis":false,"orderNum":null,"isDefaultDeathZagsImport":false,"isCorrectionBasis":false,"isNameChangeFromZagsImport":false,"isBirthFromZagsImport":false,"isDefaultDepartureBasis":false,"isDeathFromZags":false,"fieldEnablingCapacity":null,"isDefaultArrivalBasisMilitary":false,"updateDate":null,"createDate":null,"fieldEnabling":{"changeRequired":[{"error":"Одно из полей: фамилия, имя, отчетство, дата рождения, пол или место рождения обязательны для изменения","fields":["firstName","middleName","lastName","birthDay","gender","birthAddress"],"ruleType":"OneOfThem"}],"enable":["firstName","middleName","lastName","birthDay","gender","birthAddress","electorDoc.electorDocType","electDocSeriesAndNumber","electorDoc.issueDate","electorDoc.issueSubject"],"ifChanged":[{"changedField":"electorDoc.electDocSeries","changeRequired":[{"error":"При изменении паспортных данных, необходимо поменять серию и/или номер, и дату выдачи документа","fields":["electDocSeriesAndNumber","electorDoc.issueDate"],"ruleType":"AllOfThem"}]},{"changedField":"electorDoc.electDocNumber","changeRequired":[{"error":"При изменении паспортных данных, необходимо поменять серию и/или номер, и дату выдачи документа","fields":["electDocSeriesAndNumber","electorDoc.issueDate"],"ruleType":"AllOfThem"}]},{"changedField":"electorDoc.issueDate","changeRequired":[{"error":"При изменении паспортных данных, необходимо поменять серию и/или номер, и дату выдачи документа","fields":["electDocSeriesAndNumber","electorDoc.issueDate"],"ruleType":"AllOfThem"}]},{"changedField":"electorDoc.electorDocType","changeRequired":[{"error":"При изменении паспортных данных, необходимо поменять серию и/или номер, и дату выдачи документа","fields":["electDocSeriesAndNumber","electorDoc.issueDate"],"ruleType":"AllOfThem"}]}]}},{"id":85,"name":"Запись акта о рождении","isProtected":null,"changeBasisCode":2,"changeTypeFountainInform":{"id":1,"name":"ЕГРН ЗАГС. Рождение","subjectType":{"id":3,"name":"Органы ЗАГС","isProtected":true,"isUnchecked":false,"isDoc":true,"startDate":"2020-03-04","endDate":"2020-03-04"},"isProtected":false,"isUnchecked":false,"createDate":"2020-05-22","changeDate":"2020-05-22"},"changeUniversType":{"id":1,"name":"Рождение","isPrimaryEvent":true,"isPrimaryEventMb":true,"isFictionEvent":false,"isQuestionEvent":false,"isCapacityCheckNeeded":false,"isDepartureFilter":false,"createDate":"2020-05-22","changeDate":"2020-05-22","isArriveFilter":false,"isDeprecated":null,"orderNum":10},"changeDateLabelName":"Дата события","isDefaultDeleteBasis":false,"primaryBasis":true,"orderNum":null,"isDefaultDeathZagsImport":false,"isCorrectionBasis":false,"isNameChangeFromZagsImport":false,"isBirthFromZagsImport":false,"isDefaultDepartureBasis":false,"isDeathFromZags":false,"fieldEnablingCapacity":null,"isDefaultArrivalBasisMilitary":false,"updateDate":null,"createDate":null,"fieldEnabling":{"allEnabled":true}},{"id":100,"name":"Запись акта о смерти","isProtected":null,"changeBasisCode":11,"changeTypeFountainInform":{"id":106,"name":"ЕГРН ЗАГС. Смерть","subjectType":{"id":3,"name":"Органы ЗАГС","isProtected":true,"isUnchecked":false,"isDoc":true,"startDate":"2020-03-04","endDate":"2020-03-04"},"isProtected":false,"isUnchecked":false,"createDate":"2020-05-22","changeDate":"2020-05-22"},"changeUniversType":{"id":7,"name":"Смерть","isPrimaryEvent":false,"isPrimaryEventMb":false,"isFictionEvent":false,"isQuestionEvent":false,"isCapacityCheckNeeded":false,"isDepartureFilter":false,"createDate":"2020-05-22","changeDate":"2020-05-22","isArriveFilter":false,"isDeprecated":null,"orderNum":16},"changeDateLabelName":"Дата события","isDefaultDeleteBasis":false,"primaryBasis":false,"orderNum":null,"isDefaultDeathZagsImport":false,"isCorrectionBasis":false,"isNameChangeFromZagsImport":false,"isBirthFromZagsImport":false,"isDefaultDepartureBasis":false,"isDeathFromZags":false,"fieldEnablingCapacity":null,"isDefaultArrivalBasisMilitary":false,"updateDate":null,"createDate":null,"fieldEnabling":{"onlyDeath":true}},{"id":107,"name":"Избиратель, участник избирательного процесса","isProtected":null,"changeBasisCode":-1,"changeTypeFountainInform":{"id":109,"name":"ПАИП","subjectType":{"id":120,"name":"КСА ГАС Выборы","isProtected":true,"isUnchecked":false,"isDoc":false,"startDate":"2020-03-04","endDate":"2020-03-04"},"isProtected":false,"isUnchecked":false,"createDate":"2020-08-14","changeDate":"2020-08-14"},"changeUniversType":{"id":18,"name":"Без регистрации по месту жительства","isPrimaryEvent":false,"isPrimaryEventMb":false,"isFictionEvent":false,"isQuestionEvent":false,"isCapacityCheckNeeded":false,"isDepartureFilter":false,"createDate":"2020-08-14","changeDate":"2020-08-14","isArriveFilter":false,"isDeprecated":null,"orderNum":null},"changeDateLabelName":"Дата события","isDefaultDeleteBasis":false,"primaryBasis":false,"orderNum":null,"isDefaultDeathZagsImport":false,"isCorrectionBasis":false,"isNameChangeFromZagsImport":false,"isBirthFromZagsImport":false,"isDefaultDepartureBasis":false,"isDeathFromZags":false,"fieldEnablingCapacity":null,"isDefaultArrivalBasisMilitary":false,"updateDate":null,"createDate":null,"fieldEnabling":{"allEnabled":true}},{"id":108,"name":"Избиратель, участник избирательного процесса","isProtected":null,"changeBasisCode":-1,"changeTypeFountainInform":{"id":110,"name":"ЕПГУ","subjectType":{"id":120,"name":"КСА ГАС Выборы","isProtected":true,"isUnchecked":false,"isDoc":false,"startDate":"2020-03-04","endDate":"2020-03-04"},"isProtected":false,"isUnchecked":false,"createDate":"2020-08-14","changeDate":"2020-08-14"},"changeUniversType":{"id":18,"name":"Без регистрации по месту жительства","isPrimaryEvent":false,"isPrimaryEventMb":false,"isFictionEvent":false,"isQuestionEvent":false,"isCapacityCheckNeeded":false,"isDepartureFilter":false,"createDate":"2020-08-14","changeDate":"2020-08-14","isArriveFilter":false,"isDeprecated":null,"orderNum":null},"changeDateLabelName":"Дата события","isDefaultDeleteBasis":false,"primaryBasis":false,"orderNum":null,"isDefaultDeathZagsImport":false,"isCorrectionBasis":false,"isNameChangeFromZagsImport":false,"isBirthFromZagsImport":false,"isDefaultDepartureBasis":false,"isDeathFromZags":false,"fieldEnablingCapacity":null,"isDefaultArrivalBasisMilitary":false,"updateDate":null,"createDate":null,"fieldEnabling":{"allEnabled":true}},{"id":95,"name":"Изменения в записи акта о перемене ФИО","isProtected":null,"changeBasisCode":-1,"changeTypeFountainInform":{"id":108,"name":"ЕГРН ЗАГС. Перемена ФИО","subjectType":{"id":3,"name":"Органы ЗАГС","isProtected":true,"isUnchecked":false,"isDoc":true,"startDate":"2020-03-04","endDate":"2020-03-04"},"isProtected":false,"isUnchecked":false,"createDate":"2020-08-14","changeDate":"2020-08-14"},"changeUniversType":{"id":4,"name":"Перемена ФИО, даты (места) рождения, пола","isPrimaryEvent":false,"isPrimaryEventMb":false,"isFictionEvent":false,"isQuestionEvent":false,"isCapacityCheckNeeded":false,"isDepartureFilter":false,"createDate":"2020-05-22","changeDate":"2020-05-22","isArriveFilter":false,"isDeprecated":null,"orderNum":13},"changeDateLabelName":"Дата события","isDefaultDeleteBasis":false,"primaryBasis":false,"orderNum":null,"isDefaultDeathZagsImport":false,"isCorrectionBasis":false,"isNameChangeFromZagsImport":false,"isBirthFromZagsImport":false,"isDefaultDepartureBasis":false,"isDeathFromZags":false,"fieldEnablingCapacity":null,"isDefaultArrivalBasisMilitary":false,"updateDate":null,"createDate":null,"fieldEnabling":{"changeRequired":[{"error":"Одно из полей: фамилия, имя, отчетство, дата рождения, пол или место рождения обязательны для изменения","fields":["firstName","middleName","lastName","birthDay","gender","birthAddress"],"ruleType":"OneOfThem"}],"enable":["firstName","middleName","lastName","birthDay","gender","birthAddress","electorDoc.electorDocType","electDocSeriesAndNumber","electorDoc.issueDate","electorDoc.issueSubject"],"ifChanged":[{"changedField":"electorDoc.electDocSeries","changeRequired":[{"error":"При изменении паспортных данных, необходимо поменять серию и/или номер, и дату выдачи документа","fields":["electDocSeriesAndNumber","electorDoc.issueDate"],"ruleType":"AllOfThem"}]},{"changedField":"electorDoc.electDocNumber","changeRequired":[{"error":"При изменении паспортных данных, необходимо поменять серию и/или номер, и дату выдачи документа","fields":["electDocSeriesAndNumber","electorDoc.issueDate"],"ruleType":"AllOfThem"}]},{"changedField":"electorDoc.issueDate","changeRequired":[{"error":"При изменении паспортных данных, необходимо поменять серию и/или номер, и дату выдачи документа","fields":["electDocSeriesAndNumber","electorDoc.issueDate"],"ruleType":"AllOfThem"}]},{"changedField":"electorDoc.electorDocType","changeRequired":[{"error":"При изменении паспортных данных, необходимо поменять серию и/или номер, и дату выдачи документа","fields":["electDocSeriesAndNumber","electorDoc.issueDate"],"ruleType":"AllOfThem"}]}]}},{"id":88,"name":"Изменения в записи акта о рождении","isProtected":null,"changeBasisCode":-1,"changeTypeFountainInform":{"id":1,"name":"ЕГРН ЗАГС. Рождение","subjectType":{"id":3,"name":"Органы ЗАГС","isProtected":true,"isUnchecked":false,"isDoc":true,"startDate":"2020-03-04","endDate":"2020-03-04"},"isProtected":false,"isUnchecked":false,"createDate":"2020-05-22","changeDate":"2020-05-22"},"changeUniversType":{"id":1,"name":"Рождение","isPrimaryEvent":true,"isPrimaryEventMb":true,"isFictionEvent":false,"isQuestionEvent":false,"isCapacityCheckNeeded":false,"isDepartureFilter":false,"createDate":"2020-05-22","changeDate":"2020-05-22","isArriveFilter":false,"isDeprecated":null,"orderNum":10},"changeDateLabelName":"Дата события","isDefaultDeleteBasis":false,"primaryBasis":false,"orderNum":null,"isDefaultDeathZagsImport":false,"isCorrectionBasis":false,"isNameChangeFromZagsImport":false,"isBirthFromZagsImport":false,"isDefaultDepartureBasis":false,"isDeathFromZags":false,"fieldEnablingCapacity":null,"isDefaultArrivalBasisMilitary":false,"updateDate":null,"createDate":null,"fieldEnabling":{"allEnabled":true}},{"id":101,"name":"Изменения в записи акта о смерти","isProtected":null,"changeBasisCode":-1,"changeTypeFountainInform":{"id":106,"name":"ЕГРН ЗАГС. Смерть","subjectType":{"id":3,"name":"Органы ЗАГС","isProtected":true,"isUnchecked":false,"isDoc":true,"startDate":"2020-03-04","endDate":"2020-03-04"},"isProtected":false,"isUnchecked":false,"createDate":"2020-05-22","changeDate":"2020-05-22"},"changeUniversType":{"id":7,"name":"Смерть","isPrimaryEvent":false,"isPrimaryEventMb":false,"isFictionEvent":false,"isQuestionEvent":false,"isCapacityCheckNeeded":false,"isDepartureFilter":false,"createDate":"2020-05-22","changeDate":"2020-05-22","isArriveFilter":false,"isDeprecated":null,"orderNum":16},"changeDateLabelName":"Дата события","isDefaultDeleteBasis":false,"primaryBasis":false,"orderNum":null,"isDefaultDeathZagsImport":false,"isCorrectionBasis":false,"isNameChangeFromZagsImport":false,"isBirthFromZagsImport":false,"isDefaultDepartureBasis":false,"isDeathFromZags":false,"fieldEnablingCapacity":null,"isDefaultArrivalBasisMilitary":false,"updateDate":null,"createDate":null,"fieldEnabling":{"onlyDeath":true}},{"id":82,"name":"Корректировка участника","isProtected":null,"changeBasisCode":-1,"changeTypeFountainInform":{"id":2,"name":"ЦИК","subjectType":{"id":1,"name":"Избирательные комиссии (ИК)","isProtected":true,"isUnchecked":false,"isDoc":false,"startDate":"2020-03-04","endDate":"2020-03-04"},"isProtected":false,"isUnchecked":false,"createDate":"2020-05-22","changeDate":"2020-05-22"},"changeUniversType":{"id":14,"name":"Корректировка","isPrimaryEvent":true,"isPrimaryEventMb":true,"isFictionEvent":false,"isQuestionEvent":false,"isCapacityCheckNeeded":false,"isDepartureFilter":false,"createDate":"2020-05-27","changeDate":"2020-05-27","isArriveFilter":false,"isDeprecated":null,"orderNum":1},"changeDateLabelName":"Дата события","isDefaultDeleteBasis":false,"primaryBasis":false,"orderNum":null,"isDefaultDeathZagsImport":false,"isCorrectionBasis":false,"isNameChangeFromZagsImport":false,"isBirthFromZagsImport":false,"isDefaultDepartureBasis":false,"isDeathFromZags":false,"fieldEnablingCapacity":null,"isDefaultArrivalBasisMilitary":false,"updateDate":null,"createDate":null,"fieldEnabling":{"allEnabled":true,"addAttrEnabled":true}},{"id":89,"name":"Листок прибытия","isProtected":null,"changeBasisCode":4,"changeTypeFountainInform":{"id":101,"name":"МВД РФ","subjectType":{"id":2,"name":"Паспортно-визовая служба (ПВС)","isProtected":true,"isUnchecked":false,"isDoc":true,"startDate":"2020-03-04","endDate":"2020-03-04"},"isProtected":false,"isUnchecked":false,"createDate":"2020-07-24","changeDate":"2020-05-22"},"changeUniversType":{"id":2,"name":"Получение паспорта","isPrimaryEvent":false,"isPrimaryEventMb":true,"isFictionEvent":false,"isQuestionEvent":false,"isCapacityCheckNeeded":false,"isDepartureFilter":false,"createDate":"2020-05-22","changeDate":"2020-05-22","isArriveFilter":false,"isDeprecated":null,"orderNum":11},"changeDateLabelName":"Дата события","isDefaultDeleteBasis":false,"primaryBasis":true,"orderNum":null,"isDefaultDeathZagsImport":false,"isCorrectionBasis":false,"isNameChangeFromZagsImport":false,"isBirthFromZagsImport":false,"isDefaultDepartureBasis":false,"isDeathFromZags":false,"fieldEnablingCapacity":null,"isDefaultArrivalBasisMilitary":false,"updateDate":null,"createDate":null,"fieldEnabling":{"changeRequired":[{"error":"Поля серия и номер документа, дата выдачи документа обязательны для изменения","fields":["electDocSeriesAndNumber","electorDoc.issueDate"],"ruleType":"AllOfThem"}],"enable":["electorDoc.electorDocType","electDocSeriesAndNumber","electorDoc.issueDate","electorDoc.issueSubject"]}},{"id":96,"name":"Листок прибытия","isProtected":null,"changeBasisCode":4,"changeTypeFountainInform":{"id":101,"name":"МВД РФ","subjectType":{"id":2,"name":"Паспортно-визовая служба (ПВС)","isProtected":true,"isUnchecked":false,"isDoc":true,"startDate":"2020-03-04","endDate":"2020-03-04"},"isProtected":false,"isUnchecked":false,"createDate":"2020-07-24","changeDate":"2020-05-22"},"changeUniversType":{"id":5,"name":"Смена документа","isPrimaryEvent":false,"isPrimaryEventMb":false,"isFictionEvent":false,"isQuestionEvent":false,"isCapacityCheckNeeded":false,"isDepartureFilter":false,"createDate":"2020-05-22","changeDate":"2020-05-22","isArriveFilter":false,"isDeprecated":null,"orderNum":14},"changeDateLabelName":"Дата прибытия","isDefaultDeleteBasis":false,"primaryBasis":false,"orderNum":null,"isDefaultDeathZagsImport":false,"isCorrectionBasis":false,"isNameChangeFromZagsImport":false,"isBirthFromZagsImport":false,"isDefaultDepartureBasis":false,"isDeathFromZags":false,"fieldEnablingCapacity":null,"isDefaultArrivalBasisMilitary":false,"updateDate":null,"createDate":null,"fieldEnabling":{"allEnabled":true}},{"id":90,"name":"Листок прибытия","isProtected":null,"changeBasisCode":4,"changeTypeFountainInform":{"id":101,"name":"МВД РФ","subjectType":{"id":2,"name":"Паспортно-визовая служба (ПВС)","isProtected":true,"isUnchecked":false,"isDoc":true,"startDate":"2020-03-04","endDate":"2020-03-04"},"isProtected":false,"isUnchecked":false,"createDate":"2020-07-24","changeDate":"2020-05-22"},"changeUniversType":{"id":3,"name":"Прибытие","isPrimaryEvent":true,"isPrimaryEventMb":true,"isFictionEvent":false,"isQuestionEvent":false,"isCapacityCheckNeeded":false,"isDepartureFilter":false,"createDate":"2020-05-22","changeDate":"2020-05-22","isArriveFilter":true,"isDeprecated":null,"orderNum":12},"changeDateLabelName":"Дата события","isDefaultDeleteBasis":false,"primaryBasis":false,"orderNum":null,"isDefaultDeathZagsImport":false,"isCorrectionBasis":false,"isNameChangeFromZagsImport":false,"isBirthFromZagsImport":false,"isDefaultDepartureBasis":true,"isDeathFromZags":false,"fieldEnablingCapacity":null,"isDefaultArrivalBasisMilitary":true,"updateDate":null,"createDate":null,"fieldEnabling":{"arrive":"address"}},{"id":93,"name":"Листок прибытия","isProtected":null,"changeBasisCode":4,"changeTypeFountainInform":{"id":101,"name":"МВД РФ","subjectType":{"id":2,"name":"Паспортно-визовая служба (ПВС)","isProtected":true,"isUnchecked":false,"isDoc":true,"startDate":"2020-03-04","endDate":"2020-03-04"},"isProtected":false,"isUnchecked":false,"createDate":"2020-07-24","changeDate":"2020-05-22"},"changeUniversType":{"id":4,"name":"Перемена ФИО, даты (места) рождения, пола","isPrimaryEvent":false,"isPrimaryEventMb":false,"isFictionEvent":false,"isQuestionEvent":false,"isCapacityCheckNeeded":false,"isDepartureFilter":false,"createDate":"2020-05-22","changeDate":"2020-05-22","isArriveFilter":false,"isDeprecated":null,"orderNum":13},"changeDateLabelName":"Дата события","isDefaultDeleteBasis":false,"primaryBasis":false,"orderNum":null,"isDefaultDeathZagsImport":false,"isCorrectionBasis":false,"isNameChangeFromZagsImport":false,"isBirthFromZagsImport":false,"isDefaultDepartureBasis":false,"isDeathFromZags":false,"fieldEnablingCapacity":null,"isDefaultArrivalBasisMilitary":false,"updateDate":null,"createDate":null,"fieldEnabling":{"changeRequired":[{"error":"Одно из полей: фамилия, имя, отчетство, дата рождения, пол или место рождения обязательны для изменения","fields":["firstName","middleName","lastName","birthDay","gender","birthAddress"],"ruleType":"OneOfThem"}],"enable":["firstName","middleName","lastName","birthDay","gender","birthAddress","electorDoc.electorDocType","electDocSeriesAndNumber","electorDoc.issueDate","electorDoc.issueSubject"],"ifChanged":[{"changedField":"electorDoc.electDocSeries","changeRequired":[{"error":"При изменении паспортных данных, необходимо поменять серию и/или номер, и дату выдачи документа","fields":["electDocSeriesAndNumber","electorDoc.issueDate"],"ruleType":"AllOfThem"}]},{"changedField":"electorDoc.electDocNumber","changeRequired":[{"error":"При изменении паспортных данных, необходимо поменять серию и/или номер, и дату выдачи документа","fields":["electDocSeriesAndNumber","electorDoc.issueDate"],"ruleType":"AllOfThem"}]},{"changedField":"electorDoc.issueDate","changeRequired":[{"error":"При изменении паспортных данных, необходимо поменять серию и/или номер, и дату выдачи документа","fields":["electDocSeriesAndNumber","electorDoc.issueDate"],"ruleType":"AllOfThem"}]},{"changedField":"electorDoc.electorDocType","changeRequired":[{"error":"При изменении паспортных данных, необходимо поменять серию и/или номер, и дату выдачи документа","fields":["electDocSeriesAndNumber","electorDoc.issueDate"],"ruleType":"AllOfThem"}]}]}},{"id":97,"name":"Листок убытия","isProtected":null,"changeBasisCode":9,"changeTypeFountainInform":{"id":101,"name":"МВД РФ","subjectType":{"id":2,"name":"Паспортно-визовая служба (ПВС)","isProtected":true,"isUnchecked":false,"isDoc":true,"startDate":"2020-03-04","endDate":"2020-03-04"},"isProtected":false,"isUnchecked":false,"createDate":"2020-07-24","changeDate":"2020-05-22"},"changeUniversType":{"id":6,"name":"Убытие","isPrimaryEvent":false,"isPrimaryEventMb":false,"isFictionEvent":false,"isQuestionEvent":false,"isCapacityCheckNeeded":false,"isDepartureFilter":true,"createDate":"2020-05-22","changeDate":"2020-05-22","isArriveFilter":false,"isDeprecated":null,"orderNum":15},"changeDateLabelName":"Дата события","isDefaultDeleteBasis":false,"primaryBasis":false,"orderNum":null,"isDefaultDeathZagsImport":false,"isCorrectionBasis":false,"isNameChangeFromZagsImport":false,"isBirthFromZagsImport":false,"isDefaultDepartureBasis":false,"isDeathFromZags":false,"fieldEnablingCapacity":null,"isDefaultArrivalBasisMilitary":false,"updateDate":null,"createDate":null,"fieldEnabling":{"departure":"address"}},{"id":15,"name":"Листок убытия","isProtected":null,"changeBasisCode":9,"changeTypeFountainInform":{"id":101,"name":"МВД РФ","subjectType":{"id":2,"name":"Паспортно-визовая служба (ПВС)","isProtected":true,"isUnchecked":false,"isDoc":true,"startDate":"2020-03-04","endDate":"2020-03-04"},"isProtected":false,"isUnchecked":false,"createDate":"2020-07-24","changeDate":"2020-05-22"},"changeUniversType":{"id":7,"name":"Смерть","isPrimaryEvent":false,"isPrimaryEventMb":false,"isFictionEvent":false,"isQuestionEvent":false,"isCapacityCheckNeeded":false,"isDepartureFilter":false,"createDate":"2020-05-22","changeDate":"2020-05-22","isArriveFilter":false,"isDeprecated":null,"orderNum":16},"changeDateLabelName":"Дата события","isDefaultDeleteBasis":false,"primaryBasis":false,"orderNum":null,"isDefaultDeathZagsImport":false,"isCorrectionBasis":false,"isNameChangeFromZagsImport":false,"isBirthFromZagsImport":false,"isDefaultDepartureBasis":false,"isDeathFromZags":false,"fieldEnablingCapacity":null,"isDefaultArrivalBasisMilitary":false,"updateDate":null,"createDate":null,"fieldEnabling":{}},{"id":18,"name":"Переезд","isProtected":null,"changeBasisCode":99,"changeTypeFountainInform":{"id":101,"name":"МВД РФ","subjectType":{"id":2,"name":"Паспортно-визовая служба (ПВС)","isProtected":true,"isUnchecked":false,"isDoc":true,"startDate":"2020-03-04","endDate":"2020-03-04"},"isProtected":false,"isUnchecked":false,"createDate":"2020-07-24","changeDate":"2020-05-22"},"changeUniversType":{"id":101,"name":"Изменение адреса места жительства","isPrimaryEvent":false,"isPrimaryEventMb":false,"isFictionEvent":false,"isQuestionEvent":false,"isCapacityCheckNeeded":false,"isDepartureFilter":false,"createDate":"2020-08-20","changeDate":"2020-08-20","isArriveFilter":false,"isDeprecated":null,"orderNum":null},"changeDateLabelName":"Дата события","isDefaultDeleteBasis":false,"primaryBasis":false,"orderNum":null,"isDefaultDeathZagsImport":false,"isCorrectionBasis":false,"isNameChangeFromZagsImport":false,"isBirthFromZagsImport":false,"isDefaultDepartureBasis":false,"isDeathFromZags":false,"fieldEnablingCapacity":null,"isDefaultArrivalBasisMilitary":false,"updateDate":null,"createDate":null,"fieldEnabling":{}},{"id":9,"name":"По решению суда","isProtected":null,"changeBasisCode":25,"changeTypeFountainInform":{"id":103,"name":"Суды","subjectType":{"id":7,"name":"Гражданские суды","isProtected":true,"isUnchecked":false,"isDoc":false,"startDate":"2020-03-04","endDate":"2020-03-04"},"isProtected":false,"isUnchecked":false,"createDate":"2020-07-24","changeDate":"2020-07-24"},"changeUniversType":{"id":6,"name":"Убытие","isPrimaryEvent":false,"isPrimaryEventMb":false,"isFictionEvent":false,"isQuestionEvent":false,"isCapacityCheckNeeded":false,"isDepartureFilter":true,"createDate":"2020-05-22","changeDate":"2020-05-22","isArriveFilter":false,"isDeprecated":null,"orderNum":15},"changeDateLabelName":"Дата события","isDefaultDeleteBasis":false,"primaryBasis":false,"orderNum":null,"isDefaultDeathZagsImport":false,"isCorrectionBasis":false,"isNameChangeFromZagsImport":false,"isBirthFromZagsImport":false,"isDefaultDepartureBasis":false,"isDeathFromZags":false,"fieldEnablingCapacity":null,"isDefaultArrivalBasisMilitary":false,"updateDate":null,"createDate":null,"fieldEnabling":{}},{"id":3,"name":"Получение гражданства","isProtected":null,"changeBasisCode":26,"changeTypeFountainInform":{"id":107,"name":"ФСИН","subjectType":{"id":7,"name":"Гражданские суды","isProtected":true,"isUnchecked":false,"isDoc":false,"startDate":"2020-03-04","endDate":"2020-03-04"},"isProtected":false,"isUnchecked":false,"createDate":"2020-08-14","changeDate":"2020-08-14"},"changeUniversType":{"id":3,"name":"Прибытие","isPrimaryEvent":true,"isPrimaryEventMb":true,"isFictionEvent":false,"isQuestionEvent":false,"isCapacityCheckNeeded":false,"isDepartureFilter":false,"createDate":"2020-05-22","changeDate":"2020-05-22","isArriveFilter":true,"isDeprecated":null,"orderNum":12},"changeDateLabelName":"Дата события","isDefaultDeleteBasis":false,"primaryBasis":false,"orderNum":null,"isDefaultDeathZagsImport":false,"isCorrectionBasis":false,"isNameChangeFromZagsImport":false,"isBirthFromZagsImport":false,"isDefaultDepartureBasis":false,"isDeathFromZags":false,"fieldEnablingCapacity":null,"isDefaultArrivalBasisMilitary":false,"updateDate":null,"createDate":null,"fieldEnabling":{}},{"id":19,"name":"Постановление ЦИК России","isProtected":null,"changeBasisCode":-1,"changeTypeFountainInform":{"id":2,"name":"ЦИК","subjectType":{"id":1,"name":"Избирательные комиссии (ИК)","isProtected":true,"isUnchecked":false,"isDoc":false,"startDate":"2020-03-04","endDate":"2020-03-04"},"isProtected":false,"isUnchecked":false,"createDate":"2020-05-22","changeDate":"2020-05-22"},"changeUniversType":{"id":6,"name":"Убытие","isPrimaryEvent":false,"isPrimaryEventMb":false,"isFictionEvent":false,"isQuestionEvent":false,"isCapacityCheckNeeded":false,"isDepartureFilter":true,"createDate":"2020-05-22","changeDate":"2020-05-22","isArriveFilter":false,"isDeprecated":null,"orderNum":15},"changeDateLabelName":"Дата убытия","isDefaultDeleteBasis":false,"primaryBasis":false,"orderNum":null,"isDefaultDeathZagsImport":false,"isCorrectionBasis":false,"isNameChangeFromZagsImport":false,"isBirthFromZagsImport":false,"isDefaultDepartureBasis":false,"isDeathFromZags":false,"fieldEnablingCapacity":null,"isDefaultArrivalBasisMilitary":false,"updateDate":null,"createDate":null,"fieldEnabling":{}},{"id":10,"name":"Прекращение гражданства РФ","isProtected":null,"changeBasisCode":28,"changeTypeFountainInform":{"id":101,"name":"МВД РФ","subjectType":{"id":2,"name":"Паспортно-визовая служба (ПВС)","isProtected":true,"isUnchecked":false,"isDoc":true,"startDate":"2020-03-04","endDate":"2020-03-04"},"isProtected":false,"isUnchecked":false,"createDate":"2020-07-24","changeDate":"2020-05-22"},"changeUniversType":{"id":6,"name":"Убытие","isPrimaryEvent":false,"isPrimaryEventMb":false,"isFictionEvent":false,"isQuestionEvent":false,"isCapacityCheckNeeded":false,"isDepartureFilter":true,"createDate":"2020-05-22","changeDate":"2020-05-22","isArriveFilter":false,"isDeprecated":null,"orderNum":15},"changeDateLabelName":"Дата события","isDefaultDeleteBasis":false,"primaryBasis":false,"orderNum":null,"isDefaultDeathZagsImport":false,"isCorrectionBasis":false,"isNameChangeFromZagsImport":false,"isBirthFromZagsImport":false,"isDefaultDepartureBasis":false,"isDeathFromZags":false,"fieldEnablingCapacity":null,"isDefaultArrivalBasisMilitary":false,"updateDate":null,"createDate":null,"fieldEnabling":{}},{"id":91,"name":"Прибытие - ВС","isProtected":null,"changeBasisCode":40,"changeTypeFountainInform":{"id":104,"name":"Военкомат","subjectType":{"id":5,"name":"Министерство обороны (МИНОБ)","isProtected":true,"isUnchecked":false,"isDoc":true,"startDate":"2020-03-04","endDate":"2020-03-04"},"isProtected":false,"isUnchecked":false,"createDate":"2020-07-24","changeDate":"2020-07-24"},"changeUniversType":{"id":3,"name":"Прибытие","isPrimaryEvent":true,"isPrimaryEventMb":true,"isFictionEvent":false,"isQuestionEvent":false,"isCapacityCheckNeeded":false,"isDepartureFilter":false,"createDate":"2020-05-22","changeDate":"2020-05-22","isArriveFilter":true,"isDeprecated":null,"orderNum":12},"changeDateLabelName":"Дата прибытия","isDefaultDeleteBasis":false,"primaryBasis":false,"orderNum":null,"isDefaultDeathZagsImport":false,"isCorrectionBasis":false,"isNameChangeFromZagsImport":false,"isBirthFromZagsImport":false,"isDefaultDepartureBasis":false,"isDeathFromZags":false,"fieldEnablingCapacity":null,"isDefaultArrivalBasisMilitary":false,"updateDate":null,"createDate":null,"fieldEnabling":{"arrive":"military"}},{"id":92,"name":"Прибытие - заключение","isProtected":null,"changeBasisCode":20,"changeTypeFountainInform":{"id":107,"name":"ФСИН","subjectType":{"id":7,"name":"Гражданские суды","isProtected":true,"isUnchecked":false,"isDoc":false,"startDate":"2020-03-04","endDate":"2020-03-04"},"isProtected":false,"isUnchecked":false,"createDate":"2020-08-14","changeDate":"2020-08-14"},"changeUniversType":{"id":3,"name":"Прибытие","isPrimaryEvent":true,"isPrimaryEventMb":true,"isFictionEvent":false,"isQuestionEvent":false,"isCapacityCheckNeeded":false,"isDepartureFilter":false,"createDate":"2020-05-22","changeDate":"2020-05-22","isArriveFilter":true,"isDeprecated":null,"orderNum":12},"changeDateLabelName":"Дата прибытия","isDefaultDeleteBasis":false,"primaryBasis":false,"orderNum":null,"isDefaultDeathZagsImport":false,"isCorrectionBasis":false,"isNameChangeFromZagsImport":false,"isBirthFromZagsImport":false,"isDefaultDepartureBasis":false,"isDeathFromZags":false,"fieldEnablingCapacity":null,"isDefaultArrivalBasisMilitary":false,"updateDate":null,"createDate":null,"fieldEnabling":{"arrive":"prison"}},{"id":5,"name":"Прибытие с работ по договору","isProtected":null,"changeBasisCode":19,"changeTypeFountainInform":{"id":107,"name":"ФСИН","subjectType":{"id":7,"name":"Гражданские суды","isProtected":true,"isUnchecked":false,"isDoc":false,"startDate":"2020-03-04","endDate":"2020-03-04"},"isProtected":false,"isUnchecked":false,"createDate":"2020-08-14","changeDate":"2020-08-14"},"changeUniversType":{"id":3,"name":"Прибытие","isPrimaryEvent":true,"isPrimaryEventMb":true,"isFictionEvent":false,"isQuestionEvent":false,"isCapacityCheckNeeded":false,"isDepartureFilter":false,"createDate":"2020-05-22","changeDate":"2020-05-22","isArriveFilter":true,"isDeprecated":null,"orderNum":12},"changeDateLabelName":"Дата события","isDefaultDeleteBasis":false,"primaryBasis":false,"orderNum":null,"isDefaultDeathZagsImport":false,"isCorrectionBasis":false,"isNameChangeFromZagsImport":false,"isBirthFromZagsImport":false,"isDefaultDepartureBasis":false,"isDeathFromZags":false,"fieldEnablingCapacity":null,"isDefaultArrivalBasisMilitary":false,"updateDate":null,"createDate":null,"fieldEnabling":{}},{"id":6,"name":"Прибытие с учебы","isProtected":null,"changeBasisCode":21,"changeTypeFountainInform":{"id":107,"name":"ФСИН","subjectType":{"id":7,"name":"Гражданские суды","isProtected":true,"isUnchecked":false,"isDoc":false,"startDate":"2020-03-04","endDate":"2020-03-04"},"isProtected":false,"isUnchecked":false,"createDate":"2020-08-14","changeDate":"2020-08-14"},"changeUniversType":{"id":3,"name":"Прибытие","isPrimaryEvent":true,"isPrimaryEventMb":true,"isFictionEvent":false,"isQuestionEvent":false,"isCapacityCheckNeeded":false,"isDepartureFilter":false,"createDate":"2020-05-22","changeDate":"2020-05-22","isArriveFilter":true,"isDeprecated":null,"orderNum":12},"changeDateLabelName":"Дата события","isDefaultDeleteBasis":false,"primaryBasis":false,"orderNum":null,"isDefaultDeathZagsImport":false,"isCorrectionBasis":false,"isNameChangeFromZagsImport":false,"isBirthFromZagsImport":false,"isDefaultDepartureBasis":false,"isDeathFromZags":false,"fieldEnablingCapacity":null,"isDefaultArrivalBasisMilitary":false,"updateDate":null,"createDate":null,"fieldEnabling":{}},{"id":12,"name":"Признание гражданина безвестно отсутствующим","isProtected":null,"changeBasisCode":23,"changeTypeFountainInform":{"id":103,"name":"Суды","subjectType":{"id":7,"name":"Гражданские суды","isProtected":true,"isUnchecked":false,"isDoc":false,"startDate":"2020-03-04","endDate":"2020-03-04"},"isProtected":false,"isUnchecked":false,"createDate":"2020-07-24","changeDate":"2020-07-24"},"changeUniversType":{"id":6,"name":"Убытие","isPrimaryEvent":false,"isPrimaryEventMb":false,"isFictionEvent":false,"isQuestionEvent":false,"isCapacityCheckNeeded":false,"isDepartureFilter":true,"createDate":"2020-05-22","changeDate":"2020-05-22","isArriveFilter":false,"isDeprecated":null,"orderNum":15},"changeDateLabelName":"Дата события","isDefaultDeleteBasis":false,"primaryBasis":false,"orderNum":null,"isDefaultDeathZagsImport":false,"isCorrectionBasis":false,"isNameChangeFromZagsImport":false,"isBirthFromZagsImport":false,"isDefaultDepartureBasis":false,"isDeathFromZags":false,"fieldEnablingCapacity":null,"isDefaultArrivalBasisMilitary":false,"updateDate":null,"createDate":null,"fieldEnabling":{}},{"id":20,"name":"Решение органа регистрационного учета","isProtected":null,"changeBasisCode":-1,"changeTypeFountainInform":{"id":101,"name":"МВД РФ","subjectType":{"id":2,"name":"Паспортно-визовая служба (ПВС)","isProtected":true,"isUnchecked":false,"isDoc":true,"startDate":"2020-03-04","endDate":"2020-03-04"},"isProtected":false,"isUnchecked":false,"createDate":"2020-07-24","changeDate":"2020-05-22"},"changeUniversType":{"id":6,"name":"Убытие","isPrimaryEvent":false,"isPrimaryEventMb":false,"isFictionEvent":false,"isQuestionEvent":false,"isCapacityCheckNeeded":false,"isDepartureFilter":true,"createDate":"2020-05-22","changeDate":"2020-05-22","isArriveFilter":false,"isDeprecated":null,"orderNum":15},"changeDateLabelName":"Дата убытия","isDefaultDeleteBasis":false,"primaryBasis":false,"orderNum":null,"isDefaultDeathZagsImport":false,"isCorrectionBasis":false,"isNameChangeFromZagsImport":false,"isBirthFromZagsImport":false,"isDefaultDepartureBasis":false,"isDeathFromZags":false,"fieldEnablingCapacity":null,"isDefaultArrivalBasisMilitary":false,"updateDate":null,"createDate":null,"fieldEnabling":{}},{"id":16,"name":"Решение суда об объявлении умершим","isProtected":null,"changeBasisCode":24,"changeTypeFountainInform":{"id":103,"name":"Суды","subjectType":{"id":7,"name":"Гражданские суды","isProtected":true,"isUnchecked":false,"isDoc":false,"startDate":"2020-03-04","endDate":"2020-03-04"},"isProtected":false,"isUnchecked":false,"createDate":"2020-07-24","changeDate":"2020-07-24"},"changeUniversType":{"id":7,"name":"Смерть","isPrimaryEvent":false,"isPrimaryEventMb":false,"isFictionEvent":false,"isQuestionEvent":false,"isCapacityCheckNeeded":false,"isDepartureFilter":false,"createDate":"2020-05-22","changeDate":"2020-05-22","isArriveFilter":false,"isDeprecated":null,"orderNum":16},"changeDateLabelName":"Дата события","isDefaultDeleteBasis":false,"primaryBasis":false,"orderNum":null,"isDefaultDeathZagsImport":false,"isCorrectionBasis":false,"isNameChangeFromZagsImport":false,"isBirthFromZagsImport":false,"isDefaultDepartureBasis":false,"isDeathFromZags":false,"fieldEnablingCapacity":null,"isDefaultArrivalBasisMilitary":false,"updateDate":null,"createDate":null,"fieldEnabling":{}},{"id":103,"name":"Сообщение о признании дееспособным","isProtected":null,"changeBasisCode":14,"changeTypeFountainInform":{"id":103,"name":"Суды","subjectType":{"id":7,"name":"Гражданские суды","isProtected":true,"isUnchecked":false,"isDoc":false,"startDate":"2020-03-04","endDate":"2020-03-04"},"isProtected":false,"isUnchecked":false,"createDate":"2020-07-24","changeDate":"2020-07-24"},"changeUniversType":{"id":11,"name":"Признание дееспособным","isPrimaryEvent":false,"isPrimaryEventMb":false,"isFictionEvent":false,"isQuestionEvent":false,"isCapacityCheckNeeded":true,"isDepartureFilter":false,"createDate":"2020-05-22","changeDate":"2020-05-22","isArriveFilter":false,"isDeprecated":null,"orderNum":21},"changeDateLabelName":"Дата события","isDefaultDeleteBasis":false,"primaryBasis":false,"orderNum":null,"isDefaultDeathZagsImport":false,"isCorrectionBasis":false,"isNameChangeFromZagsImport":false,"isBirthFromZagsImport":false,"isDefaultDepartureBasis":false,"isDeathFromZags":false,"fieldEnablingCapacity":true,"isDefaultArrivalBasisMilitary":false,"updateDate":null,"createDate":null,"fieldEnabling":{"capacity":true}},{"id":102,"name":"Сообщение о признании недееспособным","isProtected":null,"changeBasisCode":12,"changeTypeFountainInform":{"id":103,"name":"Суды","subjectType":{"id":7,"name":"Гражданские суды","isProtected":true,"isUnchecked":false,"isDoc":false,"startDate":"2020-03-04","endDate":"2020-03-04"},"isProtected":false,"isUnchecked":false,"createDate":"2020-07-24","changeDate":"2020-07-24"},"changeUniversType":{"id":8,"name":"Признание недееспособным","isPrimaryEvent":false,"isPrimaryEventMb":false,"isFictionEvent":false,"isQuestionEvent":false,"isCapacityCheckNeeded":true,"isDepartureFilter":false,"createDate":"2020-05-22","changeDate":"2020-05-22","isArriveFilter":false,"isDeprecated":null,"orderNum":18},"changeDateLabelName":"Дата события","isDefaultDeleteBasis":false,"primaryBasis":false,"orderNum":null,"isDefaultDeathZagsImport":false,"isCorrectionBasis":false,"isNameChangeFromZagsImport":false,"isBirthFromZagsImport":false,"isDefaultDepartureBasis":false,"isDeathFromZags":false,"fieldEnablingCapacity":false,"isDefaultArrivalBasisMilitary":false,"updateDate":null,"createDate":null,"fieldEnabling":{"capacity":false}},{"id":2,"name":"Сообщение о рождении","isProtected":null,"changeBasisCode":3,"changeTypeFountainInform":{"id":1,"name":"ЕГРН ЗАГС. Рождение","subjectType":{"id":3,"name":"Органы ЗАГС","isProtected":true,"isUnchecked":false,"isDoc":true,"startDate":"2020-03-04","endDate":"2020-03-04"},"isProtected":false,"isUnchecked":false,"createDate":"2020-05-22","changeDate":"2020-05-22"},"changeUniversType":{"id":1,"name":"Рождение","isPrimaryEvent":true,"isPrimaryEventMb":true,"isFictionEvent":false,"isQuestionEvent":false,"isCapacityCheckNeeded":false,"isDepartureFilter":false,"createDate":"2020-05-22","changeDate":"2020-05-22","isArriveFilter":false,"isDeprecated":null,"orderNum":10},"changeDateLabelName":"Дата события","isDefaultDeleteBasis":false,"primaryBasis":false,"orderNum":null,"isDefaultDeathZagsImport":false,"isCorrectionBasis":false,"isNameChangeFromZagsImport":false,"isBirthFromZagsImport":false,"isDefaultDepartureBasis":false,"isDeathFromZags":false,"fieldEnablingCapacity":null,"isDefaultArrivalBasisMilitary":false,"updateDate":null,"createDate":null,"fieldEnabling":{"allEnabled":false}},{"id":17,"name":"Сообщение о смене гражданства","isProtected":null,"changeBasisCode":13,"changeTypeFountainInform":{"id":101,"name":"МВД РФ","subjectType":{"id":2,"name":"Паспортно-визовая служба (ПВС)","isProtected":true,"isUnchecked":false,"isDoc":true,"startDate":"2020-03-04","endDate":"2020-03-04"},"isProtected":false,"isUnchecked":false,"createDate":"2020-07-24","changeDate":"2020-05-22"},"changeUniversType":{"id":100,"name":"Смена гражданства","isPrimaryEvent":false,"isPrimaryEventMb":false,"isFictionEvent":false,"isQuestionEvent":false,"isCapacityCheckNeeded":false,"isDepartureFilter":false,"createDate":"2020-08-20","changeDate":"2020-08-20","isArriveFilter":false,"isDeprecated":null,"orderNum":null},"changeDateLabelName":"Дата события","isDefaultDeleteBasis":false,"primaryBasis":false,"orderNum":null,"isDefaultDeathZagsImport":false,"isCorrectionBasis":false,"isNameChangeFromZagsImport":false,"isBirthFromZagsImport":false,"isDefaultDepartureBasis":false,"isDeathFromZags":false,"fieldEnablingCapacity":null,"isDefaultArrivalBasisMilitary":false,"updateDate":null,"createDate":null,"fieldEnabling":{}},{"id":98,"name":"Убытие - заключение","isProtected":null,"changeBasisCode":-1,"changeTypeFountainInform":{"id":107,"name":"ФСИН","subjectType":{"id":7,"name":"Гражданские суды","isProtected":true,"isUnchecked":false,"isDoc":false,"startDate":"2020-03-04","endDate":"2020-03-04"},"isProtected":false,"isUnchecked":false,"createDate":"2020-08-14","changeDate":"2020-08-14"},"changeUniversType":{"id":6,"name":"Убытие","isPrimaryEvent":false,"isPrimaryEventMb":false,"isFictionEvent":false,"isQuestionEvent":false,"isCapacityCheckNeeded":false,"isDepartureFilter":true,"createDate":"2020-05-22","changeDate":"2020-05-22","isArriveFilter":false,"isDeprecated":null,"orderNum":15},"changeDateLabelName":"Дата убытия","isDefaultDeleteBasis":false,"primaryBasis":false,"orderNum":null,"isDefaultDeathZagsImport":false,"isCorrectionBasis":false,"isNameChangeFromZagsImport":false,"isBirthFromZagsImport":false,"isDefaultDepartureBasis":false,"isDeathFromZags":false,"fieldEnablingCapacity":null,"isDefaultArrivalBasisMilitary":false,"updateDate":null,"createDate":null,"fieldEnabling":{"departure":"prison"}},{"id":99,"name":"Убытие – ВС","isProtected":null,"changeBasisCode":10,"changeTypeFountainInform":{"id":104,"name":"Военкомат","subjectType":{"id":5,"name":"Министерство обороны (МИНОБ)","isProtected":true,"isUnchecked":false,"isDoc":true,"startDate":"2020-03-04","endDate":"2020-03-04"},"isProtected":false,"isUnchecked":false,"createDate":"2020-07-24","changeDate":"2020-07-24"},"changeUniversType":{"id":6,"name":"Убытие","isPrimaryEvent":false,"isPrimaryEventMb":false,"isFictionEvent":false,"isQuestionEvent":false,"isCapacityCheckNeeded":false,"isDepartureFilter":true,"createDate":"2020-05-22","changeDate":"2020-05-22","isArriveFilter":false,"isDeprecated":null,"orderNum":15},"changeDateLabelName":"Дата убытия","isDefaultDeleteBasis":false,"primaryBasis":false,"orderNum":null,"isDefaultDeathZagsImport":false,"isCorrectionBasis":false,"isNameChangeFromZagsImport":false,"isBirthFromZagsImport":false,"isDefaultDepartureBasis":false,"isDeathFromZags":false,"fieldEnablingCapacity":null,"isDefaultArrivalBasisMilitary":false,"updateDate":null,"createDate":null,"fieldEnabling":{"departure":"military"}},{"id":14,"name":"Убытие на учебу","isProtected":null,"changeBasisCode":17,"changeTypeFountainInform":{"id":101,"name":"МВД РФ","subjectType":{"id":2,"name":"Паспортно-визовая служба (ПВС)","isProtected":true,"isUnchecked":false,"isDoc":true,"startDate":"2020-03-04","endDate":"2020-03-04"},"isProtected":false,"isUnchecked":false,"createDate":"2020-07-24","changeDate":"2020-05-22"},"changeUniversType":{"id":6,"name":"Убытие","isPrimaryEvent":false,"isPrimaryEventMb":false,"isFictionEvent":false,"isQuestionEvent":false,"isCapacityCheckNeeded":false,"isDepartureFilter":true,"createDate":"2020-05-22","changeDate":"2020-05-22","isArriveFilter":false,"isDeprecated":null,"orderNum":15},"changeDateLabelName":"Дата события","isDefaultDeleteBasis":false,"primaryBasis":false,"orderNum":null,"isDefaultDeathZagsImport":false,"isCorrectionBasis":false,"isNameChangeFromZagsImport":false,"isBirthFromZagsImport":false,"isDefaultDepartureBasis":false,"isDeathFromZags":false,"fieldEnablingCapacity":null,"isDefaultArrivalBasisMilitary":false,"updateDate":null,"createDate":null,"fieldEnabling":{}},{"id":13,"name":"Убытие по договору на работы","isProtected":null,"changeBasisCode":15,"changeTypeFountainInform":{"id":101,"name":"МВД РФ","subjectType":{"id":2,"name":"Паспортно-визовая служба (ПВС)","isProtected":true,"isUnchecked":false,"isDoc":true,"startDate":"2020-03-04","endDate":"2020-03-04"},"isProtected":false,"isUnchecked":false,"createDate":"2020-07-24","changeDate":"2020-05-22"},"changeUniversType":{"id":6,"name":"Убытие","isPrimaryEvent":false,"isPrimaryEventMb":false,"isFictionEvent":false,"isQuestionEvent":false,"isCapacityCheckNeeded":false,"isDepartureFilter":true,"createDate":"2020-05-22","changeDate":"2020-05-22","isArriveFilter":false,"isDeprecated":null,"orderNum":15},"changeDateLabelName":"Дата события","isDefaultDeleteBasis":false,"primaryBasis":false,"orderNum":null,"isDefaultDeathZagsImport":false,"isCorrectionBasis":false,"isNameChangeFromZagsImport":false,"isBirthFromZagsImport":false,"isDefaultDepartureBasis":false,"isDeathFromZags":false,"fieldEnablingCapacity":null,"isDefaultArrivalBasisMilitary":false,"updateDate":null,"createDate":null,"fieldEnabling":{}},{"id":83,"name":"Удаление участника","isProtected":null,"changeBasisCode":-1,"changeTypeFountainInform":{"id":2,"name":"ЦИК","subjectType":{"id":1,"name":"Избирательные комиссии (ИК)","isProtected":true,"isUnchecked":false,"isDoc":false,"startDate":"2020-03-04","endDate":"2020-03-04"},"isProtected":false,"isUnchecked":false,"createDate":"2020-05-22","changeDate":"2020-05-22"},"changeUniversType":{"id":15,"name":"Удаление","isPrimaryEvent":false,"isPrimaryEventMb":false,"isFictionEvent":false,"isQuestionEvent":false,"isCapacityCheckNeeded":false,"isDepartureFilter":false,"createDate":"2020-05-27","changeDate":"2020-05-27","isArriveFilter":false,"isDeprecated":null,"orderNum":100},"changeDateLabelName":"Дата события","isDefaultDeleteBasis":true,"primaryBasis":false,"orderNum":null,"isDefaultDeathZagsImport":false,"isCorrectionBasis":false,"isNameChangeFromZagsImport":false,"isBirthFromZagsImport":false,"isDefaultDepartureBasis":false,"isDeathFromZags":false,"fieldEnablingCapacity":null,"isDefaultArrivalBasisMilitary":false,"updateDate":null,"createDate":null,"fieldEnabling":{"allEnabled":false}},{"id":105,"name":"Участник избирательного процесса","isProtected":null,"changeBasisCode":-1,"changeTypeFountainInform":{"id":109,"name":"ПАИП","subjectType":{"id":120,"name":"КСА ГАС Выборы","isProtected":true,"isUnchecked":false,"isDoc":false,"startDate":"2020-03-04","endDate":"2020-03-04"},"isProtected":false,"isUnchecked":false,"createDate":"2020-08-14","changeDate":"2020-08-14"},"changeUniversType":{"id":17,"name":"Проживание за пределами РФ","isPrimaryEvent":false,"isPrimaryEventMb":false,"isFictionEvent":false,"isQuestionEvent":false,"isCapacityCheckNeeded":false,"isDepartureFilter":false,"createDate":"2020-08-14","changeDate":"2020-08-14","isArriveFilter":false,"isDeprecated":null,"orderNum":null},"changeDateLabelName":"Дата события","isDefaultDeleteBasis":false,"primaryBasis":false,"orderNum":null,"isDefaultDeathZagsImport":false,"isCorrectionBasis":false,"isNameChangeFromZagsImport":false,"isBirthFromZagsImport":false,"isDefaultDepartureBasis":false,"isDeathFromZags":false,"fieldEnablingCapacity":null,"isDefaultArrivalBasisMilitary":false,"updateDate":null,"createDate":null,"fieldEnabling":{"allEnabled":true}},{"id":104,"name":"Участник избирательного процесса","isProtected":null,"changeBasisCode":-1,"changeTypeFountainInform":{"id":109,"name":"ПАИП","subjectType":{"id":120,"name":"КСА ГАС Выборы","isProtected":true,"isUnchecked":false,"isDoc":false,"startDate":"2020-03-04","endDate":"2020-03-04"},"isProtected":false,"isUnchecked":false,"createDate":"2020-08-14","changeDate":"2020-08-14"},"changeUniversType":{"id":16,"name":"Иностранный гражданин","isPrimaryEvent":false,"isPrimaryEventMb":false,"isFictionEvent":false,"isQuestionEvent":false,"isCapacityCheckNeeded":false,"isDepartureFilter":false,"createDate":"2020-08-14","changeDate":"2020-08-14","isArriveFilter":false,"isDeprecated":null,"orderNum":null},"changeDateLabelName":"Дата события","isDefaultDeleteBasis":false,"primaryBasis":false,"orderNum":null,"isDefaultDeathZagsImport":false,"isCorrectionBasis":false,"isNameChangeFromZagsImport":false,"isBirthFromZagsImport":false,"isDefaultDepartureBasis":false,"isDeathFromZags":false,"fieldEnablingCapacity":null,"isDefaultArrivalBasisMilitary":false,"updateDate":null,"createDate":null,"fieldEnabling":{"allEnabled":true}},{"id":106,"name":"Участник избирательного процесса","isProtected":null,"changeBasisCode":-1,"changeTypeFountainInform":{"id":110,"name":"ЕПГУ","subjectType":{"id":120,"name":"КСА ГАС Выборы","isProtected":true,"isUnchecked":false,"isDoc":false,"startDate":"2020-03-04","endDate":"2020-03-04"},"isProtected":false,"isUnchecked":false,"createDate":"2020-08-14","changeDate":"2020-08-14"},"changeUniversType":{"id":17,"name":"Проживание за пределами РФ","isPrimaryEvent":false,"isPrimaryEventMb":false,"isFictionEvent":false,"isQuestionEvent":false,"isCapacityCheckNeeded":false,"isDepartureFilter":false,"createDate":"2020-08-14","changeDate":"2020-08-14","isArriveFilter":false,"isDeprecated":null,"orderNum":null},"changeDateLabelName":"Дата события","isDefaultDeleteBasis":false,"primaryBasis":false,"orderNum":null,"isDefaultDeathZagsImport":false,"isCorrectionBasis":false,"isNameChangeFromZagsImport":false,"isBirthFromZagsImport":false,"isDefaultDepartureBasis":false,"isDeathFromZags":false,"fieldEnablingCapacity":null,"isDefaultArrivalBasisMilitary":false,"updateDate":null,"createDate":null,"fieldEnabling":{"allEnabled":true}},{"id":110,"name":"Учет ИНН","isProtected":null,"changeBasisCode":-1,"changeTypeFountainInform":{"id":112,"name":"ФНС","subjectType":{"id":120,"name":"КСА ГАС Выборы","isProtected":true,"isUnchecked":false,"isDoc":false,"startDate":"2020-03-04","endDate":"2020-03-04"},"isProtected":false,"isUnchecked":false,"createDate":"2020-08-14","changeDate":"2020-08-14"},"changeUniversType":{"id":19,"name":"Учет ИНН","isPrimaryEvent":false,"isPrimaryEventMb":false,"isFictionEvent":false,"isQuestionEvent":false,"isCapacityCheckNeeded":false,"isDepartureFilter":false,"createDate":"2020-08-14","changeDate":"2020-08-14","isArriveFilter":false,"isDeprecated":null,"orderNum":null},"changeDateLabelName":"Дата события","isDefaultDeleteBasis":false,"primaryBasis":false,"orderNum":null,"isDefaultDeathZagsImport":false,"isCorrectionBasis":false,"isNameChangeFromZagsImport":false,"isBirthFromZagsImport":false,"isDefaultDepartureBasis":false,"isDeathFromZags":false,"fieldEnablingCapacity":null,"isDefaultArrivalBasisMilitary":false,"updateDate":null,"createDate":null,"fieldEnabling":{"changeRequired":[{"error":"Поле ИНН обязательно для заполнения / изменения","fields":["inn"],"ruleType":"AllOfThem"}],"enable":["inn"]}},{"id":109,"name":"Учет СНИЛС","isProtected":null,"changeBasisCode":-1,"changeTypeFountainInform":{"id":111,"name":"ПФР","subjectType":{"id":120,"name":"КСА ГАС Выборы","isProtected":true,"isUnchecked":false,"isDoc":false,"startDate":"2020-03-04","endDate":"2020-03-04"},"isProtected":false,"isUnchecked":false,"createDate":"2020-08-14","changeDate":"2020-08-14"},"changeUniversType":{"id":20,"name":"Учет СНИЛС","isPrimaryEvent":false,"isPrimaryEventMb":false,"isFictionEvent":false,"isQuestionEvent":false,"isCapacityCheckNeeded":false,"isDepartureFilter":false,"createDate":"2020-08-14","changeDate":"2020-08-14","isArriveFilter":false,"isDeprecated":null,"orderNum":null},"changeDateLabelName":"Дата события","isDefaultDeleteBasis":false,"primaryBasis":false,"orderNum":null,"isDefaultDeathZagsImport":false,"isCorrectionBasis":false,"isNameChangeFromZagsImport":false,"isBirthFromZagsImport":false,"isDefaultDepartureBasis":false,"isDeathFromZags":false,"fieldEnablingCapacity":null,"isDefaultArrivalBasisMilitary":false,"updateDate":null,"createDate":null,"fieldEnabling":{"changeRequired":[{"error":"Поле СНИЛС обязательно для заполнения / изменения","fields":["snils"],"ruleType":"AllOfThem"}],"enable":["snils"]}}]}