[{"id":1,"name":"Выборы губернатора Рязанской области (ЦУ)","vrn":"262200052539733"},{"id":4,"name":"Единый день голосования 2020","vrn":"10000000"},{"id":8,"name":"Выборы губернатора Нижегородской области (ЦУ)","vrn":"10000004"},{"id":3,"name":"Дополнительные выборы депутатов Государственной Думы Федерального Собрания Российской Федерации седьмого созыва по 156 и 165 одномандатным избирательным округам  (Мобильный избиратель)","vrn":"100100088347824"},{"id":607,"name":"QR Выборы депутатов Совета депутатов Екимовского селького поселения третьего созыва","vrn":"332"},{"id":599,"name":"QR Выборы депутатов Рязанской областной Думы семнадцатого созыва (распределение мандатов)","vrn":"324"},{"id":613,"name":"Общерссийское голосование","vrn":"338"},{"id":500,"name":"Выборы Главы Варсковского сельского поселения","vrn":"225"},{"id":570,"name":"Выборы депутатов Листвянинского первого созыва","vrn":"295"},{"id":621,"name":"Референдум по альтернативному вопросу","vrn":"346"},{"id":617,"name":"Выборы депутатов Рязанской районной Думы двенадцатого созыва","vrn":"342"},{"id":635,"name":"Выборы депутатов Рязанской районной Думы одиннадцатого созыва (Пиун_сдача №1)","vrn":"373"},{"id":611,"name":"Референдум на 5 вопросов","vrn":"336"},{"id":604,"name":"Референдум по 7 вопросам","vrn":"329"},{"id":639,"name":"Референдум по 9 вопросам 1 бюллетень 1 протокол","vrn":"352"},{"id":605,"name":"Референдум по 8 вопросам","vrn":"330"},{"id":612,"name":"Референдум по 9 вопросам","vrn":"337"},{"id":603,"name":"Федеральный референдум по двум вопросам","vrn":"328"},{"id":638,"name":"Федеральный Референдум_10 вопросов","vrn":"354"},{"id":7,"name":"Единый день голосования 2023","vrn":"10000003"},{"id":6,"name":"Единый день голосования 2022","vrn":"10000002"},{"id":5,"name":"Единый день голосования 2021","vrn":"10000001"},{"id":66,"name":"Выборы Президента Российской Федерации (для ПРИУР)","vrn":"14"},{"id":585,"name":"Выборы депутатов Рязанской районной Думы девятого созыва (многомандатный, равное число мандатов)","vrn":"310"},{"id":587,"name":"Выборы Главы города N-ск N-ской области","vrn":"312"},{"id":581,"name":"Выборы губернатора Рязанской области (ЦУ)","vrn":"306"},{"id":67,"name":"Дополнительные выборы  депутатов      Государственной Думы Федерального Собрания Российской Федерации седьмого созыва по 156 и 165 одномандатным избирательным округам  (Мобильный избиратель)","vrn":"15"},{"id":631,"name":"Выборы депутатов Законодательным собрание Рязанской областной думы второго созыва","vrn":"364"},{"id":610,"name":"Выборы депутатов Законодательным собрание Рязанской областной думы второго созыва","vrn":"335"},{"id":619,"name":"Референдум по двум вопросам ","vrn":"344"},{"id":2,"name":"Единый день голосования 2019","vrn":"10000001"},{"id":71,"name":"Выборы губернатора Рязанской области (Мобильный избиратель)","vrn":"19"},{"id":69,"name":"Выборы депутатов Рязанской областной Думы восемнадцатого созыва","vrn":"17"},{"id":602,"name":"ПОВТОРНОЕ ГОЛОСОВАНИЕ губернатора Рязанской области (проверка ЦБ, ПОВТОРНОЕ голосование)","vrn":"327"},{"id":648,"name":"Выборы губернатора Рязанской области (Проверка ЦБ, ПЕРЕНЕСЕННОЕ голосование) ОСНОВНОЕ голосование","vrn":"355"},{"id":637,"name":"Выборы губернатора Рязанской области (проверка ЦБ, ПОВТОРНОЕ голосование) ОСНОВНЫЕ выборы","vrn":"360"},{"id":589,"name":"Выборы Президента Российской Федерации","vrn":"314"},{"id":632,"name":"Референдум по одному вопросу","vrn":"353"},{"id":614,"name":"Выборы депутатов Совета депутатов Вышетравинского селького поселения третьего созыва (многомандатный, с разным числом мандатов)","vrn":"339"},{"id":633,"name":"Выборы депутатов Совета депутатов Заокского селького поселения третьего созыва (одномандатный) тестирование синхронизации","vrn":"363"},{"id":618,"name":"Выборы депутатов Рязанской областной Думы четырнадцатого созыва (Распределение мандатов)","vrn":"343"},{"id":72,"name":"Выборы губернатора Рязанской области (Мобильный избиратель)","vrn":"20"},{"id":630,"name":"Выборы депутатов Советом депутатов Семеновского сельского поселения (4 схема) первого созыва (Пиун_сдача №2)","vrn":"369"},{"id":634,"name":"Выборы депутатов Совета депутатов Окского селького поселения третьего созыва","vrn":"372"},{"id":624,"name":"Выборы Главы Варсковского сельского поселения","vrn":"349"},{"id":609,"name":"Выборы Главы Дядьковского сельского поселения","vrn":"334"},{"id":626,"name":"Выборы депутатов Совета депутатов Варсковского поселения четвертого созыва","vrn":"362"},{"id":584,"name":"Выборы Главы Окского сельского поселения (2017)","vrn":"309"},{"id":608,"name":"Выборы Главы Высоковского сельского поселения (Пиун_сдача №3)","vrn":"333"},{"id":73,"name":"Выборы депутатов Рязанской областной Думы девятнадцатого созыва(ХодГол_Куликов_сдача)","vrn":"21"},{"id":70,"name":"Выборы губернатора Рязанской области","vrn":"18"},{"id":623,"name":"Выборы Главы Варсковского сельского поселения (против всех)","vrn":"348"},{"id":616,"name":"Референдум по проверке Татарстана","vrn":"341"},{"id":601,"name":"Выборы депутатов Рязанской областной Думы двадцатого созыва (Не совпадающая нарезка 410)","vrn":"326"},{"id":629,"name":"Повторные выборы, повторное голосование губернатора Рязанской области (Мобильный избиратель)","vrn":"358"},{"id":628,"name":"Повторные выборы губернатора Рязанской области (Мобильный избиратель)","vrn":"357"},{"id":627,"name":"Повторное голосование губернатора Рязанской области (Мобильный избиратель)","vrn":"356"},{"id":615,"name":"Референдум на всей территории Российской Федерации по одному вопросу","vrn":"340"},{"id":625,"name":"Повторное голосование  депутатов Совета депутатов Высоковского селького поселения третьего созыва (второй округ)","vrn":"350"},{"id":568,"name":"Выборы депутатов Совета депутатов Вышгородского селького поселения третьего созыва(Ход, досрочн.)","vrn":"293"},{"id":516,"name":"Референдум с двумя вопросами и двумя протоколами","vrn":"241"},{"id":606,"name":"Выборы Главы Варсковского сельского поселения","vrn":"331"},{"id":620,"name":"Референдум 2 вопроса 1 бюллетень 2 протокола","vrn":"345"},{"id":647,"name":"Доп выборы  депутатов Рязанской областной Думы тринадцатого созыва (RA62T015 Первый округ)","vrn":"361"},{"id":596,"name":"Выборы депутатов Совета депутатов Высоковского селького поселения третьего созыва","vrn":"321"},{"id":68,"name":"Дополнительные выборы  депутатов Государственной Думы Федерального Собрания Российской Федерации седьмого созыва по 157 округу","vrn":"16"},{"id":636,"name":"Выборы Президента Российской Федерации","vrn":"359"},{"id":74,"name":"Выборы Президента Российской Федерации (ПРИУР)","vrn":"22"},{"id":600,"name":"Повторное голосование Президента Российской Федерации","vrn":"325"},{"id":588,"name":"Выборы депутатов Рязанской областной Думы двенадцатого созыва (для тестирования) ","vrn":"313"},{"id":578,"name":"Выборы депутатов Рязанской районной Думы восьмого созыва","vrn":"303"},{"id":53,"name":"Выборы депутатов Рязанской областной Думы четвертого созыва","vrn":"1"},{"id":580,"name":"Выборы депутатов Рязанской областной Думы тринадцатого созыва","vrn":"305"},{"id":531,"name":"Выборы депутатов Рязанской областной Думы шестого созыва (3 сист, 410 (поим.часть ЕО- гр.районов), не совп, завер.МС)","vrn":"256"},{"id":503,"name":"Дополнительные выборы  депутатов Совета депутатов Турлатовского селького поселения второго созыва","vrn":"228"},{"id":492,"name":"Выборы депутатов Рязанской районной Думы шестого созыва","vrn":"217"},{"id":598,"name":"Выборы депутатов Государственной Думы Федерального Собрания Российской Федерации седьмого созыва","vrn":"323"},{"id":583,"name":"Дополнительные выборы  депутатов Государственной Думы Федерального Собрания Российской Федерации седьмого созыва","vrn":"308"},{"id":622,"name":"Выборы Главы Полянского сельского поселения","vrn":"347"},{"id":597,"name":"Выборы Губернатора Рязанской области (Списки для импорта в БД)","vrn":"322"},{"id":497,"name":"Выборы  депутатов","vrn":"222"},{"id":485,"name":"Выборы  депутатов","vrn":"210"},{"id":488,"name":"Выборы депутатов","vrn":"213"},{"id":493,"name":"Выборы депутатов Совета депутатов Варсковского поселения третьего созыва","vrn":"218"},{"id":646,"name":"Выборы депутатов Государственной Думы Федерального Собрания Российской Федерации восмого созыва (новая нарезка округов, тестовая кампания) ","vrn":"371"},{"id":582,"name":"Выборы губернатора Рязанской области","vrn":"307"},{"id":577,"name":"Выборы депутатов Законодательного собрания Рязанской областной думы первого созыва","vrn":"302"},{"id":562,"name":"Глава Муниципального образования - Рязанский муниципальный район (ПРАВО фп300-100)","vrn":"287"},{"id":569,"name":"Выборы Главы муниципального образования - Рыбновский район (орг. 62Т013 - - 62Т015)","vrn":"294"},{"id":575,"name":"Выборы депутатов Рязанской областной Думы седьмого созыва (3 сист, 301, завер.МС, ном.ОМО) (Синх, Победители)","vrn":"300"},{"id":595,"name":"Повторное голосование губернатора Рязанской области","vrn":"320"},{"id":586,"name":"Глава Муниципального образования - Рязанский муниципальный район ","vrn":"311"},{"id":645,"name":"Выборы депутатов Государственной Думы Федерального Собрания Российской Федерации седьмого созыва (тестовый режим)","vrn":"370"},{"id":579,"name":"Выборы губернатора Рязанской области (Ход голосования)","vrn":"304"},{"id":565,"name":"Выборы губернатора Рязанской области(ДСО)","vrn":"290"},{"id":592,"name":"Депутаты (сход)","vrn":"317"},{"id":593,"name":"Глава (из состава)","vrn":"318"},{"id":594,"name":"Депутаты (делегирование)","vrn":"319"},{"id":591,"name":"Глава (сход)","vrn":"316"},{"id":590,"name":"Глава (по конкурсу)","vrn":"315"},{"id":563,"name":"Референдум в Варсковском сельском поселении Рязанского муниципального района по инициативе органа власти по двум вопросам (один бюллетень, один протокол)","vrn":"288"},{"id":644,"name":"Референдум в Вышгородском сельском поселении Рязанского муниципального района по инициативе инициативной группы по двум вопросам (один бюллетень, два протокола)","vrn":"351"},{"id":576,"name":"Референдум в Рязанской области по инициативе от органа власти (2 вопроса, 1 бюллетень, 1 протокол)","vrn":"301"},{"id":574,"name":"Выборы депутатов Рязанской областной Думы десятого созыва (2 сист, общ.часть) (разделение пересылки)","vrn":"299"},{"id":498,"name":"Выборы депутатов Рязанской городской Думы первого созыва (3 сист, 301, совп, завер.МС) (разделение пересылки)","vrn":"223"},{"id":499,"name":"Выборы Главы города Рязани (разделение пересылки)","vrn":"224"},{"id":558,"name":"Выборы депутатов ГОСУДАРСТВЕННОЙ ДУМЫ ФС  РФ двадцать восьмого созыва (разделение пересылки)","vrn":"283"},{"id":567,"name":"Выборы Главы Вышгородского сельского поселения (разделение пересылки)","vrn":"292"},{"id":501,"name":"Выборы Президента Российской Федерации (разделение пересылки)","vrn":"226"},{"id":560,"name":"(КЭГ)Выборы Президента Российской Федерации","vrn":"285"},{"id":561,"name":"Выборы губернатора Рязанской области (для обучения)","vrn":"286"},{"id":494,"name":"Дополнительные выборы  депутатов Рязанской районной Думы пятого созыва","vrn":"219"},{"id":556,"name":"Отзыв должностного лица Главы Варсковского сельского поселения","vrn":"281"},{"id":559,"name":"Отзыв должностного лица Главы Вышгородского сельского поселения","vrn":"284"},{"id":557,"name":"Выборы депутатов Рязанской городской Думы третьего созыва (КСА ИКСРФ-62, 3 сист, 301, несовп, без завер. МС, № ОМО) (тестирование пересылки)","vrn":"282"},{"id":555,"name":"Выборы Главы Ровновского сельского поселения","vrn":"280"},{"id":430,"name":"Выборы Главы Вышгородского сельского поселения","vrn":"155"},{"id":572,"name":"(ДЕЛЕГ) Рязанская районная Дума седьмого созыва","vrn":"297"},{"id":571,"name":"Глава (из своего состава) Семеновского сельского поселения","vrn":"296"},{"id":491,"name":"Выборы депутатов Совета депутатов Полянского сельского округа третьего созыва (ДСО ИТОГИ)","vrn":"216"},{"id":564,"name":"Выборы депутатов Рязанской областной Думы девятого созыва","vrn":"289"},{"id":495,"name":"Дополнительные выборы (вторые)  депутатов Рязанской районной Думы пятого созыва","vrn":"220"},{"id":566,"name":"Избрание на сходе граждан Глава Тюшевского сельского поселения","vrn":"291"},{"id":573,"name":"Глава  (из совего состава) Турлатовского сельского поселения","vrn":"298"},{"id":553,"name":"Глава Заокского сельского поселения (свой остав)","vrn":"278"},{"id":554,"name":"Глава (из своего состава) Муниципального образования - Рязанский муниципальный район ","vrn":"279"},{"id":496,"name":"Выборы губернатора Рязанской области","vrn":"221"},{"id":502,"name":"Выборы депутатов Совета депутатов Турлатовского селького поселения третьего созыва","vrn":"227"},{"id":490,"name":"Выборы депутатов Рязанской областной Думы восьмого созыва","vrn":"215"},{"id":533,"name":"Выборы Президента Российской Федерации","vrn":"258"},{"id":489,"name":"Выборы губернатора Рязанской области","vrn":"214"},{"id":534,"name":"Выборы Президента Российской Федерации  (Кадры) ","vrn":"259"},{"id":65,"name":"Выборы Президента Российской Федерации","vrn":"13"},{"id":64,"name":"Выборы депутатов Государственной Думы Федерального Собрания Российской Федерации шестого созыва","vrn":"12"},{"id":428,"name":"Выборы Главы Варсковского сельского поселения","vrn":"153"},{"id":642,"name":"Выборы депутатов Государственной Думы Федерального Собрания Российской Федерации шестого созыва","vrn":"367"},{"id":527,"name":"Выборы Президента Российской Федерации (проверка задачи ДСО)","vrn":"252"},{"id":528,"name":"Выборы депутатов Рязанской районной Думы пятого созыва","vrn":"253"},{"id":529,"name":"Выборы депутатов ГОСУДАРСТВЕННОЙ ДУМЫ ФС  РФ двадцать пятого созыва (проверка задачи ДСО)","vrn":"254"},{"id":530,"name":"Выборы депутатов ГОСУДАРСТВЕННОЙ ДУМЫ ФС  РФ двадцать третьего созыва","vrn":"255"},{"id":532,"name":"Выборы депутатов ГОСУДАРСТВЕННОЙ ДУМЫ ФС  РФ двадцать шестого созыва (для МОРОЗОВОЙ А.В.)","vrn":"257"},{"id":59,"name":"Выборы депутатов Рязанской областной Думы пятого созыва","vrn":"7"},{"id":643,"name":"Выборы депутатов Совета депутатов Турлатовского селького поселения второго созыва","vrn":"368"},{"id":453,"name":"Дополнительные выборы депутата Совета депутатов Заборьевского сельского поселения второго созыва","vrn":"178"},{"id":552,"name":"Выборы депутатов Совета депутатов Семеновского сельского округа второго созыва","vrn":"277"},{"id":426,"name":"Выборы депутатов Совета депутатов Кораблинского сельского округа второго созыва","vrn":"151"},{"id":427,"name":"Выборы Главы Мурминского городского поселения","vrn":"152"},{"id":429,"name":"Выборы Главы Высоковского сельского поселения","vrn":"154"},{"id":431,"name":"Выборы Главы Вышетравинского сельского поселения","vrn":"156"},{"id":432,"name":"Выборы Главы Дубровического сельского поселения","vrn":"157"},{"id":433,"name":"Выборы Главы Дядьковского сельского поселения","vrn":"158"},{"id":471,"name":"Выборы Главы Екимовского сельского поселения","vrn":"196"},{"id":472,"name":"Выборы Главы Заборьевского сельского поселения","vrn":"197"},{"id":473,"name":"Выборы Главы Заокского сельского поселения","vrn":"198"},{"id":474,"name":"Выборы Главы Листвянского сельского поселения","vrn":"199"},{"id":475,"name":"Выборы Главы Льговского сельского поселения","vrn":"200"},{"id":476,"name":"Выборы Главы Окского сельского поселения","vrn":"201"},{"id":477,"name":"Выборы Главы Подвязьевского сельского поселения","vrn":"202"},{"id":478,"name":"Выборы Главы Полянского сельского поселения","vrn":"203"},{"id":479,"name":"Выборы Главы Искровского сельского поселения","vrn":"204"},{"id":480,"name":"Выборы Главы Ровновского сельского поселения","vrn":"205"},{"id":481,"name":"Выборы Главы Турлатовского сельского поселения","vrn":"206"},{"id":482,"name":"Выборы Главы Тюшевского сельского поселения","vrn":"207"},{"id":483,"name":"Выборы Главы Семеновского сельского поселения","vrn":"208"},{"id":484,"name":"Выборы Главы Кораблинского сельского поселения","vrn":"209"},{"id":526,"name":"Выборы депутатов Совета депутатов Мурминского городского поселения второго созыва","vrn":"251"},{"id":535,"name":"Выборы депутатов Совета депутатов Варсковского поселения второго созыва","vrn":"260"},{"id":536,"name":"Выборы депутатов Совета депутатов Высоковского селького поселения второго созыва","vrn":"261"},{"id":537,"name":"Выборы депутатов Совета депутатов Вышгородского селького поселения второго созыва","vrn":"262"},{"id":538,"name":"Выборы депутатов Совета депутатов Вышетравинского селького поселения второго созыва","vrn":"263"},{"id":539,"name":"Выборы депутатов Совета депутатов Дубровического селького поселения второго созыва","vrn":"264"},{"id":540,"name":"Выборы депутатов Совета депутатов Дядьковского селького поселения второго созыва","vrn":"265"},{"id":541,"name":"Выборы депутатов Совета депутатов Екимовского селького поселения второго созыва","vrn":"266"},{"id":542,"name":"Выборы депутатов Совета депутатов Заборьевского селького поселения второго созыва","vrn":"267"},{"id":543,"name":"Выборы депутатов Совета депутатов Заокского селького поселения второго созыва","vrn":"268"},{"id":544,"name":"Выборы депутатов Совета депутатов Листвянского селького поселения второго созыва","vrn":"269"},{"id":545,"name":"Выборы депутатов Совета депутатов Льговского селького поселения второго созыва","vrn":"270"},{"id":546,"name":"Выборы депутатов Совета депутатов Окского селького поселения второго созыва","vrn":"271"},{"id":547,"name":"Выборы депутатов Совета депутатов Подвязьевского селького поселения второго созыва","vrn":"272"},{"id":548,"name":"Выборы депутатов Совета депутатов Полянского сельского округа второго созыва","vrn":"273"},{"id":549,"name":"Выборы депутатов Совета депутатов Искровского селького поселения второго созыва","vrn":"274"},{"id":550,"name":"Выборы депутатов Совета депутатов Ровновского селького поселения второго созыва","vrn":"275"},{"id":551,"name":"Выборы депутатов Совета депутатов Тюшевского селького поселения второго созыва","vrn":"276"},{"id":57,"name":"Выборы главы муниципального образования - Котелинское сельское поселение Кадомского муниципального района","vrn":"5"},{"id":55,"name":"Выборы главы муниципального образования - Енкаевское сельское поселение Кадомского муниципального района","vrn":"3"},{"id":58,"name":"Выборы главы муниципального образования - Восходское сельское поселение Кадомского муниципального района","vrn":"6"},{"id":60,"name":"Выборы депутатов Совета депутатов Рыбновского городского поселения второго созыва","vrn":"8"},{"id":56,"name":"Выборы главы муниципального образования - Кущапинское сельское поселение Кадомского муниципального района","vrn":"4"},{"id":61,"name":"Выборы депутатов Совета депутатов Селецкого сельского поселения второго созыва","vrn":"9"},{"id":54,"name":"Выборы главы муниципального образования - Кадомское городское поселение Кадомского муниципального района","vrn":"2"},{"id":525,"name":"Выборы депутатов Рязанской районной Думы четвертого созыва","vrn":"250"},{"id":63,"name":"Выборы Президента Российской Федерации","vrn":"11"},{"id":62,"name":"Выборы депутатов Государственной Думы Федерального Собрания Российской Федерации пятого созыва","vrn":"10"},{"id":524,"name":"[Код: 2101] Дополнительные выборы (первые) Выборы депутатов Рязанской районной Думы третьего созыва","vrn":"249"},{"id":523,"name":"Основные повторные выборы (первые) по выборам Главы Подвязьевского сельского поселения","vrn":"248"},{"id":510,"name":"Выборы депутатов Совета депутатов Заборьевского селького поселения первого созыва","vrn":"235"},{"id":509,"name":"Выборы депутатов Совета депутатов Екимовского селького поселения первого созыва","vrn":"234"},{"id":508,"name":"Выборы депутатов Совета депутатов Дядьковского селького поселения первого созыва","vrn":"233"},{"id":507,"name":"Выборы депутатов Совета депутатов Дубровического селького поселения первого созыва","vrn":"232"},{"id":505,"name":"Выборы депутатов Совета депутатов Высоковского селького поселения первого созыва","vrn":"230"},{"id":504,"name":"Выборы депутатов Совета депутатов Варсковского поселения первого созыва","vrn":"229"},{"id":487,"name":"Выборы депутатов Совета депутатов Мурминского городского поселения первого созыва","vrn":"212"},{"id":486,"name":"Выборы депутатов Совета депутатов Полянского сельского округа первого созыва","vrn":"211"},{"id":468,"name":"Основные выборы, повторное голосование по выборам Главы Семеновского сельского поселения","vrn":"193"},{"id":467,"name":"Основные выборы, повторное голосование по выборам Главы Полянского сельского поселения","vrn":"192"},{"id":466,"name":"Основные выборы, повторное голосование по выборам Главы Листвянского сельского поселения","vrn":"191"},{"id":465,"name":"Основные выборы, повторное голосование по выборам Главы Кораблинского сельского поселения","vrn":"190"},{"id":464,"name":"Основные выборы, повторное голосование по выборам Главы Заокского сельского поселения","vrn":"189"},{"id":462,"name":"Основные выборы, повторное голосование по выборам Главы Екимовского сельского поселения","vrn":"187"},{"id":461,"name":"Основные выборы, повторное голосование по выборам Главы Дядьковского сельского поселения","vrn":"186"},{"id":460,"name":"Основные выборы, повторное голосование по выборам Главы Вышгородского сельского поселения","vrn":"185"},{"id":459,"name":"Основные выборы, повторное голосование по выборам Главы Высоковского сельского поселения","vrn":"184"},{"id":456,"name":"Выборы депутатов Рязанской районной Думы третьего созыва","vrn":"181"},{"id":452,"name":"Выборы Главы Тюшевского сельского поселения","vrn":"177"},{"id":451,"name":"Выборы Главы Турлатовского сельского поселения","vrn":"176"},{"id":450,"name":"Выборы Главы Ровновского сельского поселения","vrn":"175"},{"id":449,"name":"Выборы Главы Искровского сельского поселения","vrn":"174"},{"id":448,"name":"Выборы Главы Подвязьевского сельского поселения","vrn":"173"},{"id":447,"name":"Выборы Главы Окского сельского поселения","vrn":"172"},{"id":446,"name":"Выборы Главы Льговского сельского поселения","vrn":"171"},{"id":445,"name":"Выборы Главы Листвянского сельского поселения","vrn":"170"},{"id":444,"name":"Выборы Главы Заокского сельского поселения","vrn":"169"},{"id":443,"name":"Выборы Главы Заборьевского сельского поселения","vrn":"168"},{"id":442,"name":"Выборы Главы Екимовского сельского поселения","vrn":"167"},{"id":441,"name":"Выборы Главы Дядьковского сельского поселения","vrn":"166"},{"id":440,"name":"Выборы Главы Дубровического сельского поселения","vrn":"165"},{"id":439,"name":"Выборы Главы Вышетравинского сельского поселения","vrn":"164"},{"id":438,"name":"Выборы Главы Вышгородского сельского поселения","vrn":"163"},{"id":437,"name":"Выборы Главы Высоковского сельского поселения","vrn":"162"},{"id":436,"name":"Выборы Главы Варсковского сельского поселения","vrn":"161"},{"id":435,"name":"Выборы Главы Мурминского городского поселения","vrn":"160"},{"id":434,"name":"Выборы Главы Полянского сельского поселения","vrn":"159"},{"id":640,"name":"Выборы депутатов Совета депутатов Льговского селького поселения первого созыва","vrn":"365"},{"id":641,"name":"Выборы депутатов Совета депутатов Вышетравинского селького поселения первого созыва","vrn":"366"},{"id":522,"name":"Выборы депутатов Совета депутатов Семеновского сельского округа первого созыва","vrn":"247"},{"id":521,"name":"Выборы Главы Семеновского сельского поселения","vrn":"246"},{"id":520,"name":"Выборы депутатов Совета депутатов Кораблинского сельского округа первого созыва","vrn":"245"},{"id":519,"name":"Выборы Главы Кораблинского сельского поселения","vrn":"244"},{"id":518,"name":"Выборы депутатов Совета депутатов Ровновского селького поселения первого созыва","vrn":"243"},{"id":517,"name":"Выборы депутатов Совета депутатов Турлатовского селького поселения первого созыва","vrn":"242"},{"id":515,"name":"Выборы депутатов Совета депутатов Искровского селького поселения первого созыва","vrn":"240"},{"id":514,"name":"Выборы депутатов Совета депутатов Подвязьевского селького поселения первого созыва","vrn":"239"},{"id":513,"name":"Выборы депутатов Совета депутатов Окского селького поселения первого созыва","vrn":"238"},{"id":512,"name":"Выборы депутатов Совета депутатов Листвянского селького поселения первого созыва","vrn":"237"},{"id":511,"name":"Выборы депутатов Совета депутатов Заокского селького поселения первого созыва","vrn":"236"},{"id":458,"name":"Основные выборы, повторное голосование по выборам губернатора Рязанской области","vrn":"183"},{"id":455,"name":"Выборы губернатора Рязанской области","vrn":"180"},{"id":457,"name":"Выборы Президента Российской Федерации","vrn":"182"},{"id":506,"name":"Выборы депутатов Совета депутатов Вышгородского селького поселения первого созыва","vrn":"231"},{"id":463,"name":"Основные выборы, повторное голосование по выборам Главы Заборьевского сельского поселения","vrn":"188"},{"id":454,"name":"Выборы депутатов Государственной Думы Федерального Собрания Российской Федерации четвертого созыва","vrn":"179"},{"id":470,"name":"Дополнительные выборы в Рязанскую районную Думу второго созыва, Дополнительные выборы по округу №16","vrn":"195"},{"id":469,"name":"Выборы главы муниципального образования - Рязанский район Рязанская область","vrn":"194"}]