{"total":40155,"content":[{"isActual":false,"id":1525674,"sysId":4390883,"changeLogId":2396665,"versionDate":"2020-11-08","lastName":"Ааа","firstName":"Ббб","middleName":"Ввв","birthDay":"2002-11-01","isBirthdayYearOnly":null,"gender":{"id":1,"name":"Мужской"},"capacity":{"id":1,"name":"дееспособен","isDefault":true,"isTrueCapacity":true},"sysAddressId":null,"birthAddress":{"id":973533,"beginDate":null,"endDate":null,"name":"Александровский сельсовет","addressLevel":{"id":11,"name":"Сельское образование (с/с)","startDate":null,"endDate":null,"isProtected":false,"isRoot":false,"addressLevelHierarchList":[]},"writingType":null,"posInAddressName":null,"fullName":"Страна: Россия, Субъект Федерации: Алтайский, Район: Алейский, Сельское образование (с/с): Александровский","isProtected":true,"isUnchecked":false,"isDefaultCountry":false,"isBomzh":false},"country":{"id":643,"name":"Россия","isDefault":true},"snils":"07397836219","inn":"346089256484","electorDoc":{"isActual":false,"id":1814175,"sysElectorId":4390883,"electorDocType":{"id":9,"name":"Паспорт гражданина РФ","isPrimary":true,"shortName":"Паспорт РФ","templateSeries":"99 99","templateNumber":"999999","docCode":"","sortOrder":222,"isDefault":true},"electDocSeries":"0000","electDocNumber":"001101","issueDate":"2020-11-03","issueSubject":{"id":15015,"globalId":112233,"parentId":86018,"name":"ГУВД САНКТ-ПЕТЕРБУРГА И ЛЕНИНГРАДСКОЙ ОБЛ.","code":null,"subjectLevel":{"id":49,"name":"Паспортные столы ОВД","startDate":null,"endDate":null,"isProtected":true,"isUnchecked":false,"isActive":true,"subjectType":{"id":2,"name":"Паспортно-визовая служба (ПВС)","isProtected":true,"isUnchecked":false,"isDoc":true,"startDate":"2020-03-04","endDate":"2020-03-04"},"parent":{"id":47,"name":"МВД","startDate":null,"endDate":null,"isProtected":true,"isUnchecked":false,"isActive":true,"subjectType":{"id":2,"name":"Паспортно-визовая служба (ПВС)","isProtected":true,"isUnchecked":false,"isDoc":true,"startDate":"2020-03-04","endDate":"2020-03-04"},"parent":null}},"municipalType":null,"electionLevel":null,"subjectType":{"id":2,"name":"Паспортно-визовая служба (ПВС)","isProtected":true,"isUnchecked":false,"isDoc":true,"startDate":"2020-03-04","endDate":"2020-03-04"},"rfId":null,"startDate":null,"endDate":null,"isActual":true,"isUnchecked":true,"isProtected":false,"fullName":"ГУВД Субъекта РФ: Паспортно-визовая служба (ПВС) ГУВД г. Санкт-Петербурга, Паспортные столы ОВД: Паспортно-визовая служба (ПВС) ГУВД САНКТ-ПЕТЕРБУРГА И ЛЕНИНГРАДСКОЙ ОБЛ."}},"electorResidence":{"id":1882887,"sysElectorId":4390883,"livingAddress":{"id":973517,"beginDate":null,"endDate":null,"name":"Алейский сельсовет","addressLevel":{"id":11,"name":"Сельское образование (с/с)","startDate":null,"endDate":null,"isProtected":false,"isRoot":false,"addressLevelHierarchList":[]},"writingType":null,"posInAddressName":null,"fullName":"Страна: Россия, Субъект Федерации: Алтайский, Район: Алейский, Сельское образование (с/с): Алейский","isProtected":false,"isUnchecked":false,"isDefaultCountry":false,"isBomzh":false},"residenceExpirationDate":null,"arrivalAddress":null,"departureAddress":null,"tempStartDate":null,"tempEndDate":null,"residenceType":null,"residenceKind":{"id":1,"name":"Постоянная","isNeedFillRegistrationEnd":false},"isActual":false,"arrivePreferedDate":null,"isCreateArriveNeeded":false,"tempDocNumber":null},"sysSubjectId":null,"hasActiveVersion":null,"versionsCount":null,"zagsInfo":null,"createDate":"2020-11-08","changeDate":"2020-11-06","basisChange":{"id":94,"name":"Запись акта о перемене ФИО","isProtected":null,"changeBasisCode":5,"changeTypeFountainInform":{"id":108,"name":"ЕГРН ЗАГС. Перемена ФИО","subjectType":{"id":3,"name":"Органы ЗАГС","isProtected":true,"isUnchecked":false,"isDoc":true,"startDate":"2020-03-04","endDate":"2020-03-04"},"isProtected":false,"isUnchecked":false,"createDate":"2020-08-14","changeDate":"2020-08-14"},"changeUniversType":{"id":4,"name":"Перемена ФИО, даты (места) рождения, пола","isPrimaryEvent":false,"isPrimaryEventMb":false,"isFictionEvent":false,"isQuestionEvent":false,"isCapacityCheckNeeded":false,"isDepartureFilter":false,"createDate":"2020-05-22","changeDate":"2020-05-22","isArriveFilter":false,"isDeprecated":null,"orderNum":13},"changeDateLabelName":"Дата события","isDefaultDeleteBasis":false,"primaryBasis":false,"orderNum":null,"isDefaultDeathZagsImport":false,"isCorrectionBasis":false,"isNameChangeFromZagsImport":false,"isBirthFromZagsImport":false,"isDefaultDepartureBasis":false,"isDeathFromZags":false,"fieldEnablingCapacity":null,"isDefaultArrivalBasisMilitary":false,"updateDate":null,"createDate":null,"fieldEnabling":{"changeRequired":[{"error":"Одно из полей: фамилия, имя, отчетство, дата рождения, пол или место рождения обязательны для изменения","fields":["firstName","middleName","lastName","birthDay","gender","birthAddress"],"ruleType":"OneOfThem"}],"enable":["firstName","middleName","lastName","birthDay","gender","birthAddress","electorDoc.electorDocType","electDocSeriesAndNumber","electorDoc.issueDate","electorDoc.issueSubject"],"ifChanged":[{"changedField":"electorDoc.electDocSeries","changeRequired":[{"error":"При изменении паспортных данных, необходимо поменять серию и/или номер, и дату выдачи документа","fields":["electDocSeriesAndNumber","electorDoc.issueDate"],"ruleType":"AllOfThem"}]},{"changedField":"electorDoc.electDocNumber","changeRequired":[{"error":"При изменении паспортных данных, необходимо поменять серию и/или номер, и дату выдачи документа","fields":["electDocSeriesAndNumber","electorDoc.issueDate"],"ruleType":"AllOfThem"}]},{"changedField":"electorDoc.issueDate","changeRequired":[{"error":"При изменении паспортных данных, необходимо поменять серию и/или номер, и дату выдачи документа","fields":["electDocSeriesAndNumber","electorDoc.issueDate"],"ruleType":"AllOfThem"}]},{"changedField":"electorDoc.electorDocType","changeRequired":[{"error":"При изменении паспортных данных, необходимо поменять серию и/или номер, и дату выдачи документа","fields":["electDocSeriesAndNumber","electorDoc.issueDate"],"ruleType":"AllOfThem"}]}]}},"universeChange":{"id":4,"name":"Перемена ФИО, даты (места) рождения, пола","isPrimaryEvent":false,"isPrimaryEventMb":false,"isFictionEvent":false,"isQuestionEvent":false,"isCapacityCheckNeeded":false,"isDepartureFilter":false,"createDate":"2020-05-22","changeDate":"2020-05-22","isArriveFilter":false,"isDeprecated":null,"orderNum":13},"attrAdditionalEducation":null,"commerce":null,"disability":null,"education":null,"entity":null,"liability":null,"money":null,"otherCitizen":null,"otherStock":null,"penalties":null,"phoneEmail":null,"photo":null,"sourceRevenue":null,"status":{"id":"inactive","name":"Неактуален"},"editable":false,"isApproved":true,"capacityActualDate":"2002-11-01","canBeDeletedByUser":null,"electorKindList":[{"id":4,"name":"депутат"}]},{"isActual":true,"id":299674,"sysId":3375890,"changeLogId":460966,"versionDate":"2000-01-01","lastName":"Абаев","firstName":"Александр","middleName":"Юрьевич","birthDay":"1992-01-31","isBirthdayYearOnly":false,"gender":{"id":1,"name":"Мужской"},"capacity":{"id":1,"name":"дееспособен","isDefault":true,"isTrueCapacity":true},"sysAddressId":null,"birthAddress":{"id":1,"beginDate":null,"endDate":null,"name":"Россия","addressLevel":{"id":71,"name":"Страна","startDate":null,"endDate":null,"isProtected":true,"isRoot":true,"addressLevelHierarchList":[]},"writingType":null,"posInAddressName":null,"fullName":"Страна: Россия","isProtected":true,"isUnchecked":false,"isDefaultCountry":true,"isBomzh":false},"country":{"id":643,"name":"Россия","isDefault":true},"snils":null,"inn":null,"electorDoc":{"isActual":true,"id":1370804,"sysElectorId":3375890,"electorDocType":{"id":9,"name":"Паспорт гражданина РФ","isPrimary":true,"shortName":"Паспорт РФ","templateSeries":"99 99","templateNumber":"999999","docCode":"","sortOrder":222,"isDefault":true},"electDocSeries":"0001","electDocNumber":"028957","issueDate":"2013-04-19","issueSubject":{"id":9,"globalId":86014,"parentId":null,"name":"ФМС РФ","code":null,"subjectLevel":{"id":49,"name":"Паспортные столы ОВД","startDate":null,"endDate":null,"isProtected":true,"isUnchecked":false,"isActive":true,"subjectType":{"id":2,"name":"Паспортно-визовая служба (ПВС)","isProtected":true,"isUnchecked":false,"isDoc":true,"startDate":"2020-03-04","endDate":"2020-03-04"},"parent":{"id":47,"name":"МВД","startDate":null,"endDate":null,"isProtected":true,"isUnchecked":false,"isActive":true,"subjectType":{"id":2,"name":"Паспортно-визовая служба (ПВС)","isProtected":true,"isUnchecked":false,"isDoc":true,"startDate":"2020-03-04","endDate":"2020-03-04"},"parent":null}},"municipalType":null,"electionLevel":null,"subjectType":{"id":9,"name":"Федеральная миграционная служба (ФМС)","isProtected":true,"isUnchecked":false,"isDoc":true,"startDate":"2020-03-04","endDate":"2020-03-04"},"rfId":null,"startDate":null,"endDate":null,"isActual":true,"isUnchecked":false,"isProtected":false,"fullName":"Паспортные столы ОВД: Федеральная миграционная служба (ФМС) ФМС РФ"}},"electorResidence":{"id":1796260,"sysElectorId":3375890,"livingAddress":{"id":1213354,"beginDate":null,"endDate":null,"name":"54 в/ч 20189","addressLevel":{"id":18,"name":"Дом","startDate":null,"endDate":null,"isProtected":false,"isRoot":false,"addressLevelHierarchList":[]},"writingType":null,"posInAddressName":null,"fullName":"Страна: Россия, Субъект Федерации: Рязанская, Район: Рыбновский, Город: Город Рыбное, Улица: Большая, Дом: 54 в/ч 20189","isProtected":false,"isUnchecked":false,"isDefaultCountry":false,"isBomzh":false},"residenceExpirationDate":null,"arrivalAddress":{"id":1,"beginDate":null,"endDate":null,"name":"Россия","addressLevel":{"id":71,"name":"Страна","startDate":null,"endDate":null,"isProtected":true,"isRoot":true,"addressLevelHierarchList":[]},"writingType":null,"posInAddressName":null,"fullName":"Страна: Россия","isProtected":true,"isUnchecked":false,"isDefaultCountry":true,"isBomzh":false},"departureAddress":null,"tempStartDate":null,"tempEndDate":null,"residenceType":null,"residenceKind":{"id":1,"name":"Постоянная","isNeedFillRegistrationEnd":false},"isActual":true,"arrivePreferedDate":null,"isCreateArriveNeeded":false,"tempDocNumber":null},"sysSubjectId":null,"hasActiveVersion":null,"versionsCount":null,"zagsInfo":null,"createDate":"2000-01-01","changeDate":null,"basisChange":{"id":1,"name":"Актуальный срез","isProtected":null,"changeBasisCode":-1,"changeTypeFountainInform":{"id":2,"name":"ЦИК","subjectType":{"id":1,"name":"Избирательные комиссии (ИК)","isProtected":true,"isUnchecked":false,"isDoc":false,"startDate":"2020-03-04","endDate":"2020-03-04"},"isProtected":false,"isUnchecked":false,"createDate":"2020-05-22","changeDate":"2020-05-22"},"changeUniversType":{"id":0,"name":"Актуальный срез","isPrimaryEvent":true,"isPrimaryEventMb":true,"isFictionEvent":false,"isQuestionEvent":false,"isCapacityCheckNeeded":false,"isDepartureFilter":false,"createDate":"2020-05-22","changeDate":"2020-05-22","isArriveFilter":false,"isDeprecated":null,"orderNum":10},"changeDateLabelName":"Дата события","isDefaultDeleteBasis":false,"primaryBasis":false,"orderNum":null,"isDefaultDeathZagsImport":false,"isCorrectionBasis":false,"isNameChangeFromZagsImport":false,"isBirthFromZagsImport":false,"isDefaultDepartureBasis":false,"isDeathFromZags":false,"fieldEnablingCapacity":null,"isDefaultArrivalBasisMilitary":false,"updateDate":null,"createDate":null,"fieldEnabling":{"allEnabled":false}},"universeChange":{"id":0,"name":"Актуальный срез","isPrimaryEvent":true,"isPrimaryEventMb":true,"isFictionEvent":false,"isQuestionEvent":false,"isCapacityCheckNeeded":false,"isDepartureFilter":false,"createDate":"2020-05-22","changeDate":"2020-05-22","isArriveFilter":false,"isDeprecated":null,"orderNum":10},"attrAdditionalEducation":null,"commerce":null,"disability":null,"education":null,"entity":null,"liability":null,"money":null,"otherCitizen":null,"otherStock":null,"penalties":null,"phoneEmail":null,"photo":null,"sourceRevenue":null,"status":{"id":"active","name":"Актуален"},"editable":true,"isApproved":true,"capacityActualDate":"1992-01-31","canBeDeletedByUser":null,"electorKindList":[{"id":1,"name":"избиратель"}]},{"isActual":true,"id":291951,"sysId":3369593,"changeLogId":449756,"versionDate":"2000-01-01","lastName":"Абаев","firstName":"Андрей","middleName":"Салимович","birthDay":"1990-10-29","isBirthdayYearOnly":false,"gender":{"id":1,"name":"Мужской"},"capacity":{"id":1,"name":"дееспособен","isDefault":true,"isTrueCapacity":true},"sysAddressId":null,"birthAddress":{"id":1,"beginDate":null,"endDate":null,"name":"Россия","addressLevel":{"id":71,"name":"Страна","startDate":null,"endDate":null,"isProtected":true,"isRoot":true,"addressLevelHierarchList":[]},"writingType":null,"posInAddressName":null,"fullName":"Страна: Россия","isProtected":true,"isUnchecked":false,"isDefaultCountry":true,"isBomzh":false},"country":{"id":643,"name":"Россия","isDefault":true},"snils":null,"inn":null,"electorDoc":{"isActual":true,"id":1368173,"sysElectorId":3369593,"electorDocType":{"id":9,"name":"Паспорт гражданина РФ","isPrimary":true,"shortName":"Паспорт РФ","templateSeries":"99 99","templateNumber":"999999","docCode":"","sortOrder":222,"isDefault":true},"electDocSeries":"0001","electDocNumber":"007924","issueDate":"2012-03-20","issueSubject":{"id":9,"globalId":86014,"parentId":null,"name":"ФМС РФ","code":null,"subjectLevel":{"id":49,"name":"Паспортные столы ОВД","startDate":null,"endDate":null,"isProtected":true,"isUnchecked":false,"isActive":true,"subjectType":{"id":2,"name":"Паспортно-визовая служба (ПВС)","isProtected":true,"isUnchecked":false,"isDoc":true,"startDate":"2020-03-04","endDate":"2020-03-04"},"parent":{"id":47,"name":"МВД","startDate":null,"endDate":null,"isProtected":true,"isUnchecked":false,"isActive":true,"subjectType":{"id":2,"name":"Паспортно-визовая служба (ПВС)","isProtected":true,"isUnchecked":false,"isDoc":true,"startDate":"2020-03-04","endDate":"2020-03-04"},"parent":null}},"municipalType":null,"electionLevel":null,"subjectType":{"id":9,"name":"Федеральная миграционная служба (ФМС)","isProtected":true,"isUnchecked":false,"isDoc":true,"startDate":"2020-03-04","endDate":"2020-03-04"},"rfId":null,"startDate":null,"endDate":null,"isActual":true,"isUnchecked":false,"isProtected":false,"fullName":"Паспортные столы ОВД: Федеральная миграционная служба (ФМС) ФМС РФ"}},"electorResidence":{"id":1794490,"sysElectorId":3369593,"livingAddress":{"id":1197945,"beginDate":null,"endDate":null,"name":"57","addressLevel":{"id":17,"name":"Квартира","startDate":null,"endDate":null,"isProtected":false,"isRoot":false,"addressLevelHierarchList":[]},"writingType":null,"posInAddressName":null,"fullName":"Страна: Россия, Субъект Федерации: Рязанская, Район: Рыбновский, Населенный пункт: Баграмово, Дом: 11, Квартира: 57","isProtected":false,"isUnchecked":false,"isDefaultCountry":false,"isBomzh":false},"residenceExpirationDate":null,"arrivalAddress":{"id":1,"beginDate":null,"endDate":null,"name":"Россия","addressLevel":{"id":71,"name":"Страна","startDate":null,"endDate":null,"isProtected":true,"isRoot":true,"addressLevelHierarchList":[]},"writingType":null,"posInAddressName":null,"fullName":"Страна: Россия","isProtected":true,"isUnchecked":false,"isDefaultCountry":true,"isBomzh":false},"departureAddress":null,"tempStartDate":null,"tempEndDate":null,"residenceType":null,"residenceKind":{"id":1,"name":"Постоянная","isNeedFillRegistrationEnd":false},"isActual":true,"arrivePreferedDate":null,"isCreateArriveNeeded":false,"tempDocNumber":null},"sysSubjectId":null,"hasActiveVersion":null,"versionsCount":null,"zagsInfo":null,"createDate":"2000-01-01","changeDate":null,"basisChange":{"id":1,"name":"Актуальный срез","isProtected":null,"changeBasisCode":-1,"changeTypeFountainInform":{"id":2,"name":"ЦИК","subjectType":{"id":1,"name":"Избирательные комиссии (ИК)","isProtected":true,"isUnchecked":false,"isDoc":false,"startDate":"2020-03-04","endDate":"2020-03-04"},"isProtected":false,"isUnchecked":false,"createDate":"2020-05-22","changeDate":"2020-05-22"},"changeUniversType":{"id":0,"name":"Актуальный срез","isPrimaryEvent":true,"isPrimaryEventMb":true,"isFictionEvent":false,"isQuestionEvent":false,"isCapacityCheckNeeded":false,"isDepartureFilter":false,"createDate":"2020-05-22","changeDate":"2020-05-22","isArriveFilter":false,"isDeprecated":null,"orderNum":10},"changeDateLabelName":"Дата события","isDefaultDeleteBasis":false,"primaryBasis":false,"orderNum":null,"isDefaultDeathZagsImport":false,"isCorrectionBasis":false,"isNameChangeFromZagsImport":false,"isBirthFromZagsImport":false,"isDefaultDepartureBasis":false,"isDeathFromZags":false,"fieldEnablingCapacity":null,"isDefaultArrivalBasisMilitary":false,"updateDate":null,"createDate":null,"fieldEnabling":{"allEnabled":false}},"universeChange":{"id":0,"name":"Актуальный срез","isPrimaryEvent":true,"isPrimaryEventMb":true,"isFictionEvent":false,"isQuestionEvent":false,"isCapacityCheckNeeded":false,"isDepartureFilter":false,"createDate":"2020-05-22","changeDate":"2020-05-22","isArriveFilter":false,"isDeprecated":null,"orderNum":10},"attrAdditionalEducation":null,"commerce":null,"disability":null,"education":null,"entity":null,"liability":null,"money":null,"otherCitizen":null,"otherStock":null,"penalties":null,"phoneEmail":null,"photo":null,"sourceRevenue":null,"status":{"id":"active","name":"Актуален"},"editable":true,"isApproved":true,"capacityActualDate":"1990-10-29","canBeDeletedByUser":null,"electorKindList":[{"id":1,"name":"избиратель"}]},{"isActual":true,"id":294132,"sysId":3371546,"changeLogId":453609,"versionDate":"2000-01-01","lastName":"Абаев","firstName":"Владимир","middleName":"Михайлович","birthDay":"1981-06-27","isBirthdayYearOnly":false,"gender":{"id":1,"name":"Мужской"},"capacity":{"id":1,"name":"дееспособен","isDefault":true,"isTrueCapacity":true},"sysAddressId":null,"birthAddress":{"id":1,"beginDate":null,"endDate":null,"name":"Россия","addressLevel":{"id":71,"name":"Страна","startDate":null,"endDate":null,"isProtected":true,"isRoot":true,"addressLevelHierarchList":[]},"writingType":null,"posInAddressName":null,"fullName":"Страна: Россия","isProtected":true,"isUnchecked":false,"isDefaultCountry":true,"isBomzh":false},"country":{"id":643,"name":"Россия","isDefault":true},"snils":null,"inn":null,"electorDoc":{"isActual":true,"id":1377647,"sysElectorId":3371546,"electorDocType":{"id":9,"name":"Паспорт гражданина РФ","isPrimary":true,"shortName":"Паспорт РФ","templateSeries":"99 99","templateNumber":"999999","docCode":"","sortOrder":222,"isDefault":true},"electDocSeries":"0001","electDocNumber":"046133","issueDate":"2016-08-24","issueSubject":{"id":9,"globalId":86014,"parentId":null,"name":"ФМС РФ","code":null,"subjectLevel":{"id":49,"name":"Паспортные столы ОВД","startDate":null,"endDate":null,"isProtected":true,"isUnchecked":false,"isActive":true,"subjectType":{"id":2,"name":"Паспортно-визовая служба (ПВС)","isProtected":true,"isUnchecked":false,"isDoc":true,"startDate":"2020-03-04","endDate":"2020-03-04"},"parent":{"id":47,"name":"МВД","startDate":null,"endDate":null,"isProtected":true,"isUnchecked":false,"isActive":true,"subjectType":{"id":2,"name":"Паспортно-визовая служба (ПВС)","isProtected":true,"isUnchecked":false,"isDoc":true,"startDate":"2020-03-04","endDate":"2020-03-04"},"parent":null}},"municipalType":null,"electionLevel":null,"subjectType":{"id":9,"name":"Федеральная миграционная служба (ФМС)","isProtected":true,"isUnchecked":false,"isDoc":true,"startDate":"2020-03-04","endDate":"2020-03-04"},"rfId":null,"startDate":null,"endDate":null,"isActual":true,"isUnchecked":false,"isProtected":false,"fullName":"Паспортные столы ОВД: Федеральная миграционная служба (ФМС) ФМС РФ"}},"electorResidence":{"id":1789152,"sysElectorId":3371546,"livingAddress":{"id":1205762,"beginDate":null,"endDate":null,"name":"31","addressLevel":{"id":17,"name":"Квартира","startDate":null,"endDate":null,"isProtected":false,"isRoot":false,"addressLevelHierarchList":[]},"writingType":null,"posInAddressName":null,"fullName":"Страна: Россия, Субъект Федерации: Рязанская, Район: Рыбновский, Город: Город Рыбное, Улица: Почтовая, Дом: 6, Квартира: 31","isProtected":false,"isUnchecked":false,"isDefaultCountry":false,"isBomzh":false},"residenceExpirationDate":null,"arrivalAddress":{"id":1,"beginDate":null,"endDate":null,"name":"Россия","addressLevel":{"id":71,"name":"Страна","startDate":null,"endDate":null,"isProtected":true,"isRoot":true,"addressLevelHierarchList":[]},"writingType":null,"posInAddressName":null,"fullName":"Страна: Россия","isProtected":true,"isUnchecked":false,"isDefaultCountry":true,"isBomzh":false},"departureAddress":null,"tempStartDate":null,"tempEndDate":null,"residenceType":null,"residenceKind":{"id":1,"name":"Постоянная","isNeedFillRegistrationEnd":false},"isActual":true,"arrivePreferedDate":null,"isCreateArriveNeeded":false,"tempDocNumber":null},"sysSubjectId":null,"hasActiveVersion":null,"versionsCount":null,"zagsInfo":null,"createDate":"2000-01-01","changeDate":null,"basisChange":{"id":1,"name":"Актуальный срез","isProtected":null,"changeBasisCode":-1,"changeTypeFountainInform":{"id":2,"name":"ЦИК","subjectType":{"id":1,"name":"Избирательные комиссии (ИК)","isProtected":true,"isUnchecked":false,"isDoc":false,"startDate":"2020-03-04","endDate":"2020-03-04"},"isProtected":false,"isUnchecked":false,"createDate":"2020-05-22","changeDate":"2020-05-22"},"changeUniversType":{"id":0,"name":"Актуальный срез","isPrimaryEvent":true,"isPrimaryEventMb":true,"isFictionEvent":false,"isQuestionEvent":false,"isCapacityCheckNeeded":false,"isDepartureFilter":false,"createDate":"2020-05-22","changeDate":"2020-05-22","isArriveFilter":false,"isDeprecated":null,"orderNum":10},"changeDateLabelName":"Дата события","isDefaultDeleteBasis":false,"primaryBasis":false,"orderNum":null,"isDefaultDeathZagsImport":false,"isCorrectionBasis":false,"isNameChangeFromZagsImport":false,"isBirthFromZagsImport":false,"isDefaultDepartureBasis":false,"isDeathFromZags":false,"fieldEnablingCapacity":null,"isDefaultArrivalBasisMilitary":false,"updateDate":null,"createDate":null,"fieldEnabling":{"allEnabled":false}},"universeChange":{"id":0,"name":"Актуальный срез","isPrimaryEvent":true,"isPrimaryEventMb":true,"isFictionEvent":false,"isQuestionEvent":false,"isCapacityCheckNeeded":false,"isDepartureFilter":false,"createDate":"2020-05-22","changeDate":"2020-05-22","isArriveFilter":false,"isDeprecated":null,"orderNum":10},"attrAdditionalEducation":null,"commerce":null,"disability":null,"education":null,"entity":null,"liability":null,"money":null,"otherCitizen":null,"otherStock":null,"penalties":null,"phoneEmail":null,"photo":null,"sourceRevenue":null,"status":{"id":"active","name":"Актуален"},"editable":true,"isApproved":true,"capacityActualDate":"1981-06-27","canBeDeletedByUser":null,"electorKindList":[{"id":1,"name":"избиратель"}]},{"isActual":true,"id":287005,"sysId":3364742,"changeLogId":440742,"versionDate":"2001-08-11","lastName":"Абаева","firstName":"Ольга","middleName":"Павловна","birthDay":"1952-03-30","isBirthdayYearOnly":false,"gender":{"id":2,"name":"Женский"},"capacity":{"id":1,"name":"дееспособен","isDefault":true,"isTrueCapacity":true},"sysAddressId":null,"birthAddress":{"id":1,"beginDate":null,"endDate":null,"name":"Россия","addressLevel":{"id":71,"name":"Страна","startDate":null,"endDate":null,"isProtected":true,"isRoot":true,"addressLevelHierarchList":[]},"writingType":null,"posInAddressName":null,"fullName":"Страна: Россия","isProtected":true,"isUnchecked":false,"isDefaultCountry":true,"isBomzh":false},"country":{"id":643,"name":"Россия","isDefault":true},"snils":null,"inn":null,"electorDoc":{"isActual":true,"id":1350580,"sysElectorId":3364742,"electorDocType":{"id":9,"name":"Паспорт гражданина РФ","isPrimary":true,"shortName":"Паспорт РФ","templateSeries":"99 99","templateNumber":"999999","docCode":"","sortOrder":222,"isDefault":true},"electDocSeries":"0001","electDocNumber":"004621","issueDate":"2001-08-11","issueSubject":{"id":9,"globalId":86014,"parentId":null,"name":"ФМС РФ","code":null,"subjectLevel":{"id":49,"name":"Паспортные столы ОВД","startDate":null,"endDate":null,"isProtected":true,"isUnchecked":false,"isActive":true,"subjectType":{"id":2,"name":"Паспортно-визовая служба (ПВС)","isProtected":true,"isUnchecked":false,"isDoc":true,"startDate":"2020-03-04","endDate":"2020-03-04"},"parent":{"id":47,"name":"МВД","startDate":null,"endDate":null,"isProtected":true,"isUnchecked":false,"isActive":true,"subjectType":{"id":2,"name":"Паспортно-визовая служба (ПВС)","isProtected":true,"isUnchecked":false,"isDoc":true,"startDate":"2020-03-04","endDate":"2020-03-04"},"parent":null}},"municipalType":null,"electionLevel":null,"subjectType":{"id":9,"name":"Федеральная миграционная служба (ФМС)","isProtected":true,"isUnchecked":false,"isDoc":true,"startDate":"2020-03-04","endDate":"2020-03-04"},"rfId":null,"startDate":null,"endDate":null,"isActual":true,"isUnchecked":false,"isProtected":false,"fullName":"Паспортные столы ОВД: Федеральная миграционная служба (ФМС) ФМС РФ"}},"electorResidence":{"id":1782264,"sysElectorId":3364742,"livingAddress":{"id":1197985,"beginDate":null,"endDate":null,"name":"39","addressLevel":{"id":17,"name":"Квартира","startDate":null,"endDate":null,"isProtected":false,"isRoot":false,"addressLevelHierarchList":[]},"writingType":null,"posInAddressName":null,"fullName":"Страна: Россия, Субъект Федерации: Рязанская, Район: Рыбновский, Населенный пункт: Баграмово, Дом: 12, Квартира: 39","isProtected":false,"isUnchecked":false,"isDefaultCountry":false,"isBomzh":false},"residenceExpirationDate":null,"arrivalAddress":null,"departureAddress":null,"tempStartDate":null,"tempEndDate":null,"residenceType":null,"residenceKind":{"id":1,"name":"Постоянная","isNeedFillRegistrationEnd":false},"isActual":true,"arrivePreferedDate":null,"isCreateArriveNeeded":false,"tempDocNumber":null},"sysSubjectId":null,"hasActiveVersion":null,"versionsCount":null,"zagsInfo":null,"createDate":"2001-08-11","changeDate":null,"basisChange":{"id":1,"name":"Актуальный срез","isProtected":null,"changeBasisCode":-1,"changeTypeFountainInform":{"id":2,"name":"ЦИК","subjectType":{"id":1,"name":"Избирательные комиссии (ИК)","isProtected":true,"isUnchecked":false,"isDoc":false,"startDate":"2020-03-04","endDate":"2020-03-04"},"isProtected":false,"isUnchecked":false,"createDate":"2020-05-22","changeDate":"2020-05-22"},"changeUniversType":{"id":0,"name":"Актуальный срез","isPrimaryEvent":true,"isPrimaryEventMb":true,"isFictionEvent":false,"isQuestionEvent":false,"isCapacityCheckNeeded":false,"isDepartureFilter":false,"createDate":"2020-05-22","changeDate":"2020-05-22","isArriveFilter":false,"isDeprecated":null,"orderNum":10},"changeDateLabelName":"Дата события","isDefaultDeleteBasis":false,"primaryBasis":false,"orderNum":null,"isDefaultDeathZagsImport":false,"isCorrectionBasis":false,"isNameChangeFromZagsImport":false,"isBirthFromZagsImport":false,"isDefaultDepartureBasis":false,"isDeathFromZags":false,"fieldEnablingCapacity":null,"isDefaultArrivalBasisMilitary":false,"updateDate":null,"createDate":null,"fieldEnabling":{"allEnabled":false}},"universeChange":{"id":0,"name":"Актуальный срез","isPrimaryEvent":true,"isPrimaryEventMb":true,"isFictionEvent":false,"isQuestionEvent":false,"isCapacityCheckNeeded":false,"isDepartureFilter":false,"createDate":"2020-05-22","changeDate":"2020-05-22","isArriveFilter":false,"isDeprecated":null,"orderNum":10},"attrAdditionalEducation":null,"commerce":null,"disability":null,"education":null,"entity":null,"liability":null,"money":null,"otherCitizen":null,"otherStock":null,"penalties":null,"phoneEmail":null,"photo":null,"sourceRevenue":null,"status":{"id":"active","name":"Актуален"},"editable":true,"isApproved":true,"capacityActualDate":"1952-03-30","canBeDeletedByUser":null,"electorKindList":[{"id":1,"name":"избиратель"}]},{"isActual":true,"id":287386,"sysId":3365123,"changeLogId":441364,"versionDate":"2007-01-24","lastName":"Абазов","firstName":"Норик","middleName":"Васильевич","birthDay":"1986-04-06","isBirthdayYearOnly":false,"gender":{"id":1,"name":"Мужской"},"capacity":{"id":1,"name":"дееспособен","isDefault":true,"isTrueCapacity":true},"sysAddressId":null,"birthAddress":{"id":1,"beginDate":null,"endDate":null,"name":"Россия","addressLevel":{"id":71,"name":"Страна","startDate":null,"endDate":null,"isProtected":true,"isRoot":true,"addressLevelHierarchList":[]},"writingType":null,"posInAddressName":null,"fullName":"Страна: Россия","isProtected":true,"isUnchecked":false,"isDefaultCountry":true,"isBomzh":false},"country":{"id":643,"name":"Россия","isDefault":true},"snils":null,"inn":null,"electorDoc":{"isActual":true,"id":1342273,"sysElectorId":3365123,"electorDocType":{"id":9,"name":"Паспорт гражданина РФ","isPrimary":true,"shortName":"Паспорт РФ","templateSeries":"99 99","templateNumber":"999999","docCode":"","sortOrder":222,"isDefault":true},"electDocSeries":"0001","electDocNumber":"041781","issueDate":"2001-10-22","issueSubject":{"id":9,"globalId":86014,"parentId":null,"name":"ФМС РФ","code":null,"subjectLevel":{"id":49,"name":"Паспортные столы ОВД","startDate":null,"endDate":null,"isProtected":true,"isUnchecked":false,"isActive":true,"subjectType":{"id":2,"name":"Паспортно-визовая служба (ПВС)","isProtected":true,"isUnchecked":false,"isDoc":true,"startDate":"2020-03-04","endDate":"2020-03-04"},"parent":{"id":47,"name":"МВД","startDate":null,"endDate":null,"isProtected":true,"isUnchecked":false,"isActive":true,"subjectType":{"id":2,"name":"Паспортно-визовая служба (ПВС)","isProtected":true,"isUnchecked":false,"isDoc":true,"startDate":"2020-03-04","endDate":"2020-03-04"},"parent":null}},"municipalType":null,"electionLevel":null,"subjectType":{"id":9,"name":"Федеральная миграционная служба (ФМС)","isProtected":true,"isUnchecked":false,"isDoc":true,"startDate":"2020-03-04","endDate":"2020-03-04"},"rfId":null,"startDate":null,"endDate":null,"isActual":true,"isUnchecked":false,"isProtected":false,"fullName":"Паспортные столы ОВД: Федеральная миграционная служба (ФМС) ФМС РФ"}},"electorResidence":{"id":1782626,"sysElectorId":3365123,"livingAddress":{"id":1198208,"beginDate":null,"endDate":null,"name":"52","addressLevel":{"id":17,"name":"Квартира","startDate":null,"endDate":null,"isProtected":false,"isRoot":false,"addressLevelHierarchList":[]},"writingType":null,"posInAddressName":null,"fullName":"Страна: Россия, Субъект Федерации: Рязанская, Район: Рыбновский, Населенный пункт: Баграмово, Дом: 16, Квартира: 52","isProtected":false,"isUnchecked":false,"isDefaultCountry":false,"isBomzh":false},"residenceExpirationDate":null,"arrivalAddress":null,"departureAddress":{"id":1,"beginDate":null,"endDate":null,"name":"Россия","addressLevel":{"id":71,"name":"Страна","startDate":null,"endDate":null,"isProtected":true,"isRoot":true,"addressLevelHierarchList":[]},"writingType":null,"posInAddressName":null,"fullName":"Страна: Россия","isProtected":true,"isUnchecked":false,"isDefaultCountry":true,"isBomzh":false},"tempStartDate":null,"tempEndDate":null,"residenceType":null,"residenceKind":{"id":1,"name":"Постоянная","isNeedFillRegistrationEnd":false},"isActual":true,"arrivePreferedDate":null,"isCreateArriveNeeded":false,"tempDocNumber":null},"sysSubjectId":null,"hasActiveVersion":null,"versionsCount":null,"zagsInfo":null,"createDate":"2007-01-24","changeDate":"2005-09-10","basisChange":{"id":97,"name":"Листок убытия","isProtected":null,"changeBasisCode":9,"changeTypeFountainInform":{"id":101,"name":"МВД РФ","subjectType":{"id":2,"name":"Паспортно-визовая служба (ПВС)","isProtected":true,"isUnchecked":false,"isDoc":true,"startDate":"2020-03-04","endDate":"2020-03-04"},"isProtected":false,"isUnchecked":false,"createDate":"2020-07-24","changeDate":"2020-05-22"},"changeUniversType":{"id":6,"name":"Убытие","isPrimaryEvent":false,"isPrimaryEventMb":false,"isFictionEvent":false,"isQuestionEvent":false,"isCapacityCheckNeeded":false,"isDepartureFilter":true,"createDate":"2020-05-22","changeDate":"2020-05-22","isArriveFilter":false,"isDeprecated":null,"orderNum":15},"changeDateLabelName":"Дата события","isDefaultDeleteBasis":false,"primaryBasis":false,"orderNum":null,"isDefaultDeathZagsImport":false,"isCorrectionBasis":false,"isNameChangeFromZagsImport":false,"isBirthFromZagsImport":false,"isDefaultDepartureBasis":false,"isDeathFromZags":false,"fieldEnablingCapacity":null,"isDefaultArrivalBasisMilitary":false,"updateDate":null,"createDate":null,"fieldEnabling":{"departure":"address"}},"universeChange":{"id":6,"name":"Убытие","isPrimaryEvent":false,"isPrimaryEventMb":false,"isFictionEvent":false,"isQuestionEvent":false,"isCapacityCheckNeeded":false,"isDepartureFilter":true,"createDate":"2020-05-22","changeDate":"2020-05-22","isArriveFilter":false,"isDeprecated":null,"orderNum":15},"attrAdditionalEducation":null,"commerce":null,"disability":null,"education":null,"entity":null,"liability":null,"money":null,"otherCitizen":null,"otherStock":null,"penalties":null,"phoneEmail":null,"photo":null,"sourceRevenue":null,"status":{"id":"active","name":"Актуален"},"editable":true,"isApproved":true,"capacityActualDate":"1986-04-06","canBeDeletedByUser":null,"electorKindList":[{"id":1,"name":"избиратель"}]},{"isActual":true,"id":272113,"sysId":3349851,"changeLogId":415523,"versionDate":"2003-04-08","lastName":"Абазян","firstName":"Андрей","middleName":"Викторович","birthDay":"1945-11-06","isBirthdayYearOnly":false,"gender":{"id":1,"name":"Мужской"},"capacity":{"id":1,"name":"дееспособен","isDefault":true,"isTrueCapacity":true},"sysAddressId":null,"birthAddress":{"id":1,"beginDate":null,"endDate":null,"name":"Россия","addressLevel":{"id":71,"name":"Страна","startDate":null,"endDate":null,"isProtected":true,"isRoot":true,"addressLevelHierarchList":[]},"writingType":null,"posInAddressName":null,"fullName":"Страна: Россия","isProtected":true,"isUnchecked":false,"isDefaultCountry":true,"isBomzh":false},"country":{"id":643,"name":"Россия","isDefault":true},"snils":null,"inn":null,"electorDoc":{"isActual":true,"id":1347139,"sysElectorId":3349851,"electorDocType":{"id":9,"name":"Паспорт гражданина РФ","isPrimary":true,"shortName":"Паспорт РФ","templateSeries":"99 99","templateNumber":"999999","docCode":"","sortOrder":222,"isDefault":true},"electDocSeries":"0001","electDocNumber":"030687","issueDate":"2003-04-08","issueSubject":{"id":9,"globalId":86014,"parentId":null,"name":"ФМС РФ","code":null,"subjectLevel":{"id":49,"name":"Паспортные столы ОВД","startDate":null,"endDate":null,"isProtected":true,"isUnchecked":false,"isActive":true,"subjectType":{"id":2,"name":"Паспортно-визовая служба (ПВС)","isProtected":true,"isUnchecked":false,"isDoc":true,"startDate":"2020-03-04","endDate":"2020-03-04"},"parent":{"id":47,"name":"МВД","startDate":null,"endDate":null,"isProtected":true,"isUnchecked":false,"isActive":true,"subjectType":{"id":2,"name":"Паспортно-визовая служба (ПВС)","isProtected":true,"isUnchecked":false,"isDoc":true,"startDate":"2020-03-04","endDate":"2020-03-04"},"parent":null}},"municipalType":null,"electionLevel":null,"subjectType":{"id":9,"name":"Федеральная миграционная служба (ФМС)","isProtected":true,"isUnchecked":false,"isDoc":true,"startDate":"2020-03-04","endDate":"2020-03-04"},"rfId":null,"startDate":null,"endDate":null,"isActual":true,"isUnchecked":false,"isProtected":false,"fullName":"Паспортные столы ОВД: Федеральная миграционная служба (ФМС) ФМС РФ"}},"electorResidence":{"id":1768091,"sysElectorId":3349851,"livingAddress":{"id":1195375,"beginDate":null,"endDate":null,"name":"15","addressLevel":{"id":18,"name":"Дом","startDate":null,"endDate":null,"isProtected":false,"isRoot":false,"addressLevelHierarchList":[]},"writingType":null,"posInAddressName":null,"fullName":"Страна: Россия, Субъект Федерации: Рязанская, Район: Рыбновский, Город: Город Рыбное, Улица: Советская, Дом: 15","isProtected":false,"isUnchecked":false,"isDefaultCountry":false,"isBomzh":false},"residenceExpirationDate":null,"arrivalAddress":null,"departureAddress":null,"tempStartDate":null,"tempEndDate":null,"residenceType":null,"residenceKind":{"id":1,"name":"Постоянная","isNeedFillRegistrationEnd":false},"isActual":true,"arrivePreferedDate":null,"isCreateArriveNeeded":false,"tempDocNumber":null},"sysSubjectId":null,"hasActiveVersion":null,"versionsCount":null,"zagsInfo":null,"createDate":"2003-04-08","changeDate":null,"basisChange":{"id":1,"name":"Актуальный срез","isProtected":null,"changeBasisCode":-1,"changeTypeFountainInform":{"id":2,"name":"ЦИК","subjectType":{"id":1,"name":"Избирательные комиссии (ИК)","isProtected":true,"isUnchecked":false,"isDoc":false,"startDate":"2020-03-04","endDate":"2020-03-04"},"isProtected":false,"isUnchecked":false,"createDate":"2020-05-22","changeDate":"2020-05-22"},"changeUniversType":{"id":0,"name":"Актуальный срез","isPrimaryEvent":true,"isPrimaryEventMb":true,"isFictionEvent":false,"isQuestionEvent":false,"isCapacityCheckNeeded":false,"isDepartureFilter":false,"createDate":"2020-05-22","changeDate":"2020-05-22","isArriveFilter":false,"isDeprecated":null,"orderNum":10},"changeDateLabelName":"Дата события","isDefaultDeleteBasis":false,"primaryBasis":false,"orderNum":null,"isDefaultDeathZagsImport":false,"isCorrectionBasis":false,"isNameChangeFromZagsImport":false,"isBirthFromZagsImport":false,"isDefaultDepartureBasis":false,"isDeathFromZags":false,"fieldEnablingCapacity":null,"isDefaultArrivalBasisMilitary":false,"updateDate":null,"createDate":null,"fieldEnabling":{"allEnabled":false}},"universeChange":{"id":0,"name":"Актуальный срез","isPrimaryEvent":true,"isPrimaryEventMb":true,"isFictionEvent":false,"isQuestionEvent":false,"isCapacityCheckNeeded":false,"isDepartureFilter":false,"createDate":"2020-05-22","changeDate":"2020-05-22","isArriveFilter":false,"isDeprecated":null,"orderNum":10},"attrAdditionalEducation":null,"commerce":null,"disability":null,"education":null,"entity":null,"liability":null,"money":null,"otherCitizen":null,"otherStock":null,"penalties":null,"phoneEmail":null,"photo":null,"sourceRevenue":null,"status":{"id":"active","name":"Актуален"},"editable":true,"isApproved":true,"capacityActualDate":"1945-11-06","canBeDeletedByUser":null,"electorKindList":[{"id":1,"name":"избиратель"}]},{"isActual":false,"id":287788,"sysId":3365525,"changeLogId":442107,"versionDate":"2004-03-28","lastName":"Абакумов","firstName":"Николай","middleName":"Алексеевич","birthDay":"1961-01-05","isBirthdayYearOnly":false,"gender":{"id":1,"name":"Мужской"},"capacity":{"id":1,"name":"дееспособен","isDefault":true,"isTrueCapacity":true},"sysAddressId":null,"birthAddress":{"id":1,"beginDate":null,"endDate":null,"name":"Россия","addressLevel":{"id":71,"name":"Страна","startDate":null,"endDate":null,"isProtected":true,"isRoot":true,"addressLevelHierarchList":[]},"writingType":null,"posInAddressName":null,"fullName":"Страна: Россия","isProtected":true,"isUnchecked":false,"isDefaultCountry":true,"isBomzh":false},"country":{"id":643,"name":"Россия","isDefault":true},"snils":null,"inn":null,"electorDoc":{"isActual":true,"id":1338313,"sysElectorId":3365525,"electorDocType":{"id":9,"name":"Паспорт гражданина РФ","isPrimary":true,"shortName":"Паспорт РФ","templateSeries":"99 99","templateNumber":"999999","docCode":"","sortOrder":222,"isDefault":true},"electDocSeries":"0001","electDocNumber":"008063","issueDate":"2004-03-28","issueSubject":{"id":9,"globalId":86014,"parentId":null,"name":"ФМС РФ","code":null,"subjectLevel":{"id":49,"name":"Паспортные столы ОВД","startDate":null,"endDate":null,"isProtected":true,"isUnchecked":false,"isActive":true,"subjectType":{"id":2,"name":"Паспортно-визовая служба (ПВС)","isProtected":true,"isUnchecked":false,"isDoc":true,"startDate":"2020-03-04","endDate":"2020-03-04"},"parent":{"id":47,"name":"МВД","startDate":null,"endDate":null,"isProtected":true,"isUnchecked":false,"isActive":true,"subjectType":{"id":2,"name":"Паспортно-визовая служба (ПВС)","isProtected":true,"isUnchecked":false,"isDoc":true,"startDate":"2020-03-04","endDate":"2020-03-04"},"parent":null}},"municipalType":null,"electionLevel":null,"subjectType":{"id":9,"name":"Федеральная миграционная служба (ФМС)","isProtected":true,"isUnchecked":false,"isDoc":true,"startDate":"2020-03-04","endDate":"2020-03-04"},"rfId":null,"startDate":null,"endDate":null,"isActual":true,"isUnchecked":false,"isProtected":false,"fullName":"Паспортные столы ОВД: Федеральная миграционная служба (ФМС) ФМС РФ"}},"electorResidence":{"id":1783008,"sysElectorId":3365525,"livingAddress":{"id":1198423,"beginDate":null,"endDate":null,"name":"Федякино село","addressLevel":{"id":12,"name":"Населенный пункт","startDate":null,"endDate":null,"isProtected":false,"isRoot":false,"addressLevelHierarchList":[]},"writingType":null,"posInAddressName":null,"fullName":"Страна: Россия, Субъект Федерации: Рязанская, Район: Рыбновский, Населенный пункт: Федякино","isProtected":false,"isUnchecked":false,"isDefaultCountry":false,"isBomzh":false},"residenceExpirationDate":null,"arrivalAddress":{"id":1,"beginDate":null,"endDate":null,"name":"Россия","addressLevel":{"id":71,"name":"Страна","startDate":null,"endDate":null,"isProtected":true,"isRoot":true,"addressLevelHierarchList":[]},"writingType":null,"posInAddressName":null,"fullName":"Страна: Россия","isProtected":true,"isUnchecked":false,"isDefaultCountry":true,"isBomzh":false},"departureAddress":{"id":1,"beginDate":null,"endDate":null,"name":"Россия","addressLevel":{"id":71,"name":"Страна","startDate":null,"endDate":null,"isProtected":true,"isRoot":true,"addressLevelHierarchList":[]},"writingType":null,"posInAddressName":null,"fullName":"Страна: Россия","isProtected":true,"isUnchecked":false,"isDefaultCountry":true,"isBomzh":false},"tempStartDate":null,"tempEndDate":null,"residenceType":null,"residenceKind":{"id":1,"name":"Постоянная","isNeedFillRegistrationEnd":false},"isActual":true,"arrivePreferedDate":null,"isCreateArriveNeeded":false,"tempDocNumber":null},"sysSubjectId":null,"hasActiveVersion":null,"versionsCount":null,"zagsInfo":null,"createDate":"2004-03-28","changeDate":null,"basisChange":{"id":1,"name":"Актуальный срез","isProtected":null,"changeBasisCode":-1,"changeTypeFountainInform":{"id":2,"name":"ЦИК","subjectType":{"id":1,"name":"Избирательные комиссии (ИК)","isProtected":true,"isUnchecked":false,"isDoc":false,"startDate":"2020-03-04","endDate":"2020-03-04"},"isProtected":false,"isUnchecked":false,"createDate":"2020-05-22","changeDate":"2020-05-22"},"changeUniversType":{"id":0,"name":"Актуальный срез","isPrimaryEvent":true,"isPrimaryEventMb":true,"isFictionEvent":false,"isQuestionEvent":false,"isCapacityCheckNeeded":false,"isDepartureFilter":false,"createDate":"2020-05-22","changeDate":"2020-05-22","isArriveFilter":false,"isDeprecated":null,"orderNum":10},"changeDateLabelName":"Дата события","isDefaultDeleteBasis":false,"primaryBasis":false,"orderNum":null,"isDefaultDeathZagsImport":false,"isCorrectionBasis":false,"isNameChangeFromZagsImport":false,"isBirthFromZagsImport":false,"isDefaultDepartureBasis":false,"isDeathFromZags":false,"fieldEnablingCapacity":null,"isDefaultArrivalBasisMilitary":false,"updateDate":null,"createDate":null,"fieldEnabling":{"allEnabled":false}},"universeChange":{"id":0,"name":"Актуальный срез","isPrimaryEvent":true,"isPrimaryEventMb":true,"isFictionEvent":false,"isQuestionEvent":false,"isCapacityCheckNeeded":false,"isDepartureFilter":false,"createDate":"2020-05-22","changeDate":"2020-05-22","isArriveFilter":false,"isDeprecated":null,"orderNum":10},"attrAdditionalEducation":null,"commerce":null,"disability":null,"education":null,"entity":null,"liability":null,"money":null,"otherCitizen":null,"otherStock":null,"penalties":null,"phoneEmail":null,"photo":null,"sourceRevenue":null,"status":{"id":"inactive","name":"Неактуален"},"editable":true,"isApproved":true,"capacityActualDate":"1961-01-05","canBeDeletedByUser":null,"electorKindList":[{"id":1,"name":"избиратель"}]},{"isActual":true,"id":300398,"sysId":3376470,"changeLogId":461808,"versionDate":"2000-01-01","lastName":"Абакумов","firstName":"Геннадий","middleName":"Владимирович","birthDay":"1998-09-01","isBirthdayYearOnly":false,"gender":{"id":1,"name":"Мужской"},"capacity":{"id":1,"name":"дееспособен","isDefault":true,"isTrueCapacity":true},"sysAddressId":null,"birthAddress":{"id":1,"beginDate":null,"endDate":null,"name":"Россия","addressLevel":{"id":71,"name":"Страна","startDate":null,"endDate":null,"isProtected":true,"isRoot":true,"addressLevelHierarchList":[]},"writingType":null,"posInAddressName":null,"fullName":"Страна: Россия","isProtected":true,"isUnchecked":false,"isDefaultCountry":true,"isBomzh":false},"country":{"id":643,"name":"Россия","isDefault":true},"snils":null,"inn":null,"electorDoc":{"isActual":true,"id":1371445,"sysElectorId":3376470,"electorDocType":{"id":9,"name":"Паспорт гражданина РФ","isPrimary":true,"shortName":"Паспорт РФ","templateSeries":"99 99","templateNumber":"999999","docCode":"","sortOrder":222,"isDefault":true},"electDocSeries":"0001","electDocNumber":"051166","issueDate":"2013-09-12","issueSubject":{"id":9,"globalId":86014,"parentId":null,"name":"ФМС РФ","code":null,"subjectLevel":{"id":49,"name":"Паспортные столы ОВД","startDate":null,"endDate":null,"isProtected":true,"isUnchecked":false,"isActive":true,"subjectType":{"id":2,"name":"Паспортно-визовая служба (ПВС)","isProtected":true,"isUnchecked":false,"isDoc":true,"startDate":"2020-03-04","endDate":"2020-03-04"},"parent":{"id":47,"name":"МВД","startDate":null,"endDate":null,"isProtected":true,"isUnchecked":false,"isActive":true,"subjectType":{"id":2,"name":"Паспортно-визовая служба (ПВС)","isProtected":true,"isUnchecked":false,"isDoc":true,"startDate":"2020-03-04","endDate":"2020-03-04"},"parent":null}},"municipalType":null,"electionLevel":null,"subjectType":{"id":9,"name":"Федеральная миграционная служба (ФМС)","isProtected":true,"isUnchecked":false,"isDoc":true,"startDate":"2020-03-04","endDate":"2020-03-04"},"rfId":null,"startDate":null,"endDate":null,"isActual":true,"isUnchecked":false,"isProtected":false,"fullName":"Паспортные столы ОВД: Федеральная миграционная служба (ФМС) ФМС РФ"}},"electorResidence":{"id":1797290,"sysElectorId":3376470,"livingAddress":{"id":1197643,"beginDate":null,"endDate":null,"name":"15","addressLevel":{"id":17,"name":"Квартира","startDate":null,"endDate":null,"isProtected":false,"isRoot":false,"addressLevelHierarchList":[]},"writingType":null,"posInAddressName":null,"fullName":"Страна: Россия, Субъект Федерации: Рязанская, Район: Рыбновский, Населенный пункт: Баграмово, Дом: 6, Квартира: 15","isProtected":false,"isUnchecked":false,"isDefaultCountry":false,"isBomzh":false},"residenceExpirationDate":null,"arrivalAddress":{"id":1,"beginDate":null,"endDate":null,"name":"Россия","addressLevel":{"id":71,"name":"Страна","startDate":null,"endDate":null,"isProtected":true,"isRoot":true,"addressLevelHierarchList":[]},"writingType":null,"posInAddressName":null,"fullName":"Страна: Россия","isProtected":true,"isUnchecked":false,"isDefaultCountry":true,"isBomzh":false},"departureAddress":null,"tempStartDate":null,"tempEndDate":null,"residenceType":null,"residenceKind":{"id":1,"name":"Постоянная","isNeedFillRegistrationEnd":false},"isActual":true,"arrivePreferedDate":null,"isCreateArriveNeeded":false,"tempDocNumber":null},"sysSubjectId":null,"hasActiveVersion":null,"versionsCount":null,"zagsInfo":null,"createDate":"2000-01-01","changeDate":null,"basisChange":{"id":1,"name":"Актуальный срез","isProtected":null,"changeBasisCode":-1,"changeTypeFountainInform":{"id":2,"name":"ЦИК","subjectType":{"id":1,"name":"Избирательные комиссии (ИК)","isProtected":true,"isUnchecked":false,"isDoc":false,"startDate":"2020-03-04","endDate":"2020-03-04"},"isProtected":false,"isUnchecked":false,"createDate":"2020-05-22","changeDate":"2020-05-22"},"changeUniversType":{"id":0,"name":"Актуальный срез","isPrimaryEvent":true,"isPrimaryEventMb":true,"isFictionEvent":false,"isQuestionEvent":false,"isCapacityCheckNeeded":false,"isDepartureFilter":false,"createDate":"2020-05-22","changeDate":"2020-05-22","isArriveFilter":false,"isDeprecated":null,"orderNum":10},"changeDateLabelName":"Дата события","isDefaultDeleteBasis":false,"primaryBasis":false,"orderNum":null,"isDefaultDeathZagsImport":false,"isCorrectionBasis":false,"isNameChangeFromZagsImport":false,"isBirthFromZagsImport":false,"isDefaultDepartureBasis":false,"isDeathFromZags":false,"fieldEnablingCapacity":null,"isDefaultArrivalBasisMilitary":false,"updateDate":null,"createDate":null,"fieldEnabling":{"allEnabled":false}},"universeChange":{"id":0,"name":"Актуальный срез","isPrimaryEvent":true,"isPrimaryEventMb":true,"isFictionEvent":false,"isQuestionEvent":false,"isCapacityCheckNeeded":false,"isDepartureFilter":false,"createDate":"2020-05-22","changeDate":"2020-05-22","isArriveFilter":false,"isDeprecated":null,"orderNum":10},"attrAdditionalEducation":null,"commerce":null,"disability":null,"education":null,"entity":null,"liability":null,"money":null,"otherCitizen":null,"otherStock":null,"penalties":null,"phoneEmail":null,"photo":null,"sourceRevenue":null,"status":{"id":"active","name":"Актуален"},"editable":true,"isApproved":true,"capacityActualDate":"1998-09-01","canBeDeletedByUser":null,"electorKindList":[{"id":1,"name":"избиратель"}]},{"isActual":true,"id":277795,"sysId":3355533,"changeLogId":424923,"versionDate":"2005-01-25","lastName":"Абакумова","firstName":"Екатерина","middleName":"Михайловна","birthDay":"1984-04-13","isBirthdayYearOnly":false,"gender":{"id":2,"name":"Женский"},"capacity":{"id":1,"name":"дееспособен","isDefault":true,"isTrueCapacity":true},"sysAddressId":null,"birthAddress":{"id":1,"beginDate":null,"endDate":null,"name":"Россия","addressLevel":{"id":71,"name":"Страна","startDate":null,"endDate":null,"isProtected":true,"isRoot":true,"addressLevelHierarchList":[]},"writingType":null,"posInAddressName":null,"fullName":"Страна: Россия","isProtected":true,"isUnchecked":false,"isDefaultCountry":true,"isBomzh":false},"country":{"id":643,"name":"Россия","isDefault":true},"snils":null,"inn":null,"electorDoc":{"isActual":true,"id":1344706,"sysElectorId":3355533,"electorDocType":{"id":9,"name":"Паспорт гражданина РФ","isPrimary":true,"shortName":"Паспорт РФ","templateSeries":"99 99","templateNumber":"999999","docCode":"","sortOrder":222,"isDefault":true},"electDocSeries":"0001","electDocNumber":"040054","issueDate":"2005-01-25","issueSubject":{"id":9,"globalId":86014,"parentId":null,"name":"ФМС РФ","code":null,"subjectLevel":{"id":49,"name":"Паспортные столы ОВД","startDate":null,"endDate":null,"isProtected":true,"isUnchecked":false,"isActive":true,"subjectType":{"id":2,"name":"Паспортно-визовая служба (ПВС)","isProtected":true,"isUnchecked":false,"isDoc":true,"startDate":"2020-03-04","endDate":"2020-03-04"},"parent":{"id":47,"name":"МВД","startDate":null,"endDate":null,"isProtected":true,"isUnchecked":false,"isActive":true,"subjectType":{"id":2,"name":"Паспортно-визовая служба (ПВС)","isProtected":true,"isUnchecked":false,"isDoc":true,"startDate":"2020-03-04","endDate":"2020-03-04"},"parent":null}},"municipalType":null,"electionLevel":null,"subjectType":{"id":9,"name":"Федеральная миграционная служба (ФМС)","isProtected":true,"isUnchecked":false,"isDoc":true,"startDate":"2020-03-04","endDate":"2020-03-04"},"rfId":null,"startDate":null,"endDate":null,"isActual":true,"isUnchecked":false,"isProtected":false,"fullName":"Паспортные столы ОВД: Федеральная миграционная служба (ФМС) ФМС РФ"}},"electorResidence":{"id":1773547,"sysElectorId":3355533,"livingAddress":{"id":1198474,"beginDate":null,"endDate":null,"name":"Старолетово село","addressLevel":{"id":12,"name":"Населенный пункт","startDate":null,"endDate":null,"isProtected":false,"isRoot":false,"addressLevelHierarchList":[]},"writingType":null,"posInAddressName":null,"fullName":"Страна: Россия, Субъект Федерации: Рязанская, Район: Рыбновский, Населенный пункт: Старолетово","isProtected":false,"isUnchecked":false,"isDefaultCountry":false,"isBomzh":false},"residenceExpirationDate":null,"arrivalAddress":null,"departureAddress":null,"tempStartDate":null,"tempEndDate":null,"residenceType":null,"residenceKind":{"id":1,"name":"Постоянная","isNeedFillRegistrationEnd":false},"isActual":true,"arrivePreferedDate":null,"isCreateArriveNeeded":false,"tempDocNumber":null},"sysSubjectId":null,"hasActiveVersion":null,"versionsCount":null,"zagsInfo":null,"createDate":"2005-01-25","changeDate":null,"basisChange":{"id":1,"name":"Актуальный срез","isProtected":null,"changeBasisCode":-1,"changeTypeFountainInform":{"id":2,"name":"ЦИК","subjectType":{"id":1,"name":"Избирательные комиссии (ИК)","isProtected":true,"isUnchecked":false,"isDoc":false,"startDate":"2020-03-04","endDate":"2020-03-04"},"isProtected":false,"isUnchecked":false,"createDate":"2020-05-22","changeDate":"2020-05-22"},"changeUniversType":{"id":0,"name":"Актуальный срез","isPrimaryEvent":true,"isPrimaryEventMb":true,"isFictionEvent":false,"isQuestionEvent":false,"isCapacityCheckNeeded":false,"isDepartureFilter":false,"createDate":"2020-05-22","changeDate":"2020-05-22","isArriveFilter":false,"isDeprecated":null,"orderNum":10},"changeDateLabelName":"Дата события","isDefaultDeleteBasis":false,"primaryBasis":false,"orderNum":null,"isDefaultDeathZagsImport":false,"isCorrectionBasis":false,"isNameChangeFromZagsImport":false,"isBirthFromZagsImport":false,"isDefaultDepartureBasis":false,"isDeathFromZags":false,"fieldEnablingCapacity":null,"isDefaultArrivalBasisMilitary":false,"updateDate":null,"createDate":null,"fieldEnabling":{"allEnabled":false}},"universeChange":{"id":0,"name":"Актуальный срез","isPrimaryEvent":true,"isPrimaryEventMb":true,"isFictionEvent":false,"isQuestionEvent":false,"isCapacityCheckNeeded":false,"isDepartureFilter":false,"createDate":"2020-05-22","changeDate":"2020-05-22","isArriveFilter":false,"isDeprecated":null,"orderNum":10},"attrAdditionalEducation":null,"commerce":null,"disability":null,"education":null,"entity":null,"liability":null,"money":null,"otherCitizen":null,"otherStock":null,"penalties":null,"phoneEmail":null,"photo":null,"sourceRevenue":null,"status":{"id":"active","name":"Актуален"},"editable":true,"isApproved":true,"capacityActualDate":"1984-04-13","canBeDeletedByUser":null,"electorKindList":[{"id":1,"name":"избиратель"}]}]}