[{"key":"lastName","visible":true},{"key":"firstName","visible":true},{"key":"middleName","visible":true},{"key":"birthDay","visible":true},{"key":"gender.name","visible":true},{"key":"capacity.name","visible":true},{"key":"electorDoc.electorDocType.name","visible":true},{"key":"electorDoc.electDocSeries","visible":true},{"key":"electorDoc.electDocNumber","visible":true},{"key":"electorDoc.issueDate","visible":true},{"key":"electorResidence.livingAddress.fullName","visible":true},{"key":"birthAddress.fullName","visible":true},{"key":"electorResidence.arrivalAddress.fullName","visible":true},{"key":"electorResidence.departureAddress.fullName","visible":true},{"key":"inn","visible":true},{"key":"snils","visible":true},{"key":"status","visible":true},{"key":"electorKindList","visible":true}]