{"total":216,"content":[{"id":36,"name":"Австралия","isDefault":false},{"id":40,"name":"Австрия","isDefault":false},{"id":31,"name":"Азербайджан","isDefault":false},{"id":8,"name":"Албания","isDefault":false},{"id":12,"name":"Алжир","isDefault":false},{"id":16,"name":"Американское Самоа","isDefault":false},{"id":660,"name":"Ангилья","isDefault":false},{"id":24,"name":"Ангола","isDefault":false},{"id":20,"name":"Андорра","isDefault":false},{"id":10,"name":"Антарктида","isDefault":false},{"id":28,"name":"Антигуа и Барбуда","isDefault":false},{"id":32,"name":"Аргентина","isDefault":false},{"id":51,"name":"Армения","isDefault":false},{"id":533,"name":"Аруба","isDefault":false},{"id":4,"name":"Афганистан","isDefault":false},{"id":44,"name":"Багамы","isDefault":false},{"id":50,"name":"Бангладеш","isDefault":false},{"id":52,"name":"Барбадос","isDefault":false},{"id":48,"name":"Бахрейн","isDefault":false},{"id":84,"name":"Белиз","isDefault":false},{"id":56,"name":"Бельгия","isDefault":false},{"id":204,"name":"Бенин","isDefault":false},{"id":60,"name":"Бермуды","isDefault":false},{"id":100,"name":"Болгария","isDefault":false},{"id":68,"name":"Боливия","isDefault":false},{"id":72,"name":"Ботсвана","isDefault":false},{"id":76,"name":"Бразилия","isDefault":false},{"id":96,"name":"Бруней-Даруссалам","isDefault":false},{"id":854,"name":"Буркина-Фасо","isDefault":false},{"id":108,"name":"Бурунди","isDefault":false},{"id":64,"name":"Бутан","isDefault":false},{"id":548,"name":"Вануату","isDefault":false},{"id":348,"name":"Венгрия","isDefault":false},{"id":862,"name":"Венесуэла","isDefault":false},{"id":626,"name":"Восточный Тимор","isDefault":false},{"id":704,"name":"Вьетнам","isDefault":false},{"id":266,"name":"Габон","isDefault":false},{"id":332,"name":"Гаити","isDefault":false},{"id":328,"name":"Гайана","isDefault":false},{"id":270,"name":"Гамбия","isDefault":false},{"id":288,"name":"Гана","isDefault":false},{"id":312,"name":"Гваделупа","isDefault":false},{"id":320,"name":"Гватемала","isDefault":false},{"id":324,"name":"Гвинея","isDefault":false},{"id":624,"name":"Гвинея-Бисау","isDefault":false},{"id":276,"name":"Германия","isDefault":false},{"id":292,"name":"Гибралтар","isDefault":false},{"id":340,"name":"Гондурас","isDefault":false},{"id":344,"name":"Гонконг","isDefault":false},{"id":308,"name":"Гренада","isDefault":false},{"id":304,"name":"Гренландия","isDefault":false},{"id":300,"name":"Греция","isDefault":false},{"id":268,"name":"Грузия","isDefault":false},{"id":316,"name":"Гуам","isDefault":false},{"id":208,"name":"Дания","isDefault":false},{"id":262,"name":"Джибути","isDefault":false},{"id":212,"name":"Доминика","isDefault":false},{"id":818,"name":"Египет","isDefault":false},{"id":732,"name":"Западная Сахара","isDefault":false},{"id":716,"name":"Зимбабве","isDefault":false},{"id":376,"name":"Израиль","isDefault":false},{"id":356,"name":"Индия","isDefault":false},{"id":360,"name":"Индонезия","isDefault":false},{"id":400,"name":"Иордания","isDefault":false},{"id":368,"name":"Ирак","isDefault":false},{"id":364,"name":"Иран","isDefault":false},{"id":372,"name":"Ирландия","isDefault":false},{"id":352,"name":"Исландия","isDefault":false},{"id":724,"name":"Испания","isDefault":false},{"id":380,"name":"Италия","isDefault":false},{"id":132,"name":"Кабо-Верде","isDefault":false},{"id":398,"name":"Казахстан","isDefault":false},{"id":116,"name":"Камбоджа","isDefault":false},{"id":120,"name":"Камерун","isDefault":false},{"id":124,"name":"Канада","isDefault":false},{"id":634,"name":"Катар","isDefault":false},{"id":404,"name":"Кения","isDefault":false},{"id":196,"name":"Кипр","isDefault":false},{"id":417,"name":"Киргизия","isDefault":false},{"id":296,"name":"Кирибати","isDefault":false},{"id":156,"name":"Китай","isDefault":false},{"id":170,"name":"Колумбия","isDefault":false},{"id":174,"name":"Коморы","isDefault":false},{"id":178,"name":"Конго","isDefault":false},{"id":180,"name":"Конго, Демократическая Республика","isDefault":false},{"id":408,"name":"Корея, Народно-Демократическая Республика","isDefault":false},{"id":410,"name":"Корея, Республика","isDefault":false},{"id":188,"name":"Коста-Рика","isDefault":false},{"id":384,"name":"Кот Д`Ивуар","isDefault":false},{"id":192,"name":"Куба","isDefault":false},{"id":414,"name":"Кувейт","isDefault":false},{"id":418,"name":"Лаосская Народно-Демократическая Республика","isDefault":false},{"id":428,"name":"Латвия","isDefault":false},{"id":426,"name":"Лесото","isDefault":false},{"id":430,"name":"Либерия","isDefault":false},{"id":422,"name":"Ливан","isDefault":false},{"id":434,"name":"Ливийская Арабская Джамахирия","isDefault":false},{"id":440,"name":"Литва","isDefault":false},{"id":438,"name":"Лихтенштейн","isDefault":false},{"id":442,"name":"Люксембург","isDefault":false},{"id":480,"name":"Маврикий","isDefault":false},{"id":478,"name":"Мавритания","isDefault":false},{"id":450,"name":"Мадагаскар","isDefault":false},{"id":175,"name":"Майотта","isDefault":false},{"id":446,"name":"Макао","isDefault":false},{"id":807,"name":"Македония, Бывшая Югославская Республика","isDefault":false},{"id":454,"name":"Малави","isDefault":false},{"id":458,"name":"Малайзия","isDefault":false},{"id":466,"name":"Мали","isDefault":false},{"id":581,"name":"Малые Тихоокеанские Отдаленные Острова Соед.Штатов","isDefault":false},{"id":462,"name":"Мальдивы","isDefault":false},{"id":470,"name":"Мальта","isDefault":false},{"id":504,"name":"Марокко","isDefault":false},{"id":474,"name":"Мартиника","isDefault":false},{"id":584,"name":"Маршалловы Острова","isDefault":false},{"id":484,"name":"Мексика","isDefault":false},{"id":583,"name":"Микронезия, Федеративные Штаты","isDefault":false},{"id":508,"name":"Мозамбик","isDefault":false},{"id":498,"name":"Молдова, Республика","isDefault":false},{"id":492,"name":"Монако","isDefault":false},{"id":496,"name":"Монголия","isDefault":false},{"id":500,"name":"Монтсеррат","isDefault":false},{"id":104,"name":"Мьянма","isDefault":false},{"id":516,"name":"Намибия","isDefault":false},{"id":520,"name":"Науру","isDefault":false},{"id":524,"name":"Непал","isDefault":false},{"id":562,"name":"Нигер","isDefault":false},{"id":566,"name":"Нигерия","isDefault":false},{"id":530,"name":"Нидерландские Антилы","isDefault":false},{"id":528,"name":"Нидерланды","isDefault":false},{"id":558,"name":"Никарагуа","isDefault":false},{"id":570,"name":"Ниуэ","isDefault":false},{"id":554,"name":"Новая Зеландия","isDefault":false},{"id":540,"name":"Новая Каледония","isDefault":false},{"id":578,"name":"Норвегия","isDefault":false},{"id":784,"name":"Объединенные Арабские Эмираты","isDefault":false},{"id":512,"name":"Оман","isDefault":false},{"id":74,"name":"Остров Буве","isDefault":false},{"id":574,"name":"Остров Норфолк","isDefault":false},{"id":162,"name":"Остров Рождества","isDefault":false},{"id":136,"name":"Острова Кайман","isDefault":false},{"id":184,"name":"Острова Кука","isDefault":false},{"id":586,"name":"Пакистан","isDefault":false},{"id":585,"name":"Палау","isDefault":false},{"id":591,"name":"Панама","isDefault":false},{"id":336,"name":"Папский Престол (Государство-Город Ватикан)","isDefault":false},{"id":598,"name":"Папуа-Новая Гвинея","isDefault":false},{"id":600,"name":"Парагвай","isDefault":false},{"id":604,"name":"Перу","isDefault":false},{"id":612,"name":"Питкерн","isDefault":false},{"id":616,"name":"Польша","isDefault":false},{"id":620,"name":"Португалия","isDefault":false},{"id":630,"name":"Пуэрто-Рико","isDefault":false},{"id":112,"name":"Республика Беларусь","isDefault":false},{"id":638,"name":"Реюньон","isDefault":false},{"id":643,"name":"Россия","isDefault":true},{"id":646,"name":"Руанда","isDefault":false},{"id":642,"name":"Румыния","isDefault":false},{"id":222,"name":"Сальвадор","isDefault":false},{"id":882,"name":"Самоа ","isDefault":false},{"id":674,"name":"Сан-Марино","isDefault":false},{"id":682,"name":"Саудовская Аравия","isDefault":false},{"id":748,"name":"Свазиленд","isDefault":false},{"id":654,"name":"Святая Елена","isDefault":false},{"id":580,"name":"Северные Марианские Острова","isDefault":false},{"id":690,"name":"Сейшелы","isDefault":false},{"id":686,"name":"Сенегал","isDefault":false},{"id":662,"name":"Сент-Люсия","isDefault":false},{"id":702,"name":"Сингапур","isDefault":false},{"id":760,"name":"Сирийская Арабская Республика","isDefault":false},{"id":703,"name":"Словакия","isDefault":false},{"id":705,"name":"Словения","isDefault":false},{"id":826,"name":"Соединенное Королевство","isDefault":false},{"id":840,"name":"Соединенные Штаты","isDefault":false},{"id":90,"name":"Соломоновы Острова","isDefault":false},{"id":706,"name":"Сомали","isDefault":false},{"id":736,"name":"Судан","isDefault":false},{"id":740,"name":"Суринам","isDefault":false},{"id":694,"name":"Сьерра-Леоне","isDefault":false},{"id":762,"name":"Таджикистан","isDefault":false},{"id":764,"name":"Таиланд","isDefault":false},{"id":158,"name":"Тайвань (Китай)","isDefault":false},{"id":834,"name":"Танзания, Объединенная Республика","isDefault":false},{"id":768,"name":"Того","isDefault":false},{"id":772,"name":"Токелау","isDefault":false},{"id":776,"name":"Тонга","isDefault":false},{"id":798,"name":"Тувалу   ","isDefault":false},{"id":788,"name":"Тунис","isDefault":false},{"id":795,"name":"Туркмения","isDefault":false},{"id":792,"name":"Турция","isDefault":false},{"id":800,"name":"Уганда","isDefault":false},{"id":860,"name":"Узбекистан","isDefault":false},{"id":804,"name":"Украина","isDefault":false},{"id":858,"name":"Уругвай","isDefault":false},{"id":242,"name":"Фиджи","isDefault":false},{"id":608,"name":"Филиппины","isDefault":false},{"id":246,"name":"Финляндия","isDefault":false},{"id":250,"name":"Франция","isDefault":false},{"id":254,"name":"Французская Гвиана","isDefault":false},{"id":258,"name":"Французская Полинезия","isDefault":false},{"id":260,"name":"Французские Южные Территории","isDefault":false},{"id":191,"name":"Хорватия","isDefault":false},{"id":148,"name":"Чад","isDefault":false},{"id":152,"name":"Чили","isDefault":false},{"id":756,"name":"Швейцария","isDefault":false},{"id":752,"name":"Швеция","isDefault":false},{"id":144,"name":"Шри-Ланка","isDefault":false},{"id":218,"name":"Эквадор","isDefault":false},{"id":226,"name":"Экваториальная Гвинея","isDefault":false},{"id":232,"name":"Эритрея","isDefault":false},{"id":233,"name":"Эстония","isDefault":false},{"id":231,"name":"Эфиопия","isDefault":false},{"id":710,"name":"Южная Африка","isDefault":false},{"id":239,"name":"Южная Джорджия И Южные Сандвичевы Острова","isDefault":false},{"id":388,"name":"Ямайка","isDefault":false},{"id":392,"name":"Япония","isDefault":false}]}