{"user":{"id":"749bc037-9184-4562-b75e-6405edde3d22","email":"admin14","familyName":"Смирнов","firstName":"Георгий","password":null,"patronymic":"Викторович","kca":"62T013","subjectGlobalId":90357,"subjectRf":{"id":21636,"name":"Рязанская область","genetiveName":"Рязанской области","code":"62"},"userRole":{"id":3,"name":"Системный администратор ТИК"},"isDeleted":false,"addressId":974569,"functions":[{"id":58,"name":"Создание справочника","code":"ROLE_NSI_SAVE","authObject":{"id":15,"name":"Справочники"}},{"id":60,"name":"Просмотр справочника","code":"ROLE_NSI_GET","authObject":{"id":15,"name":"Справочники"}},{"id":59,"name":"Редактирование справочника","code":"ROLE_NSI_EDIT","authObject":{"id":15,"name":"Справочники"}},{"id":61,"name":"Удаление справочника","code":"ROLE_NSI_DELETE","authObject":{"id":15,"name":"Справочники"}},{"id":1,"name":"Заведение сведений об участнике избирательного процесса","code":"ROLE_ELECTOR_SAVE","authObject":{"id":1,"name":"Участник избирательного процесса"}},{"id":7,"name":"Просмотр сведений об участнике избирательного процесса","code":"ROLE_ELECTOR_GET","authObject":{"id":1,"name":"Участник избирательного процесса"}},{"id":2,"name":"Редактирование сведений об участнике избирательного процесса","code":"ROLE_ELECTOR_EDIT","authObject":{"id":1,"name":"Участник избирательного процесса"}},{"id":5,"name":"Удаление сведений об участнике избирательного процесса","code":"ROLE_ELECTOR_DELETE","authObject":{"id":1,"name":"Участник избирательного процесса"}},{"id":3,"name":"Создание дополнительных сведений об участнике избирательного процесса","code":"ROLE_ELECTOR_ADD_ATR_SAVE","authObject":{"id":1,"name":"Участник избирательного процесса"}}]},"token":"f392d4a4-8298-48e7-8311-e7f4f96676cc"}