{"logs":[{"isActual":true,"id":299674,"sysId":3375890,"changeLogId":460966,"versionDate":"2000-01-01","lastName":"Абаев","firstName":"Александр","middleName":"Юрьевич","birthDay":"1992-01-31","isBirthdayYearOnly":false,"gender":{"id":1,"name":"Мужской"},"capacity":{"id":1,"name":"дееспособен","isDefault":true,"isTrueCapacity":true},"sysAddressId":null,"birthAddress":{"id":1,"beginDate":null,"endDate":null,"name":"Россия","addressLevel":{"id":71,"name":"Страна","startDate":null,"endDate":null,"isProtected":true,"isRoot":true,"addressLevelHierarchList":[]},"writingType":null,"posInAddressName":null,"fullName":"Страна: Россия","isProtected":true,"isUnchecked":false,"isDefaultCountry":true,"isBomzh":false},"country":{"id":643,"name":"Россия","isDefault":true},"snils":null,"inn":null,"electorDoc":{"isActual":true,"id":1370804,"sysElectorId":3375890,"electorDocType":{"id":9,"name":"Паспорт гражданина РФ","isPrimary":true,"shortName":"Паспорт РФ","templateSeries":"99 99","templateNumber":"999999","docCode":"","sortOrder":222,"isDefault":true},"electDocSeries":"0001","electDocNumber":"028957","issueDate":"2013-04-19","issueSubject":{"id":9,"globalId":86014,"parentId":null,"name":"ФМС РФ","code":null,"subjectLevel":{"id":49,"name":"Паспортные столы ОВД","startDate":null,"endDate":null,"isProtected":true,"isUnchecked":false,"isActive":true,"subjectType":{"id":2,"name":"Паспортно-визовая служба (ПВС)","isProtected":true,"isUnchecked":false,"isDoc":true,"startDate":"2020-03-04","endDate":"2020-03-04"},"parent":{"id":47,"name":"МВД","startDate":null,"endDate":null,"isProtected":true,"isUnchecked":false,"isActive":true,"subjectType":{"id":2,"name":"Паспортно-визовая служба (ПВС)","isProtected":true,"isUnchecked":false,"isDoc":true,"startDate":"2020-03-04","endDate":"2020-03-04"},"parent":null}},"municipalType":null,"electionLevel":null,"subjectType":{"id":9,"name":"Федеральная миграционная служба (ФМС)","isProtected":true,"isUnchecked":false,"isDoc":true,"startDate":"2020-03-04","endDate":"2020-03-04"},"rfId":null,"startDate":null,"endDate":null,"isActual":true,"isUnchecked":false,"isProtected":false,"fullName":"Паспортные столы ОВД: Федеральная миграционная служба (ФМС) ФМС РФ"}},"electorResidence":{"id":1796260,"sysElectorId":3375890,"livingAddress":{"id":1213354,"beginDate":null,"endDate":null,"name":"54 в/ч 20189","addressLevel":{"id":18,"name":"Дом","startDate":null,"endDate":null,"isProtected":false,"isRoot":false,"addressLevelHierarchList":[]},"writingType":null,"posInAddressName":null,"fullName":"Страна: Россия, Субъект Федерации: Рязанская, Район: Рыбновский, Город: Город Рыбное, Улица: Большая, Дом: 54 в/ч 20189","isProtected":false,"isUnchecked":false,"isDefaultCountry":false,"isBomzh":false},"residenceExpirationDate":null,"arrivalAddress":{"id":1,"beginDate":null,"endDate":null,"name":"Россия","addressLevel":{"id":71,"name":"Страна","startDate":null,"endDate":null,"isProtected":true,"isRoot":true,"addressLevelHierarchList":[]},"writingType":null,"posInAddressName":null,"fullName":"Страна: Россия","isProtected":true,"isUnchecked":false,"isDefaultCountry":true,"isBomzh":false},"departureAddress":null,"tempStartDate":null,"tempEndDate":null,"residenceType":null,"residenceKind":{"id":1,"name":"Постоянная","isNeedFillRegistrationEnd":false},"isActual":true,"arrivePreferedDate":null,"isCreateArriveNeeded":false,"tempDocNumber":null},"sysSubjectId":null,"hasActiveVersion":true,"versionsCount":1,"zagsInfo":null,"createDate":"2000-01-01","changeDate":null,"basisChange":{"id":1,"name":"Актуальный срез","isProtected":null,"changeBasisCode":-1,"changeTypeFountainInform":{"id":2,"name":"ЦИК","subjectType":{"id":1,"name":"Избирательные комиссии (ИК)","isProtected":true,"isUnchecked":false,"isDoc":false,"startDate":"2020-03-04","endDate":"2020-03-04"},"isProtected":false,"isUnchecked":false,"createDate":"2020-05-22","changeDate":"2020-05-22"},"changeUniversType":{"id":0,"name":"Актуальный срез","isPrimaryEvent":true,"isPrimaryEventMb":true,"isFictionEvent":false,"isQuestionEvent":false,"isCapacityCheckNeeded":false,"isDepartureFilter":false,"createDate":"2020-05-22","changeDate":"2020-05-22","isArriveFilter":false,"isDeprecated":null,"orderNum":10},"changeDateLabelName":"Дата события","isDefaultDeleteBasis":false,"primaryBasis":false,"orderNum":null,"isDefaultDeathZagsImport":false,"isCorrectionBasis":false,"isNameChangeFromZagsImport":false,"isBirthFromZagsImport":false,"isDefaultDepartureBasis":false,"isDeathFromZags":false,"fieldEnablingCapacity":null,"isDefaultArrivalBasisMilitary":false,"updateDate":null,"createDate":null,"fieldEnabling":{"allEnabled":false}},"universeChange":{"id":0,"name":"Актуальный срез","isPrimaryEvent":true,"isPrimaryEventMb":true,"isFictionEvent":false,"isQuestionEvent":false,"isCapacityCheckNeeded":false,"isDepartureFilter":false,"createDate":"2020-05-22","changeDate":"2020-05-22","isArriveFilter":false,"isDeprecated":null,"orderNum":10},"attrAdditionalEducation":null,"commerce":null,"disability":null,"education":null,"entity":null,"liability":null,"money":null,"otherCitizen":null,"otherStock":null,"penalties":null,"phoneEmail":null,"photo":null,"sourceRevenue":null,"status":{"id":"active","name":"Актуален"},"editable":true,"isApproved":true,"capacityActualDate":"1992-01-31","canBeDeletedByUser":true,"electorKindList":[{"id":1,"name":"избиратель"}]}],"wasDeleted":false}