[{"id":1,"name":"избиратель"},{"id":2,"name":"кандидат в депутаты"},{"id":3,"name":"кандидат на должность главы"},{"id":4,"name":"депутат"},{"id":5,"name":"глава органа исполнительной власти, местного самоуправления"},{"id":6,"name":"член избирательной комиссий с правом решающего голоса"},{"id":7,"name":"член избирательной комиссий с правом совещательного голоса"},{"id":8,"name":"уполномоченный представитель кандидата по финансовым вопросам"},{"id":9,"name":"уполномоченный представитель избирательного объединения"},{"id":10,"name":"уполномоченный представитель регионального отделения партии"},{"id":11,"name":"уполномоченный представитель избирательного объединения по финансовым вопросам"},{"id":12,"name":"уполномоченный представитель регионального отделения партии по финансовым вопросам"},{"id":13,"name":"доверенное лицо кандидата"},{"id":14,"name":"доверенное лицо избирательного объединения"}]