{"total":6,"content":[{"id":119,"name":"Ввод дополнительных атрибутов","isProtected":null,"changeBasisCode":-1,"changeTypeFountainInform":{"id":2,"name":"ЦИК","subjectType":{"id":1,"name":"Избирательные комиссии (ИК)","isProtected":true,"isUnchecked":false,"isDoc":false,"startDate":"2020-03-04","endDate":"2020-03-04"},"isProtected":false,"isUnchecked":false,"createDate":"2020-05-22","changeDate":"2020-05-22"},"changeUniversType":{"id":14,"name":"Корректировка","isPrimaryEvent":true,"isPrimaryEventMb":true,"isFictionEvent":false,"isQuestionEvent":false,"isCapacityCheckNeeded":false,"isDepartureFilter":false,"createDate":"2020-05-27","changeDate":"2020-05-27","isArriveFilter":false,"isDeprecated":null,"orderNum":1},"changeDateLabelName":"Дата события","isDefaultDeleteBasis":false,"primaryBasis":false,"orderNum":null,"isDefaultDeathZagsImport":false,"isCorrectionBasis":false,"isNameChangeFromZagsImport":false,"isBirthFromZagsImport":false,"isDefaultDepartureBasis":false,"isDeathFromZags":false,"fieldEnablingCapacity":null,"isDefaultArrivalBasisMilitary":false,"updateDate":null,"createDate":null,"fieldEnabling":{"allEnabled":false,"addAttrEnabled":true}},{"id":100,"name":"Запись акта о смерти","isProtected":null,"changeBasisCode":11,"changeTypeFountainInform":{"id":106,"name":"ЕГРН ЗАГС. Смерть","subjectType":{"id":3,"name":"Органы ЗАГС","isProtected":true,"isUnchecked":false,"isDoc":true,"startDate":"2020-03-04","endDate":"2020-03-04"},"isProtected":false,"isUnchecked":false,"createDate":"2020-05-22","changeDate":"2020-05-22"},"changeUniversType":{"id":7,"name":"Смерть","isPrimaryEvent":false,"isPrimaryEventMb":false,"isFictionEvent":false,"isQuestionEvent":false,"isCapacityCheckNeeded":false,"isDepartureFilter":false,"createDate":"2020-05-22","changeDate":"2020-05-22","isArriveFilter":false,"isDeprecated":null,"orderNum":16},"changeDateLabelName":"Дата события","isDefaultDeleteBasis":false,"primaryBasis":false,"orderNum":null,"isDefaultDeathZagsImport":false,"isCorrectionBasis":false,"isNameChangeFromZagsImport":false,"isBirthFromZagsImport":false,"isDefaultDepartureBasis":false,"isDeathFromZags":false,"fieldEnablingCapacity":null,"isDefaultArrivalBasisMilitary":false,"updateDate":null,"createDate":null,"fieldEnabling":{"onlyDeath":true}},{"id":108,"name":"Избиратель, участник избирательного процесса","isProtected":null,"changeBasisCode":-1,"changeTypeFountainInform":{"id":110,"name":"ЕПГУ","subjectType":{"id":120,"name":"КСА ГАС Выборы","isProtected":true,"isUnchecked":false,"isDoc":false,"startDate":"2020-03-04","endDate":"2020-03-04"},"isProtected":false,"isUnchecked":false,"createDate":"2020-08-14","changeDate":"2020-08-14"},"changeUniversType":{"id":18,"name":"Без регистрации по месту жительства","isPrimaryEvent":false,"isPrimaryEventMb":false,"isFictionEvent":false,"isQuestionEvent":false,"isCapacityCheckNeeded":false,"isDepartureFilter":false,"createDate":"2020-08-14","changeDate":"2020-08-14","isArriveFilter":false,"isDeprecated":null,"orderNum":null},"changeDateLabelName":"Дата события","isDefaultDeleteBasis":false,"primaryBasis":false,"orderNum":null,"isDefaultDeathZagsImport":false,"isCorrectionBasis":false,"isNameChangeFromZagsImport":false,"isBirthFromZagsImport":false,"isDefaultDepartureBasis":false,"isDeathFromZags":false,"fieldEnablingCapacity":null,"isDefaultArrivalBasisMilitary":false,"updateDate":null,"createDate":null,"fieldEnabling":{"allEnabled":true}},{"id":107,"name":"Избиратель, участник избирательного процесса","isProtected":null,"changeBasisCode":-1,"changeTypeFountainInform":{"id":109,"name":"ПАИП","subjectType":{"id":120,"name":"КСА ГАС Выборы","isProtected":true,"isUnchecked":false,"isDoc":false,"startDate":"2020-03-04","endDate":"2020-03-04"},"isProtected":false,"isUnchecked":false,"createDate":"2020-08-14","changeDate":"2020-08-14"},"changeUniversType":{"id":18,"name":"Без регистрации по месту жительства","isPrimaryEvent":false,"isPrimaryEventMb":false,"isFictionEvent":false,"isQuestionEvent":false,"isCapacityCheckNeeded":false,"isDepartureFilter":false,"createDate":"2020-08-14","changeDate":"2020-08-14","isArriveFilter":false,"isDeprecated":null,"orderNum":null},"changeDateLabelName":"Дата события","isDefaultDeleteBasis":false,"primaryBasis":false,"orderNum":null,"isDefaultDeathZagsImport":false,"isCorrectionBasis":false,"isNameChangeFromZagsImport":false,"isBirthFromZagsImport":false,"isDefaultDepartureBasis":false,"isDeathFromZags":false,"fieldEnablingCapacity":null,"isDefaultArrivalBasisMilitary":false,"updateDate":null,"createDate":null,"fieldEnabling":{"allEnabled":true}},{"id":89,"name":"Листок прибытия","isProtected":null,"changeBasisCode":4,"changeTypeFountainInform":{"id":101,"name":"МВД РФ","subjectType":{"id":2,"name":"Паспортно-визовая служба (ПВС)","isProtected":true,"isUnchecked":false,"isDoc":true,"startDate":"2020-03-04","endDate":"2020-03-04"},"isProtected":false,"isUnchecked":false,"createDate":"2020-07-24","changeDate":"2020-05-22"},"changeUniversType":{"id":2,"name":"Получение паспорта","isPrimaryEvent":false,"isPrimaryEventMb":true,"isFictionEvent":false,"isQuestionEvent":false,"isCapacityCheckNeeded":false,"isDepartureFilter":false,"createDate":"2020-05-22","changeDate":"2020-05-22","isArriveFilter":false,"isDeprecated":null,"orderNum":11},"changeDateLabelName":"Дата события","isDefaultDeleteBasis":false,"primaryBasis":true,"orderNum":null,"isDefaultDeathZagsImport":false,"isCorrectionBasis":false,"isNameChangeFromZagsImport":false,"isBirthFromZagsImport":false,"isDefaultDepartureBasis":false,"isDeathFromZags":false,"fieldEnablingCapacity":null,"isDefaultArrivalBasisMilitary":false,"updateDate":null,"createDate":null,"fieldEnabling":{"changeRequired":[{"error":"Поля серия и номер документа, дата выдачи документа обязательны для изменения","fields":["electDocSeriesAndNumber","electorDoc.issueDate"],"ruleType":"AllOfThem"}],"enable":["electorDoc.electorDocType","electDocSeriesAndNumber","electorDoc.issueDate","electorDoc.issueSubject"]}},{"id":109,"name":"Учет СНИЛС","isProtected":null,"changeBasisCode":-1,"changeTypeFountainInform":{"id":111,"name":"ПФР","subjectType":{"id":120,"name":"КСА ГАС Выборы","isProtected":true,"isUnchecked":false,"isDoc":false,"startDate":"2020-03-04","endDate":"2020-03-04"},"isProtected":false,"isUnchecked":false,"createDate":"2020-08-14","changeDate":"2020-08-14"},"changeUniversType":{"id":20,"name":"Учет СНИЛС","isPrimaryEvent":false,"isPrimaryEventMb":false,"isFictionEvent":false,"isQuestionEvent":false,"isCapacityCheckNeeded":false,"isDepartureFilter":false,"createDate":"2020-08-14","changeDate":"2020-08-14","isArriveFilter":false,"isDeprecated":null,"orderNum":null},"changeDateLabelName":"Дата события","isDefaultDeleteBasis":false,"primaryBasis":false,"orderNum":null,"isDefaultDeathZagsImport":false,"isCorrectionBasis":false,"isNameChangeFromZagsImport":false,"isBirthFromZagsImport":false,"isDefaultDepartureBasis":false,"isDeathFromZags":false,"fieldEnablingCapacity":null,"isDefaultArrivalBasisMilitary":false,"updateDate":null,"createDate":null,"fieldEnabling":{"changeRequired":[{"error":"Поле СНИЛС обязательно для заполнения / изменения","fields":["snils"],"ruleType":"AllOfThem"}],"enable":["snils"]}}]}