{"updateDate":"2000-01-01","createDate":"2000-01-01","changeDate":null,"basisChange":{"id":1,"name":"Актуальный срез","isProtected":null,"changeBasisCode":-1,"changeTypeFountainInform":{"id":2,"name":"ЦИК","subjectType":{"id":1,"name":"Избирательные комиссии (ИК)","isProtected":true,"isUnchecked":false,"isDoc":false,"startDate":"2020-03-04","endDate":"2020-03-04"},"isProtected":false,"isUnchecked":false,"createDate":"2020-05-22","changeDate":"2020-05-22"},"changeUniversType":{"id":0,"name":"Актуальный срез","isPrimaryEvent":true,"isPrimaryEventMb":true,"isFictionEvent":false,"isQuestionEvent":false,"isCapacityCheckNeeded":false,"isDepartureFilter":false,"createDate":"2020-05-22","changeDate":"2020-05-22","isArriveFilter":false,"isDeprecated":null,"orderNum":10},"changeDateLabelName":"Дата события","isDefaultDeleteBasis":false,"primaryBasis":false,"orderNum":null,"isDefaultDeathZagsImport":false,"isCorrectionBasis":false,"isNameChangeFromZagsImport":false,"isBirthFromZagsImport":false,"isDefaultDepartureBasis":false,"isDeathFromZags":false,"fieldEnablingCapacity":null,"isDefaultArrivalBasisMilitary":false,"updateDate":null,"createDate":null,"fieldEnabling":{"allEnabled":false}},"lastName":{"lastValue":null,"actualValue":"Абаев"},"firstName":{"lastValue":null,"actualValue":"Александр"},"middleName":{"lastValue":null,"actualValue":"Юрьевич"},"birthDay":{"lastValue":null,"actualValue":"1992-01-31"},"birthDayString":{"lastValue":null,"actualValue":"1992.01.31"},"isBirthdayYearOnly":{"lastValue":null,"actualValue":false},"gender":{"lastValue":null,"actualValue":{"id":1,"name":"Мужской"}},"capacity":{"lastValue":null,"actualValue":{"id":1,"name":"дееспособен","isDefault":true,"isTrueCapacity":true}},"birthAddress":{"lastValue":null,"actualValue":{"id":1,"beginDate":null,"endDate":null,"name":"Россия","addressLevel":{"id":71,"name":"Страна","startDate":null,"endDate":null,"isProtected":true,"isRoot":true,"addressLevelHierarchList":[]},"writingType":null,"posInAddressName":null,"fullName":"Страна: Россия","isProtected":true,"isUnchecked":false,"isDefaultCountry":true,"isBomzh":false}},"country":{"lastValue":null,"actualValue":{"id":643,"name":"Россия","isDefault":true}},"snils":{"lastValue":null,"actualValue":null},"inn":{"lastValue":null,"actualValue":null},"electorDoc":{"electorDocType":{"lastValue":null,"actualValue":{"id":9,"name":"Паспорт гражданина РФ","isPrimary":true,"shortName":"Паспорт РФ","templateSeries":"99 99","templateNumber":"999999","docCode":"","sortOrder":222,"isDefault":true}},"electDocSeries":{"lastValue":null,"actualValue":"0001"},"electDocNumber":{"lastValue":null,"actualValue":"028957"},"issueDate":{"lastValue":null,"actualValue":"2013-04-19"},"issueSubject":{"lastValue":null,"actualValue":{"id":9,"globalId":86014,"parentId":null,"name":"ФМС РФ","code":null,"subjectLevel":{"id":49,"name":"Паспортные столы ОВД","startDate":null,"endDate":null,"isProtected":true,"isUnchecked":false,"isActive":true,"subjectType":{"id":2,"name":"Паспортно-визовая служба (ПВС)","isProtected":true,"isUnchecked":false,"isDoc":true,"startDate":"2020-03-04","endDate":"2020-03-04"},"parent":{"id":47,"name":"МВД","startDate":null,"endDate":null,"isProtected":true,"isUnchecked":false,"isActive":true,"subjectType":{"id":2,"name":"Паспортно-визовая служба (ПВС)","isProtected":true,"isUnchecked":false,"isDoc":true,"startDate":"2020-03-04","endDate":"2020-03-04"},"parent":null}},"municipalType":null,"electionLevel":null,"subjectType":{"id":9,"name":"Федеральная миграционная служба (ФМС)","isProtected":true,"isUnchecked":false,"isDoc":true,"startDate":"2020-03-04","endDate":"2020-03-04"},"rfId":null,"startDate":null,"endDate":null,"isActual":true,"isUnchecked":false,"isProtected":false,"fullName":"Паспортные столы ОВД: Федеральная миграционная служба (ФМС) ФМС РФ"}}},"electorResidence":{"arrivalAddress":{"lastValue":null,"actualValue":{"id":1,"beginDate":null,"endDate":null,"name":"Россия","addressLevel":{"id":71,"name":"Страна","startDate":null,"endDate":null,"isProtected":true,"isRoot":true,"addressLevelHierarchList":[]},"writingType":null,"posInAddressName":null,"fullName":"Страна: Россия","isProtected":true,"isUnchecked":false,"isDefaultCountry":true,"isBomzh":false}},"departureAddress":{"lastValue":null,"actualValue":null},"livingAddress":{"lastValue":null,"actualValue":{"id":1213354,"beginDate":null,"endDate":null,"name":"54 в/ч 20189","addressLevel":{"id":18,"name":"Дом","startDate":null,"endDate":null,"isProtected":false,"isRoot":false,"addressLevelHierarchList":[]},"writingType":null,"posInAddressName":null,"fullName":"Страна: Россия, Субъект Федерации: Рязанская, Район: Рыбновский, Город: Город Рыбное, Улица: Большая, Дом: 54 в/ч 20189","isProtected":false,"isUnchecked":false,"isDefaultCountry":false,"isBomzh":false}},"tempStartDate":{"lastValue":null,"actualValue":null},"tempEndDate":{"lastValue":null,"actualValue":null},"residenceType":null,"residenceKind":{"lastValue":null,"actualValue":{"id":1,"name":"Постоянная","isNeedFillRegistrationEnd":false}},"residenceExpirationDate":{"lastValue":null,"actualValue":null},"arrivePreferedDate":{"lastValue":null,"actualValue":null},"isCreateArriveNeeded":{"lastValue":null,"actualValue":false},"tempDocNumber":{"lastValue":null,"actualValue":null}},"sysSubjectId":null,"isApproved":{"lastValue":null,"actualValue":true},"electorZagsInfo":null,"changeUserFullName":"Смирнов Георгий Викторович"}