[{"id":"320495","addressId":"1198641","name":"1","fullName":"Рязанская область, Рыбновский, П Зав Ветзоотехника д. 1","level":8,"levelString":"Дом","electorsCount":null,"sortMode":null,"newListMode":null,"registerMode":null,"ranges":[{"createDate":"2020-12-05T00:00:00","updateDate":null,"createUserId":"24ecbe64-06ef-41bc-81f3-e1ee734113b2","updateUserId":null,"id":"2290","literFrom":"А","literTo":"Я","isFullDepend":true,"kca":null,"pointId":93,"nodeId":320495,"pointNumber":1}]},{"id":"320784","addressId":"1200087","name":"10","fullName":"Рязанская область, Рыбновский, П Зав Ветзоотехника д. 10","level":8,"levelString":"Дом","electorsCount":null,"sortMode":null,"newListMode":null,"registerMode":null,"ranges":[{"createDate":"2020-12-05T00:00:00","updateDate":null,"createUserId":"14c34e3b-0e72-4f4c-bd5e-edca275e16b8","updateUserId":null,"id":"2291","literFrom":"А","literTo":"Я","isFullDepend":true,"kca":null,"pointId":93,"nodeId":320784,"pointNumber":1}]},{"id":"320776","addressId":"1198675","name":"11","fullName":"Рязанская область, Рыбновский, П Зав Ветзоотехника д. 11","level":8,"levelString":"Дом","electorsCount":null,"sortMode":null,"newListMode":null,"registerMode":null,"ranges":[{"createDate":"2020-12-05T00:00:00","updateDate":null,"createUserId":"b30626e9-3a13-4684-8cf8-306e09127203","updateUserId":null,"id":"2292","literFrom":"А","literTo":"Я","isFullDepend":true,"kca":null,"pointId":93,"nodeId":320776,"pointNumber":1}]},{"id":"320779","addressId":"1198676","name":"12","fullName":"Рязанская область, Рыбновский, П Зав Ветзоотехника д. 12","level":8,"levelString":"Дом","electorsCount":null,"sortMode":null,"newListMode":null,"registerMode":null,"ranges":[{"createDate":"2020-12-05T00:00:00","updateDate":null,"createUserId":"fca7fcd6-807d-496d-944c-6f59182f876f","updateUserId":null,"id":"2293","literFrom":"А","literTo":"Я","isFullDepend":true,"kca":null,"pointId":93,"nodeId":320779,"pointNumber":1}]},{"id":"320781","addressId":"1199521","name":"14","fullName":"Рязанская область, Рыбновский, П Зав Ветзоотехника д. 14","level":8,"levelString":"Дом","electorsCount":null,"sortMode":null,"newListMode":null,"registerMode":null,"ranges":[{"createDate":"2020-12-05T00:00:00","updateDate":null,"createUserId":"e554c9a8-b6e3-4aa2-84e4-000d11a89854","updateUserId":null,"id":"2294","literFrom":"А","literTo":"Я","isFullDepend":true,"kca":null,"pointId":93,"nodeId":320781,"pointNumber":1}]},{"id":"320788","addressId":"1214152","name":"16","fullName":"Рязанская область, Рыбновский, П Зав Ветзоотехника д. 16","level":8,"levelString":"Дом","electorsCount":null,"sortMode":null,"newListMode":null,"registerMode":null,"ranges":[{"createDate":"2020-12-05T00:00:00","updateDate":null,"createUserId":"e8d24752-79b6-4102-b8f1-cf65a659d680","updateUserId":null,"id":"2295","literFrom":"А","literTo":"Я","isFullDepend":true,"kca":null,"pointId":93,"nodeId":320788,"pointNumber":1}]},{"id":"320512","addressId":"1198645","name":"1А","fullName":"Рязанская область, Рыбновский, П Зав Ветзоотехника д. 1А","level":8,"levelString":"Дом","electorsCount":null,"sortMode":null,"newListMode":null,"registerMode":null,"ranges":[{"createDate":"2020-12-05T00:00:00","updateDate":null,"createUserId":"2e0081f0-5322-46a6-a8de-21bd9c222071","updateUserId":null,"id":"2296","literFrom":"А","literTo":"Я","isFullDepend":true,"kca":null,"pointId":93,"nodeId":320512,"pointNumber":1}]},{"id":"320513","addressId":"1198646","name":"2","fullName":"Рязанская область, Рыбновский, П Зав Ветзоотехника д. 2","level":8,"levelString":"Дом","electorsCount":null,"sortMode":null,"newListMode":null,"registerMode":null,"ranges":[{"createDate":"2020-12-05T00:00:00","updateDate":null,"createUserId":"2827225c-d4e0-4ed0-aca7-22017809d011","updateUserId":null,"id":"2297","literFrom":"А","literTo":"Я","isFullDepend":true,"kca":null,"pointId":93,"nodeId":320513,"pointNumber":1}]},{"id":"320791","addressId":"1222457","name":"21","fullName":"Рязанская область, Рыбновский, П Зав Ветзоотехника д. 21","level":8,"levelString":"Дом","electorsCount":null,"sortMode":null,"newListMode":null,"registerMode":null,"ranges":[{"createDate":"2020-12-05T00:00:00","updateDate":null,"createUserId":"b58b6d91-5c62-4e32-8338-9e351b926007","updateUserId":null,"id":"2298","literFrom":"А","literTo":"Я","isFullDepend":true,"kca":null,"pointId":93,"nodeId":320791,"pointNumber":1}]},{"id":"320790","addressId":"1214693","name":"24","fullName":"Рязанская область, Рыбновский, П Зав Ветзоотехника д. 24","level":8,"levelString":"Дом","electorsCount":null,"sortMode":null,"newListMode":null,"registerMode":null,"ranges":[{"createDate":"2020-12-05T00:00:00","updateDate":null,"createUserId":"08f6de30-4c40-48ad-bf6d-4a30f7376790","updateUserId":null,"id":"2299","literFrom":"А","literTo":"Я","isFullDepend":true,"kca":null,"pointId":93,"nodeId":320790,"pointNumber":1}]},{"id":"320789","addressId":"1214633","name":"25","fullName":"Рязанская область, Рыбновский, П Зав Ветзоотехника д. 25","level":8,"levelString":"Дом","electorsCount":null,"sortMode":null,"newListMode":null,"registerMode":null,"ranges":[{"createDate":"2020-12-05T00:00:00","updateDate":null,"createUserId":"62b75435-0cd4-4527-8b5a-f962f74b3a7c","updateUserId":null,"id":"2300","literFrom":"А","literTo":"Я","isFullDepend":true,"kca":null,"pointId":93,"nodeId":320789,"pointNumber":1}]},{"id":"320530","addressId":"1198648","name":"3","fullName":"Рязанская область, Рыбновский, П Зав Ветзоотехника д. 3","level":8,"levelString":"Дом","electorsCount":null,"sortMode":null,"newListMode":null,"registerMode":null,"ranges":[{"createDate":"2020-12-05T00:00:00","updateDate":null,"createUserId":"32cb3534-a899-4358-807d-64bc5d7052ae","updateUserId":null,"id":"2301","literFrom":"А","literTo":"Я","isFullDepend":true,"kca":null,"pointId":93,"nodeId":320530,"pointNumber":1}]},{"id":"320792","addressId":"1222931","name":"34","fullName":"Рязанская область, Рыбновский, П Зав Ветзоотехника д. 34","level":8,"levelString":"Дом","electorsCount":null,"sortMode":null,"newListMode":null,"registerMode":null,"ranges":[{"createDate":"2020-12-05T00:00:00","updateDate":null,"createUserId":"9bd24d3e-8a70-439b-88ce-eb2c3f7f3eb7","updateUserId":null,"id":"2302","literFrom":"А","literTo":"Я","isFullDepend":true,"kca":null,"pointId":93,"nodeId":320792,"pointNumber":1}]},{"id":"320547","addressId":"1198650","name":"4","fullName":"Рязанская область, Рыбновский, П Зав Ветзоотехника д. 4","level":8,"levelString":"Дом","electorsCount":null,"sortMode":null,"newListMode":null,"registerMode":null,"ranges":[{"createDate":"2020-12-05T00:00:00","updateDate":null,"createUserId":"2100d266-7df6-446c-bdb1-384f18ebb4b1","updateUserId":null,"id":"2303","literFrom":"А","literTo":"Я","isFullDepend":true,"kca":null,"pointId":93,"nodeId":320547,"pointNumber":1}]},{"id":"320566","addressId":"1198652","name":"4А","fullName":"Рязанская область, Рыбновский, П Зав Ветзоотехника д. 4А","level":8,"levelString":"Дом","electorsCount":null,"sortMode":null,"newListMode":null,"registerMode":null,"ranges":[{"createDate":"2020-12-05T00:00:00","updateDate":null,"createUserId":"52df4288-94fe-4752-91e0-4963aaaaf88e","updateUserId":null,"id":"2304","literFrom":"А","literTo":"Я","isFullDepend":true,"kca":null,"pointId":93,"nodeId":320566,"pointNumber":1}]},{"id":"320569","addressId":"1198654","name":"5","fullName":"Рязанская область, Рыбновский, П Зав Ветзоотехника д. 5","level":8,"levelString":"Дом","electorsCount":null,"sortMode":null,"newListMode":null,"registerMode":null,"ranges":[{"createDate":"2020-12-05T00:00:00","updateDate":null,"createUserId":"6f3041fb-8d96-454e-99fe-7fb885ee91e0","updateUserId":null,"id":"2305","literFrom":"А","literTo":"Я","isFullDepend":true,"kca":null,"pointId":93,"nodeId":320569,"pointNumber":1}]},{"id":"320640","addressId":"1198662","name":"6","fullName":"Рязанская область, Рыбновский, П Зав Ветзоотехника д. 6","level":8,"levelString":"Дом","electorsCount":null,"sortMode":null,"newListMode":null,"registerMode":null,"ranges":[{"createDate":"2020-12-05T00:00:00","updateDate":null,"createUserId":"c37c6b23-4115-4357-80bd-2920a7464bdb","updateUserId":null,"id":"2306","literFrom":"А","literTo":"Я","isFullDepend":true,"kca":null,"pointId":93,"nodeId":320640,"pointNumber":1}]},{"id":"320659","addressId":"1198664","name":"7","fullName":"Рязанская область, Рыбновский, П Зав Ветзоотехника д. 7","level":8,"levelString":"Дом","electorsCount":null,"sortMode":null,"newListMode":null,"registerMode":null,"ranges":[{"createDate":"2020-12-05T00:00:00","updateDate":null,"createUserId":"9eef8f72-1e3d-4c81-819c-4663f4b92187","updateUserId":null,"id":"2307","literFrom":"А","literTo":"Я","isFullDepend":true,"kca":null,"pointId":93,"nodeId":320659,"pointNumber":1}]},{"id":"320720","addressId":"1198668","name":"8","fullName":"Рязанская область, Рыбновский, П Зав Ветзоотехника д. 8","level":8,"levelString":"Дом","electorsCount":null,"sortMode":null,"newListMode":null,"registerMode":null,"ranges":[{"createDate":"2020-12-05T00:00:00","updateDate":null,"createUserId":"d0cd3bd5-5f36-4843-9cc6-24d3dc6dcb11","updateUserId":null,"id":"2308","literFrom":"А","literTo":"Я","isFullDepend":true,"kca":null,"pointId":93,"nodeId":320720,"pointNumber":1}]},{"id":"320748","addressId":"1198671","name":"9","fullName":"Рязанская область, Рыбновский, П Зав Ветзоотехника д. 9","level":8,"levelString":"Дом","electorsCount":null,"sortMode":null,"newListMode":null,"registerMode":null,"ranges":[{"createDate":"2020-12-05T00:00:00","updateDate":null,"createUserId":"b9983916-76d7-4f45-ab0e-36289841f46e","updateUserId":null,"id":"2309","literFrom":"А","literTo":"Я","isFullDepend":true,"kca":null,"pointId":93,"nodeId":320748,"pointNumber":1}]},{"id":"320794","addressId":"1214140","name":"25","fullName":"Рязанская область, Рыбновский, Подлуг Д д. 25","level":8,"levelString":"Дом","electorsCount":null,"sortMode":null,"newListMode":null,"registerMode":null,"ranges":[{"createDate":"2020-12-05T00:00:00","updateDate":null,"createUserId":"7da9be12-446f-4dd5-8526-35117f67368b","updateUserId":null,"id":"2310","literFrom":"А","literTo":"Я","isFullDepend":true,"kca":null,"pointId":93,"nodeId":320794,"pointNumber":1}]},{"id":"320795","addressId":"1220702","name":"7","fullName":"Рязанская область, Рыбновский, Подлуг Д д. 7","level":8,"levelString":"Дом","electorsCount":null,"sortMode":null,"newListMode":null,"registerMode":null,"ranges":[{"createDate":"2020-12-05T00:00:00","updateDate":null,"createUserId":"c6536df3-942b-4038-ad4e-151b1e763c6b","updateUserId":null,"id":"2311","literFrom":"А","literTo":"Я","isFullDepend":true,"kca":null,"pointId":93,"nodeId":320795,"pointNumber":1}]},{"id":"320478","addressId":"1217995","name":"10","fullName":"Рязанская область, Рыбновский, Пощупово С д. 10","level":8,"levelString":"Дом","electorsCount":null,"sortMode":null,"newListMode":null,"registerMode":null,"ranges":[{"createDate":"2020-12-05T00:00:00","updateDate":null,"createUserId":"8ee7ba6e-e198-4d47-9078-9eb847c68206","updateUserId":null,"id":"2312","literFrom":"А","literTo":"Я","isFullDepend":true,"kca":null,"pointId":93,"nodeId":320478,"pointNumber":1}]},{"id":"320438","addressId":"1213561","name":"123","fullName":"Рязанская область, Рыбновский, Пощупово С д. 123","level":8,"levelString":"Дом","electorsCount":null,"sortMode":null,"newListMode":null,"registerMode":null,"ranges":[{"createDate":"2020-12-05T00:00:00","updateDate":null,"createUserId":"e0985031-b175-4982-a902-eded6acf5626","updateUserId":null,"id":"2313","literFrom":"А","literTo":"Я","isFullDepend":true,"kca":null,"pointId":93,"nodeId":320438,"pointNumber":1}]},{"id":"320443","addressId":"1214715","name":"14","fullName":"Рязанская область, Рыбновский, Пощупово С д. 14","level":8,"levelString":"Дом","electorsCount":null,"sortMode":null,"newListMode":null,"registerMode":null,"ranges":[{"createDate":"2020-12-05T00:00:00","updateDate":null,"createUserId":"669da9ce-a613-477a-a3c4-540a29cddd51","updateUserId":null,"id":"2314","literFrom":"А","literTo":"Я","isFullDepend":true,"kca":null,"pointId":93,"nodeId":320443,"pointNumber":1}]},{"id":"320481","addressId":"1219889","name":"16","fullName":"Рязанская область, Рыбновский, Пощупово С д. 16","level":8,"levelString":"Дом","electorsCount":null,"sortMode":null,"newListMode":null,"registerMode":null,"ranges":[{"createDate":"2020-12-05T00:00:00","updateDate":null,"createUserId":"6944da1f-117c-43a1-b2ce-68a2f6f0c6e1","updateUserId":null,"id":"2315","literFrom":"А","literTo":"Я","isFullDepend":true,"kca":null,"pointId":93,"nodeId":320481,"pointNumber":1}]},{"id":"320476","addressId":"1215860","name":"20","fullName":"Рязанская область, Рыбновский, Пощупово С д. 20","level":8,"levelString":"Дом","electorsCount":null,"sortMode":null,"newListMode":null,"registerMode":null,"ranges":[{"createDate":"2020-12-05T00:00:00","updateDate":null,"createUserId":"000389e1-cbe7-4639-8836-232c5c444500","updateUserId":null,"id":"2316","literFrom":"А","literTo":"Я","isFullDepend":true,"kca":null,"pointId":93,"nodeId":320476,"pointNumber":1}]},{"id":"320477","addressId":"1216898","name":"25","fullName":"Рязанская область, Рыбновский, Пощупово С д. 25","level":8,"levelString":"Дом","electorsCount":null,"sortMode":null,"newListMode":null,"registerMode":null,"ranges":[{"createDate":"2020-12-05T00:00:00","updateDate":null,"createUserId":"2fa85837-9490-491c-9ea7-39fa40065460","updateUserId":null,"id":"2317","literFrom":"А","literTo":"Я","isFullDepend":true,"kca":null,"pointId":93,"nodeId":320477,"pointNumber":1}]},{"id":"320480","addressId":"1219294","name":"28","fullName":"Рязанская область, Рыбновский, Пощупово С д. 28","level":8,"levelString":"Дом","electorsCount":null,"sortMode":null,"newListMode":null,"registerMode":null,"ranges":[{"createDate":"2020-12-05T00:00:00","updateDate":null,"createUserId":"c821127d-d312-4ea6-876d-6a63dc0ed0cf","updateUserId":null,"id":"2318","literFrom":"А","literTo":"Я","isFullDepend":true,"kca":null,"pointId":93,"nodeId":320480,"pointNumber":1}]},{"id":"320439","addressId":"1214537","name":"4","fullName":"Рязанская область, Рыбновский, Пощупово С д. 4","level":8,"levelString":"Дом","electorsCount":null,"sortMode":null,"newListMode":null,"registerMode":null,"ranges":[{"createDate":"2020-12-05T00:00:00","updateDate":null,"createUserId":"fa35f96e-fe31-462f-82b8-8c314167195b","updateUserId":null,"id":"2319","literFrom":"А","literTo":"Я","isFullDepend":true,"kca":null,"pointId":93,"nodeId":320439,"pointNumber":1}]},{"id":"320456","addressId":"1214881","name":"5","fullName":"Рязанская область, Рыбновский, Пощупово С д. 5","level":8,"levelString":"Дом","electorsCount":null,"sortMode":null,"newListMode":null,"registerMode":null,"ranges":[{"createDate":"2020-12-05T00:00:00","updateDate":null,"createUserId":"e4bed47b-bfc6-4a06-91a1-6fcd10c0a5d7","updateUserId":null,"id":"2320","literFrom":"А","literTo":"Я","isFullDepend":true,"kca":null,"pointId":93,"nodeId":320456,"pointNumber":1}]},{"id":"320441","addressId":"1214640","name":"61","fullName":"Рязанская область, Рыбновский, Пощупово С д. 61","level":8,"levelString":"Дом","electorsCount":null,"sortMode":null,"newListMode":null,"registerMode":null,"ranges":[{"createDate":"2020-12-05T00:00:00","updateDate":null,"createUserId":"b9ace6de-ddee-4363-913f-fff228ffd06e","updateUserId":null,"id":"2321","literFrom":"А","literTo":"Я","isFullDepend":true,"kca":null,"pointId":93,"nodeId":320441,"pointNumber":1}]},{"id":"320472","addressId":"1215234","name":"б/н","fullName":"Рязанская область, Рыбновский, Пощупово С д. б/н","level":8,"levelString":"Дом","electorsCount":null,"sortMode":null,"newListMode":null,"registerMode":null,"ranges":[{"createDate":"2020-12-05T00:00:00","updateDate":null,"createUserId":"f5c79366-e617-455e-abc6-38f0ece09ca5","updateUserId":null,"id":"2322","literFrom":"А","literTo":"Я","isFullDepend":true,"kca":null,"pointId":93,"nodeId":320472,"pointNumber":1}]},{"id":"320444","addressId":"1214848","name":"Зеленые дворики","fullName":"Рязанская область, Рыбновский, Пощупово С у. Зеленые дворики","level":7,"levelString":"Улица","electorsCount":null,"sortMode":null,"newListMode":null,"registerMode":null,"ranges":[{"createDate":"2020-12-05T00:00:00","updateDate":null,"createUserId":"bb443ca8-9fa9-4894-8c6c-4e618d1a0e05","updateUserId":null,"id":"2323","literFrom":"А","literTo":"Я","isFullDepend":true,"kca":null,"pointId":93,"nodeId":320444,"pointNumber":1}]},{"id":"320482","addressId":"1220577","name":"Новая","fullName":"Рязанская область, Рыбновский, Пощупово С у. Новая","level":7,"levelString":"Улица","electorsCount":null,"sortMode":null,"newListMode":null,"registerMode":null,"ranges":[{"createDate":"2020-12-05T00:00:00","updateDate":null,"createUserId":"d2cf3f86-f5a7-4249-a378-f768f2e6219a","updateUserId":null,"id":"2324","literFrom":"А","literTo":"Я","isFullDepend":true,"kca":null,"pointId":93,"nodeId":320482,"pointNumber":1}]},{"id":"320484","addressId":"1221808","name":"Почтовая","fullName":"Рязанская область, Рыбновский, Пощупово С у. Почтовая","level":7,"levelString":"Улица","electorsCount":null,"sortMode":null,"newListMode":null,"registerMode":null,"ranges":[{"createDate":"2020-12-05T00:00:00","updateDate":null,"createUserId":"1ea2e6ec-702a-4080-9a8a-1aff5ad4874c","updateUserId":null,"id":"2325","literFrom":"А","literTo":"Я","isFullDepend":true,"kca":null,"pointId":93,"nodeId":320484,"pointNumber":1}]},{"id":"320492","addressId":"1228397","name":"Приокская","fullName":"Рязанская область, Рыбновский, Пощупово С у. Приокская","level":7,"levelString":"Улица","electorsCount":null,"sortMode":null,"newListMode":null,"registerMode":null,"ranges":[{"createDate":"2020-12-05T00:00:00","updateDate":null,"createUserId":"280a380d-4eab-4d55-a7ee-d472399cc01c","updateUserId":null,"id":"2326","literFrom":"А","literTo":"Я","isFullDepend":true,"kca":null,"pointId":93,"nodeId":320492,"pointNumber":1}]},{"id":"320490","addressId":"1226351","name":"Рябиновая","fullName":"Рязанская область, Рыбновский, Пощупово С у. Рябиновая","level":7,"levelString":"Улица","electorsCount":null,"sortMode":null,"newListMode":null,"registerMode":null,"ranges":[{"createDate":"2020-12-05T00:00:00","updateDate":null,"createUserId":"2dc9f89b-6d17-4efb-8b42-972f7d23aee5","updateUserId":null,"id":"2327","literFrom":"А","literTo":"Я","isFullDepend":true,"kca":null,"pointId":93,"nodeId":320490,"pointNumber":1}]},{"id":"320458","addressId":"1214890","name":"Центральная","fullName":"Рязанская область, Рыбновский, Пощупово С у. Центральная","level":7,"levelString":"Улица","electorsCount":null,"sortMode":null,"newListMode":null,"registerMode":null,"ranges":[{"createDate":"2020-12-05T00:00:00","updateDate":null,"createUserId":"393861f2-5753-4714-90f6-67d813794753","updateUserId":null,"id":"2328","literFrom":"А","literTo":"Я","isFullDepend":true,"kca":null,"pointId":93,"nodeId":320458,"pointNumber":1}]},{"id":"320488","addressId":"1223072","name":"Чистопрудная","fullName":"Рязанская область, Рыбновский, Пощупово С у. Чистопрудная","level":7,"levelString":"Улица","electorsCount":null,"sortMode":null,"newListMode":null,"registerMode":null,"ranges":[{"createDate":"2020-12-05T00:00:00","updateDate":null,"createUserId":"00830204-2b5b-4da9-8a16-4e40020c3528","updateUserId":null,"id":"2329","literFrom":"А","literTo":"Я","isFullDepend":true,"kca":null,"pointId":93,"nodeId":320488,"pointNumber":1}]},{"id":"320800","addressId":"1213755","name":"1","fullName":"Рязанская область, Рыбновский, Путково Д д. 1","level":8,"levelString":"Дом","electorsCount":null,"sortMode":null,"newListMode":null,"registerMode":null,"ranges":[{"createDate":"2020-12-05T00:00:00","updateDate":null,"createUserId":"954342f6-d689-4293-9644-c3319d430df9","updateUserId":null,"id":"2330","literFrom":"А","literTo":"Я","isFullDepend":true,"kca":null,"pointId":93,"nodeId":320800,"pointNumber":1}]},{"id":"320797","addressId":"1213363","name":"11","fullName":"Рязанская область, Рыбновский, Путково Д д. 11","level":8,"levelString":"Дом","electorsCount":null,"sortMode":null,"newListMode":null,"registerMode":null,"ranges":[{"createDate":"2020-12-05T00:00:00","updateDate":null,"createUserId":"0bf1d4a9-3664-4a64-a28b-31376b9c213c","updateUserId":null,"id":"2331","literFrom":"А","literTo":"Я","isFullDepend":true,"kca":null,"pointId":93,"nodeId":320797,"pointNumber":1}]},{"id":"320801","addressId":"1215857","name":"22","fullName":"Рязанская область, Рыбновский, Путково Д д. 22","level":8,"levelString":"Дом","electorsCount":null,"sortMode":null,"newListMode":null,"registerMode":null,"ranges":[{"createDate":"2020-12-05T00:00:00","updateDate":null,"createUserId":"5a002c5a-a4bd-4bab-a91e-d8b9a382f17b","updateUserId":null,"id":"2332","literFrom":"А","literTo":"Я","isFullDepend":true,"kca":null,"pointId":93,"nodeId":320801,"pointNumber":1}]},{"id":"320799","addressId":"1213485","name":"29","fullName":"Рязанская область, Рыбновский, Путково Д д. 29","level":8,"levelString":"Дом","electorsCount":null,"sortMode":null,"newListMode":null,"registerMode":null,"ranges":[{"createDate":"2020-12-05T00:00:00","updateDate":null,"createUserId":"72e2110b-1a08-4739-a814-ed82f76e5c04","updateUserId":null,"id":"2333","literFrom":"А","literTo":"Я","isFullDepend":true,"kca":null,"pointId":93,"nodeId":320799,"pointNumber":1}]},{"id":"320798","addressId":"1213425","name":"52","fullName":"Рязанская область, Рыбновский, Путково Д д. 52","level":8,"levelString":"Дом","electorsCount":null,"sortMode":null,"newListMode":null,"registerMode":null,"ranges":[{"createDate":"2020-12-05T00:00:00","updateDate":null,"createUserId":"79f4c1ac-d4a9-43dc-bdd9-26fc5e405ae3","updateUserId":null,"id":"2334","literFrom":"А","literTo":"Я","isFullDepend":true,"kca":null,"pointId":93,"nodeId":320798,"pointNumber":1}]}]