[{"id":54,"fileName":"25_sm_.csv","status":{"id":1,"name":"Успешно","successful":true},"createDate":"2020-09-01T08:03:49.164892","finishDate":"2020-09-01T08:03:49.670381","processDuration":0,"fileSize":0,"lineNumbersWithError":[1],"proceedSuccess":0,"proceedError":1,"errorDescription":"1 - Избиратель с такими данными не найден; "},{"id":53,"fileName":"23_sm_.csv","status":{"id":1,"name":"Успешно","successful":true},"createDate":"2020-08-31T09:51:37.753306","finishDate":"2020-08-31T09:51:38.303543","processDuration":1,"fileSize":0,"lineNumbersWithError":[1],"proceedSuccess":0,"proceedError":1,"errorDescription":"1 - Избиратель с такими данными не найден; "},{"id":52,"fileName":"2_sm_.csv","status":{"id":1,"name":"Успешно","successful":true},"createDate":"2020-08-31T08:49:36.013661","finishDate":"2020-08-31T08:49:36.676748","processDuration":0,"fileSize":0,"lineNumbersWithError":[1,2,3,4,5,6,7,8,9,10],"proceedSuccess":0,"proceedError":10,"errorDescription":"1 - Избиратель с такими данными не найден; 2 - Избиратель с такими данными не найден; 3 - Избиратель с такими данными не найден; 4 - Избиратель с такими данными не найден; 5 - Избиратель с такими данными не найден; 6 - Избиратель с такими данными не найден; 7 - Избиратель с такими данными не найден; 8 - Избиратель с такими данными не найден; 9 - Избиратель с такими данными не найден; 10 - Избиратель с такими данными не найден; "},{"id":51,"fileName":"1_sm_.csv","status":{"id":0,"name":"Ошибка","successful":false},"createDate":"2020-08-31T08:16:26.884237","finishDate":"2020-08-31T08:16:26.884774","processDuration":0,"fileSize":0,"lineNumbersWithError":null,"proceedSuccess":0,"proceedError":0,"errorDescription":"Загружаемый файл не соответствует требованиям к файлам ЗАГС"},{"id":50,"fileName":"1_sm_.csv","status":{"id":1,"name":"Успешно","successful":true},"createDate":"2020-08-31T08:15:48.30538","finishDate":"2020-08-31T08:15:48.330761","processDuration":0,"fileSize":0,"lineNumbersWithError":[1,2,3,4,5,6,7,8,9,10],"proceedSuccess":0,"proceedError":10,"errorDescription":"1 - Произошла ошибка при обработке избирателя; 2 - Произошла ошибка при обработке избирателя; 3 - Произошла ошибка при обработке избирателя; 4 - Произошла ошибка при обработке избирателя; 5 - Произошла ошибка при обработке избирателя; 6 - Произошла ошибка при обработке избирателя; 7 - Произошла ошибка при обработке избирателя; 8 - Произошла ошибка при обработке избирателя; 9 - Произошла ошибка при обработке избирателя; 10 - Произошла ошибка при обработке избирателя; "},{"id":49,"fileName":"1_sm_.csv","status":{"id":0,"name":"Ошибка","successful":false},"createDate":"2020-08-31T08:15:20.438047","finishDate":"2020-08-31T08:15:20.439128","processDuration":0,"fileSize":0,"lineNumbersWithError":null,"proceedSuccess":0,"proceedError":0,"errorDescription":"Загружаемый файл не соответствует требованиям к файлам ЗАГС"},{"id":48,"fileName":"1_sm_.csv","status":{"id":1,"name":"Успешно","successful":true},"createDate":"2020-08-31T08:11:41.80809","finishDate":"2020-08-31T08:11:41.832351","processDuration":0,"fileSize":0,"lineNumbersWithError":[1,2,3,4,5,6,7,8,9,10],"proceedSuccess":0,"proceedError":10,"errorDescription":"1 - Произошла ошибка при обработке избирателя; 2 - Произошла ошибка при обработке избирателя; 3 - Произошла ошибка при обработке избирателя; 4 - Произошла ошибка при обработке избирателя; 5 - Произошла ошибка при обработке избирателя; 6 - Произошла ошибка при обработке избирателя; 7 - Произошла ошибка при обработке избирателя; 8 - Произошла ошибка при обработке избирателя; 9 - Произошла ошибка при обработке избирателя; 10 - Произошла ошибка при обработке избирателя; "},{"id":47,"fileName":"errors_4_sm_.csv","status":{"id":0,"name":"Ошибка","successful":false},"createDate":"2020-08-31T07:24:16.366648","finishDate":"2020-08-31T07:24:16.374096","processDuration":0,"fileSize":0,"lineNumbersWithError":null,"proceedSuccess":0,"proceedError":0,"errorDescription":"Загружаемый файл не соответствует требованиям к файлам ЗАГС"},{"id":46,"fileName":"22_SM.csv","status":{"id":1,"name":"Успешно","successful":true},"createDate":"2020-08-28T09:12:20.48","finishDate":"2020-08-28T09:12:20.486","processDuration":0,"fileSize":0,"lineNumbersWithError":[1,2,3],"proceedSuccess":0,"proceedError":3,"errorDescription":"1 - Произошла ошибка при обработке избирателя; 2 - Произошла ошибка при обработке избирателя; 3 - Произошла ошибка при обработке избирателя; "},{"id":45,"fileName":"errors_4_sm_.csv","status":{"id":0,"name":"Ошибка","successful":false},"createDate":"2020-08-28T09:02:23.367","finishDate":"2020-08-28T09:02:23.367","processDuration":0,"fileSize":0,"lineNumbersWithError":null,"proceedSuccess":0,"proceedError":0,"errorDescription":"Загружаемый файл не соответствует требованиям к файлам ЗАГС"},{"id":44,"fileName":"8_sm_.csv","status":{"id":0,"name":"Ошибка","successful":false},"createDate":"2020-08-28T08:59:34.542","finishDate":"2020-08-28T08:59:34.542","processDuration":0,"fileSize":0,"lineNumbersWithError":null,"proceedSuccess":0,"proceedError":0,"errorDescription":"Загружаемый файл не соответствует требованиям к файлам ЗАГС"},{"id":43,"fileName":"13_SM.csv","status":{"id":0,"name":"Ошибка","successful":false},"createDate":"2020-08-28T08:53:58.331","finishDate":"2020-08-28T08:53:58.331","processDuration":0,"fileSize":0,"lineNumbersWithError":null,"proceedSuccess":0,"proceedError":0,"errorDescription":"Загружаемый файл не соответствует требованиям к файлам ЗАГС"},{"id":42,"fileName":"13_SM.csv","status":{"id":0,"name":"Ошибка","successful":false},"createDate":"2020-08-28T08:51:48.763","finishDate":"2020-08-28T08:51:48.763","processDuration":0,"fileSize":0,"lineNumbersWithError":null,"proceedSuccess":0,"proceedError":0,"errorDescription":"Загружаемый файл не соответствует требованиям к файлам ЗАГС"},{"id":41,"fileName":"13_SM.csv","status":{"id":1,"name":"Успешно","successful":true},"createDate":"2020-08-28T08:49:30.016","finishDate":"2020-08-28T08:49:30.035","processDuration":0,"fileSize":0,"lineNumbersWithError":[1,2,3],"proceedSuccess":0,"proceedError":3,"errorDescription":"1 - Произошла ошибка при обработке избирателя; 2 - Произошла ошибка при обработке избирателя; 3 - Произошла ошибка при обработке избирателя; "},{"id":40,"fileName":"19_SM.csv","status":{"id":0,"name":"Ошибка","successful":false},"createDate":"2020-08-28T08:49:20.75","finishDate":"2020-08-28T08:49:20.75","processDuration":0,"fileSize":0,"lineNumbersWithError":null,"proceedSuccess":0,"proceedError":0,"errorDescription":"Загружаемый файл не соответствует требованиям к файлам ЗАГС"},{"id":39,"fileName":"17_SM.csv","status":{"id":0,"name":"Ошибка","successful":false},"createDate":"2020-08-28T08:09:58.037","finishDate":"2020-08-28T08:09:58.037","processDuration":0,"fileSize":0,"lineNumbersWithError":null,"proceedSuccess":0,"proceedError":0,"errorDescription":"Загружаемый файл не соответствует требованиям к файлам ЗАГС"},{"id":38,"fileName":"test.csv","status":{"id":0,"name":"Ошибка","successful":false},"createDate":"2020-08-28T07:55:21.672","finishDate":"2020-08-28T07:55:21.672","processDuration":0,"fileSize":0,"lineNumbersWithError":null,"proceedSuccess":0,"proceedError":0,"errorDescription":"Загружаемый файл не соответствует требованиям к файлам ЗАГС"},{"id":37,"fileName":"13_SM.csv","status":{"id":1,"name":"Успешно","successful":true},"createDate":"2020-08-28T07:50:44.461","finishDate":"2020-08-28T07:50:44.469","processDuration":0,"fileSize":0,"lineNumbersWithError":[1,2,3],"proceedSuccess":0,"proceedError":3,"errorDescription":"1 - Произошла ошибка при обработке избирателя; 2 - Произошла ошибка при обработке избирателя; 3 - Произошла ошибка при обработке избирателя; "},{"id":36,"fileName":"1234.csv","status":{"id":1,"name":"Успешно","successful":true},"createDate":"2020-08-28T07:38:52.948","finishDate":"2020-08-28T07:38:52.977","processDuration":0,"fileSize":0,"lineNumbersWithError":[1,2,3,4,5,6,7,8,9,10],"proceedSuccess":0,"proceedError":10,"errorDescription":"1 - Произошла ошибка при обработке избирателя; 2 - Произошла ошибка при обработке избирателя; 3 - Произошла ошибка при обработке избирателя; 4 - Произошла ошибка при обработке избирателя; 5 - Произошла ошибка при обработке избирателя; 6 - Произошла ошибка при обработке избирателя; 7 - Произошла ошибка при обработке избирателя; 8 - Произошла ошибка при обработке избирателя; 9 - Произошла ошибка при обработке избирателя; 10 - Произошла ошибка при обработке избирателя; "},{"id":35,"fileName":"8_sm_.csv","status":{"id":0,"name":"Ошибка","successful":false},"createDate":"2020-08-27T10:00:43.516","finishDate":"2020-08-27T10:00:43.517","processDuration":0,"fileSize":0,"lineNumbersWithError":null,"proceedSuccess":0,"proceedError":0,"errorDescription":"Загружаемый файл не соответствует требованиям к файлам ЗАГС"},{"id":34,"fileName":"2_sm_.csv","status":{"id":0,"name":"Ошибка","successful":false},"createDate":"2020-08-27T09:35:22.699","finishDate":"2020-08-27T09:35:22.7","processDuration":0,"fileSize":0,"lineNumbersWithError":null,"proceedSuccess":0,"proceedError":0,"errorDescription":"Загружаемый файл не соответствует требованиям к файлам ЗАГС"},{"id":33,"fileName":"2_sm_.csv","status":{"id":0,"name":"Ошибка","successful":false},"createDate":"2020-08-27T09:33:30.986","finishDate":"2020-08-27T09:33:30.987","processDuration":0,"fileSize":0,"lineNumbersWithError":null,"proceedSuccess":0,"proceedError":0,"errorDescription":"Загружаемый файл не соответствует требованиям к файлам ЗАГС"},{"id":32,"fileName":"12_sm_.csv","status":{"id":0,"name":"Ошибка","successful":false},"createDate":"2020-08-27T09:32:31.115","finishDate":"2020-08-27T09:32:31.117","processDuration":0,"fileSize":0,"lineNumbersWithError":null,"proceedSuccess":0,"proceedError":0,"errorDescription":"Загружаемый файл не соответствует требованиям к файлам ЗАГС"},{"id":31,"fileName":"5_sm_.csv","status":{"id":0,"name":"Ошибка","successful":false},"createDate":"2020-08-27T09:15:06.787","finishDate":"2020-08-27T09:15:06.787","processDuration":0,"fileSize":0,"lineNumbersWithError":null,"proceedSuccess":0,"proceedError":0,"errorDescription":"Загружаемый файл не соответствует требованиям к файлам ЗАГС"},{"id":30,"fileName":"4_sm_.csv","status":{"id":0,"name":"Ошибка","successful":false},"createDate":"2020-08-27T09:14:06.404","finishDate":"2020-08-27T09:14:06.405","processDuration":0,"fileSize":0,"lineNumbersWithError":null,"proceedSuccess":0,"proceedError":0,"errorDescription":"Загружаемый файл не соответствует требованиям к файлам ЗАГС"},{"id":29,"fileName":"4_sm_.csv","status":{"id":1,"name":"Успешно","successful":true},"createDate":"2020-08-27T09:10:35.98","finishDate":"2020-08-27T09:10:36.012","processDuration":1,"fileSize":0,"lineNumbersWithError":[1,2,3,4,5,6,7,8,9,10],"proceedSuccess":0,"proceedError":10,"errorDescription":"1 - Избиратель с такими данными не найден; 2 - Избиратель с такими данными не найден; 3 - Избиратель с такими данными не найден; 4 - Избиратель с такими данными не найден; 5 - Избиратель с такими данными не найден; 6 - Избиратель с такими данными не найден; 7 - Избиратель с такими данными не найден; 8 - Избиратель с такими данными не найден; 9 - Избиратель с такими данными не найден; 10 - Избиратель с такими данными не найден; "},{"id":28,"fileName":"2_sm_.csv","status":{"id":1,"name":"Успешно","successful":true},"createDate":"2020-08-27T09:08:02.142","finishDate":"2020-08-27T09:08:02.182","processDuration":0,"fileSize":0,"lineNumbersWithError":[1,2,3,4,5,6,7,8,9,10],"proceedSuccess":0,"proceedError":10,"errorDescription":"1 - Избиратель с такими данными не найден; 2 - Избиратель с такими данными не найден; 3 - Избиратель с такими данными не найден; 4 - Избиратель с такими данными не найден; 5 - Избиратель с такими данными не найден; 6 - Избиратель с такими данными не найден; 7 - Избиратель с такими данными не найден; 8 - Избиратель с такими данными не найден; 9 - Избиратель с такими данными не найден; 10 - Избиратель с такими данными не найден; "},{"id":27,"fileName":"3_sm_.csv","status":{"id":0,"name":"Ошибка","successful":false},"createDate":"2020-08-27T09:07:45.019","finishDate":"2020-08-27T09:07:45.02","processDuration":0,"fileSize":0,"lineNumbersWithError":null,"proceedSuccess":0,"proceedError":0,"errorDescription":"Загружаемый файл не соответствует требованиям к файлам ЗАГС"},{"id":26,"fileName":"2_sm_.csv","status":{"id":1,"name":"Успешно","successful":true},"createDate":"2020-08-27T08:56:31.53","finishDate":"2020-08-27T08:56:31.91","processDuration":0,"fileSize":0,"lineNumbersWithError":[1,2,3,4,5,6,7,8,9,10],"proceedSuccess":0,"proceedError":10,"errorDescription":"1 - Избиратель с такими данными не найден; 2 - Избиратель с такими данными не найден; 3 - Избиратель с такими данными не найден; 4 - Избиратель с такими данными не найден; 5 - Избиратель с такими данными не найден; 6 - Избиратель с такими данными не найден; 7 - Избиратель с такими данными не найден; 8 - Избиратель с такими данными не найден; 9 - Избиратель с такими данными не найден; 10 - Избиратель с такими данными не найден; "},{"id":25,"fileName":"7_SM.csv","status":{"id":0,"name":"Ошибка","successful":false},"createDate":"2020-08-27T08:56:21.27","finishDate":"2020-08-27T08:56:21.27","processDuration":0,"fileSize":0,"lineNumbersWithError":null,"proceedSuccess":0,"proceedError":0,"errorDescription":"Загружаемый файл не соответствует требованиям к файлам ЗАГС"},{"id":24,"fileName":"7_SM.TXT.csv","status":{"id":0,"name":"Ошибка","successful":false},"createDate":"2020-08-27T08:55:28.016","finishDate":"2020-08-27T08:55:28.016","processDuration":0,"fileSize":0,"lineNumbersWithError":null,"proceedSuccess":0,"proceedError":0,"errorDescription":"Загружаемый файл не соответствует требованиям к файлам ЗАГС"},{"id":23,"fileName":"163_SM.csv","status":{"id":0,"name":"Ошибка","successful":false},"createDate":"2020-08-26T12:41:19.278","finishDate":"2020-08-26T12:41:19.278","processDuration":0,"fileSize":0,"lineNumbersWithError":null,"proceedSuccess":0,"proceedError":0,"errorDescription":"Загружаемый файл не соответствует требованиям к файлам ЗАГС"},{"id":22,"fileName":"163_SM.TXT.csv","status":{"id":0,"name":"Ошибка","successful":false},"createDate":"2020-08-26T12:39:29.679","finishDate":"2020-08-26T12:39:29.679","processDuration":0,"fileSize":0,"lineNumbersWithError":null,"proceedSuccess":0,"proceedError":0,"errorDescription":"Загружаемый файл не соответствует требованиям к файлам ЗАГС"},{"id":21,"fileName":"123.csv","status":{"id":0,"name":"Ошибка","successful":false},"createDate":"2020-08-26T12:35:31.297","finishDate":"2020-08-26T12:35:31.301","processDuration":0,"fileSize":0,"lineNumbersWithError":null,"proceedSuccess":0,"proceedError":0,"errorDescription":"Загружаемый файл не соответствует требованиям к файлам ЗАГС"},{"id":20,"fileName":"ЗАГС_гост.csv","status":{"id":1,"name":"Успешно","successful":true},"createDate":"2020-08-25T13:13:29.939","finishDate":"2020-08-25T13:13:30.429","processDuration":1,"fileSize":0,"lineNumbersWithError":[1],"proceedSuccess":0,"proceedError":1,"errorDescription":"1 - Избиратель с такими данными не найден; "},{"id":19,"fileName":"1_sm_test.csv","status":{"id":1,"name":"Успешно","successful":true},"createDate":"2020-08-25T12:56:18.195","finishDate":"2020-08-25T12:56:18.214","processDuration":0,"fileSize":0,"lineNumbersWithError":[1,2],"proceedSuccess":0,"proceedError":2,"errorDescription":"1 - Избиратель с такими данными не найден; 2 - Избиратель с такими данными не найден; "},{"id":18,"fileName":"1_sm_test.csv","status":{"id":1,"name":"Успешно","successful":true},"createDate":"2020-08-25T12:02:25.393","finishDate":"2020-08-25T12:02:25.43","processDuration":0,"fileSize":0,"lineNumbersWithError":[1,2],"proceedSuccess":0,"proceedError":2,"errorDescription":"1 - Избиратель с такими данными не найден; 2 - Избиратель с такими данными не найден; "},{"id":17,"fileName":"1_sm_test.csv","status":{"id":1,"name":"Успешно","successful":true},"createDate":"2020-08-25T10:55:23.862","finishDate":"2020-08-25T10:55:23.898","processDuration":0,"fileSize":0,"lineNumbersWithError":[1,2,3,4,5],"proceedSuccess":0,"proceedError":5,"errorDescription":"1 - Избиратель с такими данными не найден; 2 - Избиратель с такими данными не найден; 3 - Избиратель с такими данными не найден; 4 - Избиратель с такими данными не найден; 5 - Избиратель с такими данными не найден; "},{"id":16,"fileName":"1_sm_test.csv","status":{"id":1,"name":"Успешно","successful":true},"createDate":"2020-08-25T09:59:04.509","finishDate":"2020-08-25T09:59:05.62","processDuration":1,"fileSize":0,"lineNumbersWithError":[1],"proceedSuccess":0,"proceedError":1,"errorDescription":"1 - Избиратель с такими данными не найден; "},{"id":15,"fileName":"1_sm_test.csv","status":{"id":1,"name":"Успешно","successful":true},"createDate":"2020-08-25T09:10:00.261","finishDate":"2020-08-25T09:10:01.458","processDuration":1,"fileSize":0,"lineNumbersWithError":[1],"proceedSuccess":0,"proceedError":1,"errorDescription":"1 - Избиратель с такими данными не найден; "},{"id":14,"fileName":"1_sm_test.csv","status":{"id":0,"name":"Ошибка","successful":false},"createDate":"2020-08-25T09:07:12.595","finishDate":"2020-08-25T09:07:12.603","processDuration":0,"fileSize":0,"lineNumbersWithError":null,"proceedSuccess":0,"proceedError":0,"errorDescription":"Загружаемый файл не соответствует требованиям к файлам ЗАГС"},{"id":13,"fileName":"dd.csv","status":{"id":1,"name":"Успешно","successful":true},"createDate":"2020-06-19T12:27:02.754","finishDate":"2020-06-19T12:27:06.195","processDuration":4,"fileSize":0,"lineNumbersWithError":[1],"proceedSuccess":0,"proceedError":1,"errorDescription":"1 - Произошла ошибка при обработке избирателя; "},{"id":12,"fileName":"dd.csv","status":{"id":1,"name":"Успешно","successful":true},"createDate":"2020-06-19T12:23:40.26","finishDate":"2020-06-19T12:23:44.124","processDuration":4,"fileSize":0,"lineNumbersWithError":[1],"proceedSuccess":0,"proceedError":1,"errorDescription":"1 - Произошла ошибка при обработке избирателя; "},{"id":11,"fileName":"dd.csv","status":{"id":1,"name":"Успешно","successful":true},"createDate":"2020-06-19T12:21:34.63","finishDate":"2020-06-19T12:21:34.926","processDuration":0,"fileSize":0,"lineNumbersWithError":[1],"proceedSuccess":0,"proceedError":1,"errorDescription":"1 - Произошла ошибка при обработке избирателя; "},{"id":10,"fileName":"dd.csv","status":{"id":1,"name":"Успешно","successful":true},"createDate":"2020-06-19T12:18:23.097","finishDate":"2020-06-19T12:18:23.125","processDuration":0,"fileSize":0,"lineNumbersWithError":[1],"proceedSuccess":0,"proceedError":1,"errorDescription":"1 - Избиратель с такими данными не найден; "},{"id":9,"fileName":"dd.csv","status":{"id":1,"name":"Успешно","successful":true},"createDate":"2020-06-19T12:15:41.3","finishDate":"2020-06-19T12:15:41.346","processDuration":0,"fileSize":0,"lineNumbersWithError":[1],"proceedSuccess":0,"proceedError":1,"errorDescription":"1 - Избиратель с такими данными не найден; "},{"id":8,"fileName":"Сущ.csv","status":{"id":1,"name":"Успешно","successful":true},"createDate":"2020-06-19T12:03:42.52","finishDate":"2020-06-19T12:03:42.562","processDuration":0,"fileSize":0,"lineNumbersWithError":[1],"proceedSuccess":0,"proceedError":1,"errorDescription":"1 - Избиратель с такими данными не найден; "},{"id":7,"fileName":"Сущ.csv","status":{"id":1,"name":"Успешно","successful":true},"createDate":"2020-06-19T12:03:17.64","finishDate":"2020-06-19T12:03:17.731","processDuration":0,"fileSize":0,"lineNumbersWithError":[1],"proceedSuccess":0,"proceedError":1,"errorDescription":"1 - Избиратель с такими данными не найден; "},{"id":6,"fileName":"ЗАГС - СМЕРТЬ 1_SM (2).csv","status":{"id":0,"name":"Ошибка","successful":false},"createDate":"2020-06-11T12:04:01.897","finishDate":"2020-06-11T12:04:01.91","processDuration":0,"fileSize":0,"lineNumbersWithError":null,"proceedSuccess":0,"proceedError":0,"errorDescription":"Загружаемый файл не соответствует требованиям к файлам ЗАГС"},{"id":5,"fileName":"ЗАГС - СМЕРТЬ 1_SM.csv","status":{"id":0,"name":"Ошибка","successful":false},"createDate":"2020-06-11T03:43:14.188","finishDate":"2020-06-11T03:43:14.19","processDuration":0,"fileSize":0,"lineNumbersWithError":null,"proceedSuccess":0,"proceedError":0,"errorDescription":"Загружаемый файл не соответствует требованиям к файлам ЗАГС"},{"id":4,"fileName":"ЗАГС - СМЕРТЬ 1_SM.csv","status":{"id":0,"name":"Ошибка","successful":false},"createDate":"2020-06-11T03:35:05.189","finishDate":"2020-06-11T03:35:05.191","processDuration":0,"fileSize":0,"lineNumbersWithError":null,"proceedSuccess":0,"proceedError":0,"errorDescription":"Загружаемый файл не соответствует требованиям к файлам ЗАГС"},{"id":3,"fileName":"ЗАГС - СМЕРТЬ 2.csv","status":{"id":0,"name":"Ошибка","successful":false},"createDate":"2020-06-11T03:24:32.041","finishDate":"2020-06-11T03:24:32.044","processDuration":0,"fileSize":0,"lineNumbersWithError":null,"proceedSuccess":0,"proceedError":0,"errorDescription":"Загружаемый файл не соответствует требованиям к файлам ЗАГС"},{"id":2,"fileName":"ЗАГС - СМЕРТЬ 2.csv","status":{"id":0,"name":"Ошибка","successful":false},"createDate":"2020-06-11T03:23:12.547","finishDate":"2020-06-11T03:23:12.571","processDuration":0,"fileSize":0,"lineNumbersWithError":null,"proceedSuccess":0,"proceedError":0,"errorDescription":"Загружаемый файл не соответствует требованиям к файлам ЗАГС"},{"id":1,"fileName":"тест ЗАГС - СМЕРТЬ 1_SM.csv","status":{"id":1,"name":"Успешно","successful":true},"createDate":"2020-06-09T17:36:51.236","finishDate":"2020-06-09T17:36:51.353","processDuration":0,"fileSize":0,"lineNumbersWithError":[1],"proceedSuccess":0,"proceedError":1,"errorDescription":"1 - Избиратель с такими данными не найден; "}]