[{"id":968080,"beginDate":null,"endDate":null,"name":"Казахстан","addressLevel":{"id":71,"name":"Страна","startDate":null,"endDate":null,"isProtected":true,"isRoot":true,"addressLevelHierarchList":[]},"writingType":null,"posInAddressName":null,"fullName":null,"isProtected":false,"isUnchecked":false,"isDefaultCountry":false,"isBomzh":false},{"id":1,"beginDate":null,"endDate":null,"name":"Россия","addressLevel":{"id":71,"name":"Страна","startDate":null,"endDate":null,"isProtected":true,"isRoot":true,"addressLevelHierarchList":[]},"writingType":null,"posInAddressName":null,"fullName":"Страна: Россия","isProtected":true,"isUnchecked":false,"isDefaultCountry":true,"isBomzh":false},{"id":989200,"beginDate":null,"endDate":null,"name":"СССР","addressLevel":{"id":71,"name":"Страна","startDate":null,"endDate":null,"isProtected":true,"isRoot":true,"addressLevelHierarchList":[]},"writingType":null,"posInAddressName":null,"fullName":null,"isProtected":false,"isUnchecked":false,"isDefaultCountry":false,"isBomzh":false},{"id":968125,"beginDate":null,"endDate":null,"name":"Украина","addressLevel":{"id":71,"name":"Страна","startDate":null,"endDate":null,"isProtected":true,"isRoot":true,"addressLevelHierarchList":[]},"writingType":null,"posInAddressName":null,"fullName":null,"isProtected":false,"isUnchecked":false,"isDefaultCountry":false,"isBomzh":false}]