{
	"additional" : 
	{
		"group_id" : "b2c-common"
	},
	"data" : 
	[
		{
			"id" : "_system_services",
			"val" : 
			[
				{
					"id" : "ImagesServerUrl",
					"val" : "https://sputnik-lab.com/api-images"
				},
				{
					"id" : "MetricsServerUrl",
					"val" : "https://sputnik-lab.com/api-logs"
				},
				{
					"id" : "PersonalizationServerUrl",
					"val" : "https://sputnik-lab.com/api-profile"
				},
				{
					"id" : "SpellCorrectServiceUrl",
					"val" : "https://sputnik-lab.com/api-spell"
				},
				{
					"id" : "UpdateServiceUrl",
					"val" : "https://sputnik-lab.com/api-updates/updates"
				}
			]
		},
		{
			"id" : "banners",
			"val" : 
			[
				{
					"id" : "1599742415347-79d45d41-1e9b-4d94-93d5-1c311d709ef0-banners",
					"val" : "{\"img_id\":\"dc2c7579c6bfe813c51c19205fcba4ab2761b6c7\",\"url\":\"https://sputnik-lab.com/\"}"
				},
				{
					"id" : "1599742459791-79d45d41-1e9b-4d94-93d5-1c311d709ef0-banners",
					"val" : "{\"img_id\":\"5016dd0f7b4857862f07dcef3db1700dfa717e42\",\"url\":\"https://sputnik-lab.com/\"}"
				},
				{
					"id" : "1599742486599-79d45d41-1e9b-4d94-93d5-1c311d709ef0-banners",
					"val" : "{\"img_id\":\"46346e1cf515538c35311e97004867ecb8c4a4b7\",\"url\":\"https://sputnik-lab.com/\"}"
				},
				{
					"id" : "1599742531428-79d45d41-1e9b-4d94-93d5-1c311d709ef0-banners",
					"val" : "{\"img_id\":\"4242c0543716ad5a5e46a314adca7e8bb87a6489\",\"url\":\"https://sputnik-lab.com/\"}"
				}
			]
		},
		{
			"id" : "domainreliability",
			"val" : 
			[
				{
					"id" : "probability",
					"val" : "20"
				}
			]
		},
		{
			"id" : "general",
			"val" : 
			[
				{
					"id" : "closed_area",
					"val" : "0"
				},
				{
					"id" : "enable_certificate_installer",
					"val" : "1"
				},
				{
					"id" : "mandatory_logs",
					"val" : "1"
				}
			]
		},
		{
			"id" : "ie_tab",
			"val" : 
			[
				{
					"id" : "on_off",
					"val" : "0"
				}
			]
		},
		{
			"id" : "policies",
			"val" : 
			[
				{
					"id" : "OnlyInstallExtensionFromWhiteList",
					"val" : "0"
				}
			]
		},
		{
			"id" : "start_page",
			"val" : 
			[
				{
					"id" : "background_color",
					"val" : "0"
				},
				{
					"id" : "background_control",
					"val" : "0"
				},
				{
					"id" : "background_image",
					"val" : "0"
				},
				{
					"id" : "background_image_available",
					"val" : "0"
				},
				{
					"id" : "default_start_page",
					"val" : "{\"start_page_mode\":\"default\",\"start_page_url\":\"\"}"
				},
				{
					"id" : "links",
					"val" : "[{\"url\":\"https://sputnik-lab.com/\",\"title\":\"СпутникЛаб\",\"image_id\":\"d9e93f9336da8351737ac4d14d0a5cf5bd998e5f\"},{\"url\":\"https://rt.ru/\",\"title\":\"Ростелеком\",\"image_id\":\"bc6a7d7b6ebda2735f52c5cd0e4451ad52fe0b35\"},{\"url\":\"https://www.gosuslugi.ru/\",\"title\":\"ГосУслуги\",\"image_id\":\"82f035ea067ba7fc489c4bc1183fe92c26d7b74c\"},{\"url\":\"https://www.nalog.ru/\",\"title\":\"Федеральная Налоговая Служба\",\"image_id\":\"07d866244c0f8a798a124d4fd57ad6fa95752c7b\"},{\"url\":\"http://www.gov.ru/\",\"title\":\"Сервер органов государственной власти РФ\",\"image_id\":\"1c1e3d8c390e2ccd05f032e8ec7eb0873ab0e69e\"},{\"url\":\"https://emias.info/\",\"title\":\"Запись к врачу в городские поликлиники Москвы\",\"image_id\":\"2e28a5986b919c193030a2da0a5528ceeab8eedc\"},{\"url\":\"https://trudvsem.ru/\",\"title\":\"Работа в России\",\"image_id\":\"6b529fc2661c174afb660d14f0d46dbffb51b1f9\"}]"
				},
				{
					"id" : "news_enable",
					"val" : "false"
				},
				{
					"id" : "news_source",
					"val" : "/"
				}
			]
		}
	],
	"meta" : 
	{
		"service" : "CorporateBrowser",
		"status" : 
		{
			"code" : 0,
			"message" : ""
		},
		"version" : "1.10.0 (revision 364_g93c782b65cfe)"
	}
}