[{"id":"1178","dateBegin":null,"dateEnd":null,"address":null,"subject":null,"serverId":null,"createDate":null,"updateDate":null,"createUserId":null,"updateUserId":null,"addrNodeName":null,"isActual":null,"addressNode":null,"addressId":"1228938","name":"Лесная","fullName":"Рязанская область, Рыбновский, Аблово Д, Лесная","level":7,"levelString":"Улица","electorsCount":3,"nodes":["дом 7"]},{"id":"1179","dateBegin":null,"dateEnd":null,"address":null,"subject":null,"serverId":null,"createDate":null,"updateDate":null,"createUserId":null,"updateUserId":null,"addrNodeName":null,"isActual":null,"addressNode":null,"addressId":"1228940","name":"Речная","fullName":"Рязанская область, Рыбновский, Аблово Д, Речная","level":7,"levelString":"Улица","electorsCount":2,"nodes":["дом 2"]}]