[{"subjectRfId":20444,"createDate":"1999-12-30","subjectRfName":"Тульская область","genetiveSName":"Тульской области","subjectRfCode":"71","subjectRfCenter":"г.Тула","timeZone":"0.00","host":"@S71.tul.ru","kcaNumber":"71S000","replaceDate":null,"holder":"        ","electComName":"Избирательная комиссия Тульской области","genetiveEcName":"Избирательной комиссии Тульской области","fedDistrictCode":"6","mtoCode":null,"subjectRfNumber":null,"electorCount":null,"fciMail":"","parentSubjectRfCode":"","subjectRfType":"","celectComCode":null},{"subjectRfId":10716,"createDate":"1999-12-30","subjectRfName":"Республика Хакасия","genetiveSName":"Республики Хакасия","subjectRfCode":"19","subjectRfCenter":"г.Абакан","timeZone":"4.00","host":"@S19.abk.ru","kcaNumber":"19S000","replaceDate":null,"holder":"        ","electComName":"Избирательная комиссия Республики Хакасия","genetiveEcName":"Избирательной комиссии Республики Хакасия","fedDistrictCode":"4","mtoCode":null,"subjectRfNumber":null,"electorCount":null,"fciMail":"","parentSubjectRfCode":"","subjectRfType":"","celectComCode":null},{"subjectRfId":16657,"createDate":"1999-12-30","subjectRfName":"Красноярский край","genetiveSName":"Красноярского края","subjectRfCode":"24","subjectRfCenter":"г.Красноярск","timeZone":"4.00","host":"@S24.krj.ru","kcaNumber":"24S000","replaceDate":null,"holder":"        ","electComName":"Избирательная комиссия Красноярского края","genetiveEcName":"Избирательной комиссии Красноярского края","fedDistrictCode":"4","mtoCode":null,"subjectRfNumber":null,"electorCount":null,"fciMail":"","parentSubjectRfCode":"","subjectRfType":"","celectComCode":null},{"subjectRfId":23790,"createDate":"1999-12-30","subjectRfName":"Астраханская область","genetiveSName":"Астраханской области","subjectRfCode":"30","subjectRfCenter":"г.Астрахань","timeZone":"0.00","host":"@S30.ast.ru","kcaNumber":"30S000","replaceDate":null,"holder":"        ","electComName":"Избирательная комиссия Астраханской области","genetiveEcName":"Избирательной комиссии Астраханской области","fedDistrictCode":"7","mtoCode":null,"subjectRfNumber":null,"electorCount":null,"fciMail":"","parentSubjectRfCode":"","subjectRfType":"","celectComCode":null},{"subjectRfId":10754,"createDate":"1999-12-30","subjectRfName":"Белгородская область","genetiveSName":"Белгородской области","subjectRfCode":"31","subjectRfCenter":"г.Белгород","timeZone":"0.00","host":"@S31.blg.ru","kcaNumber":"31S000","replaceDate":null,"holder":"        ","electComName":"Избирательная комиссия Белгородской области","genetiveEcName":"Избирательной комиссии Белгородской области","fedDistrictCode":"6","mtoCode":null,"subjectRfNumber":null,"electorCount":null,"fciMail":"","parentSubjectRfCode":"","subjectRfType":"","celectComCode":null},{"subjectRfId":20834,"createDate":"1999-12-30","subjectRfName":"Владимирская область","genetiveSName":"Владимирской области","subjectRfCode":"33","subjectRfCenter":"г.Владимир","timeZone":"0.00","host":"@S33.wld.ru","kcaNumber":"33S000","replaceDate":null,"holder":"        ","electComName":"Избирательная комиссия Владимирской области","genetiveEcName":"Избирательной комиссии Владимирской области","fedDistrictCode":"6","mtoCode":null,"subjectRfNumber":null,"electorCount":null,"fciMail":"","parentSubjectRfCode":"","subjectRfType":"","celectComCode":null},{"subjectRfId":12996,"createDate":"1999-12-30","subjectRfName":"Воронежская область","genetiveSName":"Воронежской области","subjectRfCode":"36","subjectRfCenter":"г.Воронеж","timeZone":"0.00","host":"@S36.wrn.ru","kcaNumber":"36S000","replaceDate":null,"holder":"        ","electComName":"Избирательная комиссия Воронежской области","genetiveEcName":"Избирательной комиссии Воронежской области","fedDistrictCode":"6","mtoCode":null,"subjectRfNumber":null,"electorCount":null,"fciMail":"","parentSubjectRfCode":"","subjectRfType":"","celectComCode":null},{"subjectRfId":22090,"createDate":"1999-12-30","subjectRfName":"Ивановская область","genetiveSName":"Ивановской области","subjectRfCode":"37","subjectRfCenter":"г.Иваново","timeZone":"0.00","host":"@S37.iwn.ru","kcaNumber":"37S000","replaceDate":null,"holder":"        ","electComName":"Избирательная комиссия Ивановской области","genetiveEcName":"Избирательной комиссии Ивановской области","fedDistrictCode":"6","mtoCode":null,"subjectRfNumber":null,"electorCount":null,"fciMail":"","parentSubjectRfCode":"","subjectRfType":"","celectComCode":null},{"subjectRfId":9780,"createDate":"1999-12-30","subjectRfName":"Иркутская область","genetiveSName":"Иркутской области","subjectRfCode":"38","subjectRfCenter":"г.Иркутск","timeZone":"5.00","host":"@S38.irk.ru","kcaNumber":"38S000","replaceDate":null,"holder":"        ","electComName":"Избирательная комиссия Иркутской области","genetiveEcName":"Избирательной комиссии Иркутской области","fedDistrictCode":"4","mtoCode":null,"subjectRfNumber":null,"electorCount":null,"fciMail":"","parentSubjectRfCode":"","subjectRfType":"","celectComCode":null},{"subjectRfId":19009,"createDate":"1999-12-30","subjectRfName":"Калужская область","genetiveSName":"Калужской области","subjectRfCode":"40","subjectRfCenter":"г.Калуга","timeZone":"0.00","host":"@S40.kal.ru","kcaNumber":"40S000","replaceDate":null,"holder":"        ","electComName":"Избирательная комиссия Калужской области","genetiveEcName":"Избирательной комиссии Калужской области","fedDistrictCode":"6","mtoCode":null,"subjectRfNumber":null,"electorCount":null,"fciMail":"","parentSubjectRfCode":"","subjectRfType":"","celectComCode":null},{"subjectRfId":13374,"createDate":"1999-12-30","subjectRfName":"Камчатская область","genetiveSName":"Камчатской области","subjectRfCode":"41","subjectRfCenter":"г.Петропавловск-Камчатский","timeZone":"9.00","host":"@S41.ptk.ru","kcaNumber":"41S000","replaceDate":"2007-07-01","holder":"        ","electComName":"Избирательная комиссия Камчатской области","genetiveEcName":"Избирательной комиссии Камчатской области","fedDistrictCode":"1","mtoCode":null,"subjectRfNumber":null,"electorCount":null,"fciMail":"","parentSubjectRfCode":"","subjectRfType":"","celectComCode":null},{"subjectRfId":13762,"createDate":"1999-12-30","subjectRfName":"Чувашская Республика - Чувашия","genetiveSName":"Чувашской Республики - Чувашии","subjectRfCode":"21","subjectRfCenter":"г.Чебоксары","timeZone":"0.00","host":"@S21.chb.ru","kcaNumber":"21S000","replaceDate":null,"holder":"        ","electComName":"Центральная избирательная комиссия Чувашской Республики","genetiveEcName":"Центральной избирательной комиссии Чувашской Республики","fedDistrictCode":"2","mtoCode":null,"subjectRfNumber":null,"electorCount":null,"fciMail":"","parentSubjectRfCode":"","subjectRfType":"","celectComCode":null},{"subjectRfId":24943,"createDate":"1999-12-30","subjectRfName":"Краснодарский край","genetiveSName":"Краснодарского края","subjectRfCode":"23","subjectRfCenter":"г.Краснодар","timeZone":"0.00","host":"@S23.krd.ru","kcaNumber":"23S000","replaceDate":null,"holder":"        ","electComName":"Избирательная комиссия Краснодарского края","genetiveEcName":"Избирательной комиссии Краснодарского края","fedDistrictCode":"7","mtoCode":null,"subjectRfNumber":null,"electorCount":null,"fciMail":"","parentSubjectRfCode":"","subjectRfType":"","celectComCode":null},{"subjectRfId":20251,"createDate":"1999-12-30","subjectRfName":"Кировская область","genetiveSName":"Кировской области","subjectRfCode":"43","subjectRfCenter":"г.Киров","timeZone":"0.00","host":"@S43.kir.ru","kcaNumber":"43S000","replaceDate":null,"holder":"        ","electComName":"Избирательная комиссия Кировской области","genetiveEcName":"Избирательной комиссии Кировской области","fedDistrictCode":"2","mtoCode":null,"subjectRfNumber":null,"electorCount":null,"fciMail":"","parentSubjectRfCode":"","subjectRfType":"","celectComCode":null},{"subjectRfId":7290,"createDate":"1999-12-30","subjectRfName":"Костромская область","genetiveSName":"Костромской области","subjectRfCode":"44","subjectRfCenter":"г.Кострома","timeZone":"0.00","host":"@S44.kst.ru","kcaNumber":"44S000","replaceDate":null,"holder":"        ","electComName":"Избирательная комиссия Костромской области","genetiveEcName":"Избирательной комиссии Костромской области","fedDistrictCode":"6","mtoCode":null,"subjectRfNumber":null,"electorCount":null,"fciMail":"","parentSubjectRfCode":"","subjectRfType":"","celectComCode":null},{"subjectRfId":17002,"createDate":"1999-12-30","subjectRfName":"Город Москва","genetiveSName":"Москвы","subjectRfCode":"77","subjectRfCenter":"г.Москва","timeZone":"0.00","host":"@S77.msg.ru","kcaNumber":"77S000","replaceDate":null,"holder":"        ","electComName":"Московская городская избирательная комиссия","genetiveEcName":"Московской городской избирательной комиссии","fedDistrictCode":"6","mtoCode":null,"subjectRfNumber":null,"electorCount":null,"fciMail":"","parentSubjectRfCode":"","subjectRfType":"","celectComCode":null},{"subjectRfId":1960,"createDate":"1999-12-30","subjectRfName":"Московская область","genetiveSName":"Московской области","subjectRfCode":"50","subjectRfCenter":"г.Москва","timeZone":"0.00","host":"@S50.mso.ru","kcaNumber":"50S000","replaceDate":null,"holder":"        ","electComName":"Избирательная комиссия Московской области","genetiveEcName":"Избирательной комиссии Московской области","fedDistrictCode":"6","mtoCode":null,"subjectRfNumber":null,"electorCount":null,"fciMail":"","parentSubjectRfCode":"","subjectRfType":"","celectComCode":null},{"subjectRfId":19980506,"createDate":"1999-12-30","subjectRfName":"Республика Адыгея (Адыгея)9","genetiveSName":"Республики Адыгея (Адыгеи)","subjectRfCode":"01","subjectRfCenter":"г.Майкоп","timeZone":"1.00","host":"@S01.mai.ru","kcaNumber":"01S001","replaceDate":null,"holder":"        ","electComName":"Центральная избирательная комиссия Республики Адыгея 2","genetiveEcName":"Центральной избирательной комиссии Республики Адыгея 2","fedDistrictCode":"2","mtoCode":null,"subjectRfNumber":null,"electorCount":null,"fciMail":"","parentSubjectRfCode":"","subjectRfType":"","celectComCode":null},{"subjectRfId":4000000,"createDate":"1997-06-27","subjectRfName":"Республика Башкортостан","genetiveSName":"Республики Башкортостан","subjectRfCode":"03","subjectRfCenter":"г.Уфа","timeZone":"2.00","host":"@S02.ufa.ru","kcaNumber":"02S000","replaceDate":null,"holder":"        ","electComName":"Центральная избирательная комиссия Республики Башкортостан","genetiveEcName":"Центральной избирательной комиссии Республики Башкортостан","fedDistrictCode":"2","mtoCode":null,"subjectRfNumber":null,"electorCount":null,"fciMail":"","parentSubjectRfCode":"","subjectRfType":"","celectComCode":null},{"subjectRfId":3000000,"createDate":"1997-06-27","subjectRfName":"Республика Бурятия","genetiveSName":"Республики Бурятия","subjectRfCode":"04","subjectRfCenter":"г.Улан-Удэ","timeZone":"5.00","host":"@S03.uld.ru","kcaNumber":"03S000","replaceDate":null,"holder":"        ","electComName":"Избирательная комиссия Республики Бурятия","genetiveEcName":"Избирательной комиссии Республики Бурятия","fedDistrictCode":"4","mtoCode":null,"subjectRfNumber":null,"electorCount":null,"fciMail":"","parentSubjectRfCode":"","subjectRfType":"","celectComCode":null},{"subjectRfId":50000,"createDate":"1997-06-27","subjectRfName":"Республика Дагестан","genetiveSName":"Республики Дагестан","subjectRfCode":"05","subjectRfCenter":"г.Махачкала","timeZone":"0.00","host":"@S05.mah.ru","kcaNumber":"05S000","replaceDate":null,"holder":"        ","electComName":"Избирательная комиссия Республики Дагестан","genetiveEcName":"Избирательной комиссии Республики Дагестан","fedDistrictCode":"8","mtoCode":null,"subjectRfNumber":null,"electorCount":null,"fciMail":"","parentSubjectRfCode":"","subjectRfType":"","celectComCode":null},{"subjectRfId":19696,"createDate":"1999-12-30","subjectRfName":"Ярославская область","genetiveSName":"Ярославской области","subjectRfCode":"76","subjectRfCenter":"г.Ярославль","timeZone":"0.00","host":"@S76.jrs.ru","kcaNumber":"76S000","replaceDate":null,"holder":"        ","electComName":"Избирательная комиссия Ярославской области","genetiveEcName":"Избирательной комиссии Ярославской области","fedDistrictCode":"6","mtoCode":null,"subjectRfNumber":null,"electorCount":null,"fciMail":"","parentSubjectRfCode":"","subjectRfType":"","celectComCode":null},{"subjectRfId":2951,"createDate":"1999-12-30","subjectRfName":"Республика Татарстан (Татарстан)","genetiveSName":"Республики Татарстан (Татарстан)","subjectRfCode":"16","subjectRfCenter":"г.Казань","timeZone":"0.00","host":"@S16.kaz.ru","kcaNumber":"16S000","replaceDate":null,"holder":"        ","electComName":"Центральная избирательная комиссия Республики Татарстан","genetiveEcName":"Центральной избирательной комиссии Республики Татарстан","fedDistrictCode":"2","mtoCode":null,"subjectRfNumber":null,"electorCount":null,"fciMail":"","parentSubjectRfCode":"","subjectRfType":"","celectComCode":null},{"subjectRfId":997,"createDate":"1999-12-30","subjectRfName":"Хабаровский край","genetiveSName":"Хабаровского края","subjectRfCode":"27","subjectRfCenter":"г.Хабаровск","timeZone":"7.00","host":"@S27.hbr.ru","kcaNumber":"27S000","replaceDate":null,"holder":"        ","electComName":"Избирательная комиссия Хабаровского края","genetiveEcName":"Избирательной комиссии Хабаровского края","fedDistrictCode":"1","mtoCode":null,"subjectRfNumber":null,"electorCount":null,"fciMail":"","parentSubjectRfCode":"","subjectRfType":"","celectComCode":null},{"subjectRfId":456,"createDate":"1999-12-30","subjectRfName":"Ульяновская область","genetiveSName":"Ульяновской области","subjectRfCode":"73","subjectRfCenter":"г.Ульяновск","timeZone":"0.00","host":"@S73.smb.ru","kcaNumber":"73S000","replaceDate":null,"holder":"        ","electComName":"Избирательная комиссия Ульяновской области","genetiveEcName":"Избирательной комиссии Ульяновской области","fedDistrictCode":"2","mtoCode":null,"subjectRfNumber":null,"electorCount":null,"fciMail":"","parentSubjectRfCode":"","subjectRfType":"","celectComCode":null},{"subjectRfId":14917,"createDate":"1999-12-30","subjectRfName":"Коми-Пермяцкий автономный округ","genetiveSName":"Коми-Пермяцкого автономного округа","subjectRfCode":"81","subjectRfCenter":"г.Кудымкар","timeZone":"2.00","host":"@S81.kdk.ru","kcaNumber":"81S000","replaceDate":"2005-12-01","holder":"        ","electComName":"Избирательная комиссия Коми-Пермяцкого автономного округа","genetiveEcName":"Избирательной комиссии Коми-Пермяцкого автономного округа","fedDistrictCode":"2","mtoCode":null,"subjectRfNumber":null,"electorCount":null,"fciMail":"","parentSubjectRfCode":"","subjectRfType":"","celectComCode":null},{"subjectRfId":10010001013818,"createDate":"2004-03-02","subjectRfName":"Город Байконур (Республика Казахстан)","genetiveSName":"Города Байконур (Республики Казахстан)","subjectRfCode":"98","subjectRfCenter":"","timeZone":null,"host":"@C00.msk.ru","kcaNumber":"98S000","replaceDate":"2007-07-08","holder":"        ","electComName":"","genetiveEcName":"","fedDistrictCode":null,"mtoCode":null,"subjectRfNumber":null,"electorCount":null,"fciMail":"","parentSubjectRfCode":"","subjectRfType":"","celectComCode":null},{"subjectRfId":100100021954008,"createDate":"2007-08-28","subjectRfName":"Камчатский край","genetiveSName":"Камчатского края","subjectRfCode":"91","subjectRfCenter":"г.Петропавловск-Камчатский","timeZone":"8.00","host":"@S41.ptk.ru","kcaNumber":"41S000","replaceDate":null,"holder":"        ","electComName":"Избирательная комиссия Камчатского края","genetiveEcName":"Избирательной комиссии Камчатского края","fedDistrictCode":"1","mtoCode":null,"subjectRfNumber":null,"electorCount":null,"fciMail":"","parentSubjectRfCode":"","subjectRfType":"","celectComCode":null},{"subjectRfId":100100052371465,"createDate":"2014-04-21","subjectRfName":"Город Севастополь","genetiveSName":"Город Севастополь","subjectRfCode":"94","subjectRfCenter":"г. Севастополь","timeZone":"0.00","host":"@S94.svt.ru","kcaNumber":"94S000","replaceDate":null,"holder":"        ","electComName":"Избирательная комиссия Города Севастополь","genetiveEcName":"Избирательной комиссии Города Севастополь","fedDistrictCode":"1","mtoCode":null,"subjectRfNumber":null,"electorCount":null,"fciMail":"","parentSubjectRfCode":"","subjectRfType":"","celectComCode":null},{"subjectRfId":100100052371397,"createDate":"2014-04-21","subjectRfName":"Республика Крым","genetiveSName":"Республика Крым","subjectRfCode":"93","subjectRfCenter":"г. Симферополь","timeZone":"0.00","host":"@S93.smf.ru","kcaNumber":"93S000","replaceDate":null,"holder":"        ","electComName":"Избирательная комиссия Республики Крым","genetiveEcName":"Избирательной комиссии Республики Крым","fedDistrictCode":"1","mtoCode":null,"subjectRfNumber":null,"electorCount":null,"fciMail":"","parentSubjectRfCode":"","subjectRfType":"","celectComCode":null},{"subjectRfId":24370,"createDate":"1999-12-30","subjectRfName":"Агинский Бурятский автономный округ","genetiveSName":"Агинского Бурятского автономного округа","subjectRfCode":"80","subjectRfCenter":"п.Агинское","timeZone":"6.00","host":"@S80.agn.ru","kcaNumber":"80S000","replaceDate":"2008-01-23","holder":"        ","electComName":"Избирательная комиссия Агинского Бурятского автономного округа","genetiveEcName":"Избирательной комиссии Агинского Бурятского автономного округа","fedDistrictCode":"4","mtoCode":null,"subjectRfNumber":null,"electorCount":null,"fciMail":"","parentSubjectRfCode":"","subjectRfType":"","celectComCode":null},{"subjectRfId":67576500,"createDate":"1997-06-27","subjectRfName":"Республика Ингушетия","genetiveSName":"Республики Ингушетия","subjectRfCode":"06","subjectRfCenter":"г.Магас","timeZone":"0.00","host":"@S06.naz.ru","kcaNumber":"06S000","replaceDate":null,"holder":"        ","electComName":"Избирательная комиссия Республики Ингушетия","genetiveEcName":"Избирательной комиссии Республики Ингушетия","fedDistrictCode":"8","mtoCode":null,"subjectRfNumber":null,"electorCount":null,"fciMail":"","parentSubjectRfCode":"","subjectRfType":"","celectComCode":null},{"subjectRfId":6542,"createDate":"1999-12-30","subjectRfName":"Республика Калмыкия","genetiveSName":"Республики Калмыкия","subjectRfCode":"08","subjectRfCenter":"г.Элиста","timeZone":"0.00","host":"@S08.els.ru","kcaNumber":"08S000","replaceDate":null,"holder":"        ","electComName":"Избирательная комиссия Республики Калмыкия","genetiveEcName":"Избирательной комиссии Республики Калмыкия","fedDistrictCode":"7","mtoCode":null,"subjectRfNumber":null,"electorCount":null,"fciMail":"","parentSubjectRfCode":"","subjectRfType":"","celectComCode":null},{"subjectRfId":9163,"createDate":"1999-12-30","subjectRfName":"Республика Карелия","genetiveSName":"Республики Карелия","subjectRfCode":"10","subjectRfCenter":"г.Петрозаводск","timeZone":"0.00","host":"@S10.ptz.ru","kcaNumber":"10S000","replaceDate":null,"holder":"        ","electComName":"Центральная избирательная комиссия Республики Карелия","genetiveEcName":"Центральной избирательной комиссии Республики Карелия","fedDistrictCode":"3","mtoCode":null,"subjectRfNumber":null,"electorCount":null,"fciMail":"","parentSubjectRfCode":"","subjectRfType":"","celectComCode":null},{"subjectRfId":11895,"createDate":"1999-12-30","subjectRfName":"Оренбургская область","genetiveSName":"Оренбургской области","subjectRfCode":"56","subjectRfCenter":"г.Оренбург","timeZone":"2.00","host":"@S56.orb.ru","kcaNumber":"56S000","replaceDate":null,"holder":"        ","electComName":"Избирательная комиссия Оренбургской области","genetiveEcName":"Избирательной комиссии Оренбургской области","fedDistrictCode":"2","mtoCode":null,"subjectRfNumber":null,"electorCount":null,"fciMail":"","parentSubjectRfCode":"","subjectRfType":"","celectComCode":null},{"subjectRfId":29920,"createDate":"1999-12-30","subjectRfName":"Пермская область","genetiveSName":"Пермской области","subjectRfCode":"59","subjectRfCenter":"г.Пермь","timeZone":"2.00","host":"@S59.prm.ru","kcaNumber":"59S000","replaceDate":"2005-12-01","holder":"        ","electComName":"Избирательная комиссия Пермской области","genetiveEcName":"Избирательной комиссии Пермской области","fedDistrictCode":"2","mtoCode":null,"subjectRfNumber":null,"electorCount":null,"fciMail":"","parentSubjectRfCode":"","subjectRfType":"","celectComCode":null},{"subjectRfId":26103,"createDate":"1999-12-30","subjectRfName":"Республика Коми","genetiveSName":"Республики Коми","subjectRfCode":"11","subjectRfCenter":"г.Сыктывкар","timeZone":"0.00","host":"@S11.skt.ru","kcaNumber":"11S000","replaceDate":null,"holder":"        ","electComName":"Избирательная комиссия Республики Коми","genetiveEcName":"Избирательной комиссии Республики Коми","fedDistrictCode":"3","mtoCode":null,"subjectRfNumber":null,"electorCount":null,"fciMail":"","parentSubjectRfCode":"","subjectRfType":"","celectComCode":null},{"subjectRfId":1047,"createDate":"1999-12-30","subjectRfName":"Республика Марий Эл","genetiveSName":"Республики Марий Эл","subjectRfCode":"12","subjectRfCenter":"г.Йошкар-Ола","timeZone":"0.00","host":"@S12.iol.ru","kcaNumber":"12S000","replaceDate":null,"holder":"        ","electComName":"Центральная избирательная комиссия Республики Марий Эл","genetiveEcName":"Центральной избирательной комиссии Республики Марий Эл","fedDistrictCode":"2","mtoCode":null,"subjectRfNumber":null,"electorCount":null,"fciMail":"","parentSubjectRfCode":"","subjectRfType":"","celectComCode":null},{"subjectRfId":4351,"createDate":"1999-12-30","subjectRfName":"Челябинская область","genetiveSName":"Челябинской области","subjectRfCode":"74","subjectRfCenter":"г.Челябинск","timeZone":"2.00","host":"@S74.chl.ru","kcaNumber":"74S000","replaceDate":null,"holder":"        ","electComName":"Избирательная комиссия Челябинской области","genetiveEcName":"Избирательной комиссии Челябинской области","fedDistrictCode":"5","mtoCode":null,"subjectRfNumber":null,"electorCount":null,"fciMail":"","parentSubjectRfCode":"","subjectRfType":"","celectComCode":null},{"subjectRfId":4823,"createDate":"1999-12-30","subjectRfName":"Пензенская область","genetiveSName":"Пензенской области","subjectRfCode":"58","subjectRfCenter":"г.Пенза","timeZone":"0.00","host":"@S58.pnz.ru","kcaNumber":"58S000","replaceDate":null,"holder":"        ","electComName":"Избирательная комиссия Пензенской области","genetiveEcName":"Избирательной комиссии Пензенской области","fedDistrictCode":"2","mtoCode":null,"subjectRfNumber":null,"electorCount":null,"fciMail":"","parentSubjectRfCode":"","subjectRfType":"","celectComCode":null},{"subjectRfId":24406,"createDate":"1999-12-30","subjectRfName":"Тверская область","genetiveSName":"Тверской области","subjectRfCode":"69","subjectRfCenter":"г.Тверь","timeZone":"0.00","host":"@S69.twr.ru","kcaNumber":"69S000","replaceDate":null,"holder":"        ","electComName":"Избирательная комиссия Тверской области","genetiveEcName":"Избирательной комиссии Тверской области","fedDistrictCode":"6","mtoCode":null,"subjectRfNumber":null,"electorCount":null,"fciMail":"","parentSubjectRfCode":"","subjectRfType":"","celectComCode":null},{"subjectRfId":6481,"createDate":"1999-12-30","subjectRfName":"Республика Тыва","genetiveSName":"Республики Тыва","subjectRfCode":"17","subjectRfCenter":"г.Кызыл","timeZone":"4.00","host":"@S17.kiz.ru","kcaNumber":"17S000","replaceDate":null,"holder":"        ","electComName":"Избирательная комиссия Республики Тыва","genetiveEcName":"Избирательной комиссии Республики Тыва","fedDistrictCode":"4","mtoCode":null,"subjectRfNumber":null,"electorCount":null,"fciMail":"","parentSubjectRfCode":"","subjectRfType":"","celectComCode":null},{"subjectRfId":13499,"createDate":"1999-12-30","subjectRfName":"Удмуртская Республика","genetiveSName":"Удмуртской Республики","subjectRfCode":"18","subjectRfCenter":"г.Ижевск","timeZone":"0.00","host":"@S18.ijs.ru","kcaNumber":"18S000","replaceDate":null,"holder":"        ","electComName":"Центральная избирательная комиссия Удмуртской Республики","genetiveEcName":"Центральной избирательной комиссии Удмуртской Республики","fedDistrictCode":"2","mtoCode":null,"subjectRfNumber":null,"electorCount":null,"fciMail":"","parentSubjectRfCode":"","subjectRfType":"","celectComCode":null},{"subjectRfId":1001000927,"createDate":"2003-09-15","subjectRfName":"Территория за пределами РФ","genetiveSName":"[отсутствует]","subjectRfCode":"99","subjectRfCenter":"","timeZone":null,"host":"@C00.msk.ru","kcaNumber":"99S000","replaceDate":"2007-07-08","holder":"        ","electComName":"","genetiveEcName":"","fedDistrictCode":null,"mtoCode":null,"subjectRfNumber":null,"electorCount":null,"fciMail":"","parentSubjectRfCode":"","subjectRfType":"","celectComCode":null},{"subjectRfId":19980501,"createDate":"1999-12-30","subjectRfName":"Усть-Ордынский Бурятский автономный округ","genetiveSName":"Усть-Ордынского Бурятского автономного округа","subjectRfCode":"85","subjectRfCenter":"п.Усть-Ордынский","timeZone":"5.00","host":"@S85.uso.ru","kcaNumber":"85S000","replaceDate":"2007-12-19","holder":"        ","electComName":"Избирательная комиссия Усть-Ордынского Бурятского автономного округа","genetiveEcName":"Избирательной комиссии Усть-Ордынского Бурятского автономного округа","fedDistrictCode":"4","mtoCode":null,"subjectRfNumber":null,"electorCount":null,"fciMail":"","parentSubjectRfCode":"","subjectRfType":"","celectComCode":null},{"subjectRfId":23580,"createDate":"1999-12-30","subjectRfName":"Город Санкт-Петербург","genetiveSName":"Города Санкт-Петербурга","subjectRfCode":"78","subjectRfCenter":"г.Санкт-Петербург","timeZone":"0.00","host":"@S78.spg.ru","kcaNumber":"78S000","replaceDate":null,"holder":"        ","electComName":"Санкт-Петербургская городская избирательная комиссия","genetiveEcName":"Санкт-Петербургской городской избирательной комиссии","fedDistrictCode":"3","mtoCode":null,"subjectRfNumber":null,"electorCount":null,"fciMail":"","parentSubjectRfCode":"","subjectRfType":"","celectComCode":null},{"subjectRfId":2146,"createDate":"1999-12-30","subjectRfName":"Псковская область","genetiveSName":"Псковской области","subjectRfCode":"60","subjectRfCenter":"г.Псков","timeZone":"0.00","host":"@S60.psk.ru","kcaNumber":"60S000","replaceDate":null,"holder":"        ","electComName":"Избирательная комиссия Псковской области","genetiveEcName":"Избирательной комиссии Псковской области","fedDistrictCode":"3","mtoCode":null,"subjectRfNumber":null,"electorCount":null,"fciMail":"","parentSubjectRfCode":"","subjectRfType":"","celectComCode":null},{"subjectRfId":13181,"createDate":"1999-12-30","subjectRfName":"Еврейская автономная область","genetiveSName":"Еврейской автономной области","subjectRfCode":"79","subjectRfCenter":"г.Биробиджан","timeZone":"7.00","host":"@S79.brb.ru","kcaNumber":"79S000","replaceDate":null,"holder":"        ","electComName":"Избирательная комиссия Еврейской автономной области","genetiveEcName":"Избирательной комиссии Еврейской автономной области","fedDistrictCode":"1","mtoCode":null,"subjectRfNumber":null,"electorCount":null,"fciMail":"","parentSubjectRfCode":"","subjectRfType":"","celectComCode":null},{"subjectRfId":21130,"createDate":"1999-12-30","subjectRfName":"Корякский автономный округ","genetiveSName":"Корякского автономного округа","subjectRfCode":"82","subjectRfCenter":"п.Палана","timeZone":"9.00","host":"@S82.tig.ru","kcaNumber":"82S000","replaceDate":"2007-07-01","holder":"        ","electComName":"Избирательная комиссия Корякского автономного округа","genetiveEcName":"Избирательной комиссии Корякского автономного округа","fedDistrictCode":"1","mtoCode":null,"subjectRfNumber":null,"electorCount":null,"fciMail":"","parentSubjectRfCode":"","subjectRfType":"","celectComCode":null},{"subjectRfId":29313,"createDate":"1999-12-30","subjectRfName":"Ненецкий автономный округ","genetiveSName":"Ненецкого автономного округа","subjectRfCode":"83","subjectRfCenter":"г.Нарьян-Мар","timeZone":"0.00","host":"@S83.nrm.ru","kcaNumber":"83S000","replaceDate":null,"holder":"        ","electComName":"Избирательная комиссия Ненецкого автономного округа","genetiveEcName":"Избирательная комиссия Ненецкого автономного округа","fedDistrictCode":"3","mtoCode":null,"subjectRfNumber":null,"electorCount":null,"fciMail":"","parentSubjectRfCode":"","subjectRfType":"","celectComCode":null},{"subjectRfId":19980503,"createDate":"1999-12-30","subjectRfName":"Чукотский автономный округ","genetiveSName":"Чукотского автономного округа","subjectRfCode":"87","subjectRfCenter":"г.Анадырь","timeZone":"8.00","host":"@S87.and.ru","kcaNumber":"87S000","replaceDate":null,"holder":"        ","electComName":"Избирательная комиссия Чукотского автономного округа","genetiveEcName":"Избирательной комиссии Чукотского автономного округа","fedDistrictCode":"1","mtoCode":null,"subjectRfNumber":null,"electorCount":null,"fciMail":"","parentSubjectRfCode":"","subjectRfType":"","celectComCode":null},{"subjectRfId":25795,"createDate":"1999-12-30","subjectRfName":"Карачаево-Черкесская Республика","genetiveSName":"Карачаево-Черкесской Республики","subjectRfCode":"09","subjectRfCenter":"г.Черкесск","timeZone":"0.00","host":"@S09.chr.ru","kcaNumber":"09S000","replaceDate":null,"holder":"        ","electComName":"Избирательная комиссия Карачаево-Черкесской Республики","genetiveEcName":"Избирательной комиссий Карачаево-Черкесской Республики","fedDistrictCode":"8","mtoCode":null,"subjectRfNumber":null,"electorCount":null,"fciMail":"","parentSubjectRfCode":"","subjectRfType":"","celectComCode":null},{"subjectRfId":7092,"createDate":"1999-12-30","subjectRfName":"Архангельская область","genetiveSName":"Архангельской области","subjectRfCode":"29","subjectRfCenter":"г.Архангельск","timeZone":"0.00","host":"@S29.arh.ru","kcaNumber":"29S000","replaceDate":null,"holder":"        ","electComName":"Избирательная комиссия Архангельской области","genetiveEcName":"Избирательной комиссии Архангельской области","fedDistrictCode":"3","mtoCode":null,"subjectRfNumber":null,"electorCount":null,"fciMail":"","parentSubjectRfCode":"","subjectRfType":"","celectComCode":null},{"subjectRfId":14512,"createDate":"1999-12-30","subjectRfName":"Вологодская область","genetiveSName":"Вологодской области","subjectRfCode":"35","subjectRfCenter":"г.Вологда","timeZone":"0.00","host":"@S35.wol.ru","kcaNumber":"35S000","replaceDate":null,"holder":"        ","electComName":"Избирательная комиссия Вологодской области","genetiveEcName":"Избирательной комиссии Вологодской области","fedDistrictCode":"3","mtoCode":null,"subjectRfNumber":null,"electorCount":null,"fciMail":"","parentSubjectRfCode":"","subjectRfType":"","celectComCode":null},{"subjectRfId":8561,"createDate":"1999-12-30","subjectRfName":"Курганская область","genetiveSName":"Курганской области","subjectRfCode":"45","subjectRfCenter":"г.Курган","timeZone":"2.00","host":"@S45.kur.ru","kcaNumber":"45S000","replaceDate":null,"holder":"        ","electComName":"Избирательная комиссия Курганской области","genetiveEcName":"Избирательной комиссии Курганской области","fedDistrictCode":"5","mtoCode":null,"subjectRfNumber":null,"electorCount":null,"fciMail":"","parentSubjectRfCode":"","subjectRfType":"","celectComCode":null},{"subjectRfId":4140,"createDate":"1999-12-30","subjectRfName":"Курская область","genetiveSName":"Курской области","subjectRfCode":"46","subjectRfCenter":"г.Курск","timeZone":"0.00","host":"@S46.krs.ru","kcaNumber":"46S000","replaceDate":null,"holder":"        ","electComName":"Избирательная комиссия Курской области","genetiveEcName":"Избирательной комиссии Курской области","fedDistrictCode":"6","mtoCode":null,"subjectRfNumber":null,"electorCount":null,"fciMail":"","parentSubjectRfCode":"","subjectRfType":"","celectComCode":null},{"subjectRfId":23921,"createDate":"1999-12-30","subjectRfName":"Липецкая область","genetiveSName":"Липецкой области","subjectRfCode":"48","subjectRfCenter":"г.Липецк","timeZone":"0.00","host":"@S48.lpk.ru","kcaNumber":"48S000","replaceDate":null,"holder":"        ","electComName":"Избирательная комиссия Липецкой области","genetiveEcName":"Избирательной комиссии Липецкой области","fedDistrictCode":"6","mtoCode":null,"subjectRfNumber":null,"electorCount":null,"fciMail":"","parentSubjectRfCode":"","subjectRfType":"","celectComCode":null},{"subjectRfId":761,"createDate":"1999-12-30","subjectRfName":"Магаданская область","genetiveSName":"Магаданской области","subjectRfCode":"49","subjectRfCenter":"г.Магадан","timeZone":"8.00","host":"@S49.mgd.ru","kcaNumber":"49S000","replaceDate":null,"holder":"        ","electComName":"Избирательная комиссия Магаданской области","genetiveEcName":"Избирательной комиссии Магаданской области","fedDistrictCode":"1","mtoCode":null,"subjectRfNumber":null,"electorCount":null,"fciMail":"","parentSubjectRfCode":"","subjectRfType":"","celectComCode":null},{"subjectRfId":9146,"createDate":"1999-12-30","subjectRfName":"Самарская область","genetiveSName":"Самарской области","subjectRfCode":"63","subjectRfCenter":"г.Самара","timeZone":"0.00","host":"@S63.sam.ru","kcaNumber":"63S000","replaceDate":null,"holder":"        ","electComName":"Избирательная комиссия Самарской области","genetiveEcName":"Избирательной комиссии Самарской области","fedDistrictCode":"2","mtoCode":null,"subjectRfNumber":null,"electorCount":null,"fciMail":"","parentSubjectRfCode":"","subjectRfType":"","celectComCode":null},{"subjectRfId":12160,"createDate":"1999-12-30","subjectRfName":"Саратовская область","genetiveSName":"Саратовской области","subjectRfCode":"64","subjectRfCenter":"г.Саратов","timeZone":"0.00","host":"@S64.sar.ru","kcaNumber":"64S000","replaceDate":null,"holder":"        ","electComName":"Избирательная комиссия Саратовской области","genetiveEcName":"Избирательной комиссии Саратовской области","fedDistrictCode":"2","mtoCode":null,"subjectRfNumber":null,"electorCount":null,"fciMail":"","parentSubjectRfCode":"","subjectRfType":"","celectComCode":null},{"subjectRfId":19980502,"createDate":"1999-12-30","subjectRfName":"Ханты-Мансийский автономный округ - Югра","genetiveSName":"Ханты-Мансийского автономного округа - Югры","subjectRfCode":"86","subjectRfCenter":"г.Ханты-Мансийск","timeZone":"2.00","host":"@S86.htm.ru","kcaNumber":"86S000","replaceDate":null,"holder":"        ","electComName":"Избирательная комиссия Ханты-Мансийского автономного округа","genetiveEcName":"Избирательной комиссии Ханты-Мансийского автономного округа","fedDistrictCode":"5","mtoCode":null,"subjectRfNumber":null,"electorCount":null,"fciMail":"","parentSubjectRfCode":"","subjectRfType":"","celectComCode":null},{"subjectRfId":21636,"createDate":"1999-12-30","subjectRfName":"Рязанская область","genetiveSName":"Рязанской области","subjectRfCode":"62","subjectRfCenter":"г.Рязань","timeZone":"0.00","host":"@S77.msg.ru","kcaNumber":"62S000","replaceDate":null,"holder":"        ","electComName":"Избирательная комиссия Рязанской области","genetiveEcName":"Избирательной комиссии Рязанской области","fedDistrictCode":"6","mtoCode":null,"subjectRfNumber":null,"electorCount":null,"fciMail":"","parentSubjectRfCode":"","subjectRfType":"","celectComCode":null},{"subjectRfId":5157,"createDate":"1999-12-30","subjectRfName":"Сахалинская область","genetiveSName":"Сахалинской области","subjectRfCode":"65","subjectRfCenter":"г.Южно-Сахалинск","timeZone":"7.00","host":"@S65.ugs.ru","kcaNumber":"65S000","replaceDate":null,"holder":"        ","electComName":"Избирательная комиссия Сахалинской области","genetiveEcName":"Избирательной комиссии Сахалинской области","fedDistrictCode":"1","mtoCode":null,"subjectRfNumber":null,"electorCount":null,"fciMail":"","parentSubjectRfCode":"","subjectRfType":"","celectComCode":null},{"subjectRfId":25943,"createDate":"1999-12-30","subjectRfName":"Приморский край","genetiveSName":"Приморского края","subjectRfCode":"25","subjectRfCenter":"г.Владивосток","timeZone":"7.00","host":"@S25.wlw.ru","kcaNumber":"25S000","replaceDate":null,"holder":"        ","electComName":"Избирательная комиссия Приморского края","genetiveEcName":"Избирательной комиссии Приморского края","fedDistrictCode":"1","mtoCode":null,"subjectRfNumber":null,"electorCount":null,"fciMail":"","parentSubjectRfCode":"","subjectRfType":"","celectComCode":null},{"subjectRfId":200000,"createDate":"1997-06-27","subjectRfName":"Республика Алтай","genetiveSName":"Республики Алтай","subjectRfCode":"02","subjectRfCenter":"г.Горно-Алтайск","timeZone":"3.00","host":"@S04.gal.ru","kcaNumber":"04S000","replaceDate":null,"holder":"        ","electComName":"Избирательная комиссия Республики Алтай","genetiveEcName":"Избирательной комиссии Республики Алтай","fedDistrictCode":"4","mtoCode":null,"subjectRfNumber":null,"electorCount":null,"fciMail":"","parentSubjectRfCode":"","subjectRfType":"","celectComCode":null},{"subjectRfId":19980504,"createDate":"1999-12-30","subjectRfName":"Эвенкийский автономный округ","genetiveSName":"Эвенкийского автономного округа","subjectRfCode":"88","subjectRfCenter":"п.Тура","timeZone":"4.00","host":"@S88.tur.ru","kcaNumber":"88S000","replaceDate":"2007-01-10","holder":"        ","electComName":"Избирательная комиссия Эвенкийского автономного округа","genetiveEcName":"Избирательной комиссии Эвенкийского автономного округа","fedDistrictCode":"4","mtoCode":null,"subjectRfNumber":null,"electorCount":null,"fciMail":"","parentSubjectRfCode":"","subjectRfType":"","celectComCode":null},{"subjectRfId":31906,"createDate":"1999-12-30","subjectRfName":"Кемеровская область- Кузбас","genetiveSName":"Кемеровской области","subjectRfCode":"42","subjectRfCenter":"г.Кемерово","timeZone":"3.00","host":"@S42.kmr.ru","kcaNumber":"42S000","replaceDate":null,"holder":"        ","electComName":"Избирательная комиссия Кемеровской области","genetiveEcName":"Избирательной комиссии Кемеровской области","fedDistrictCode":"4","mtoCode":null,"subjectRfNumber":null,"electorCount":null,"fciMail":"","parentSubjectRfCode":"","subjectRfType":"","celectComCode":null},{"subjectRfId":24230,"createDate":"1999-12-30","subjectRfName":"Тюменская область","genetiveSName":"Тюменской области","subjectRfCode":"72","subjectRfCenter":"г.Тюмень","timeZone":"2.00","host":"@S72.tum.ru","kcaNumber":"72S000","replaceDate":null,"holder":"        ","electComName":"Избирательная комиссия Тюменской области","genetiveEcName":"Избирательной комиссии Тюменской области","fedDistrictCode":"5","mtoCode":null,"subjectRfNumber":null,"electorCount":null,"fciMail":"","parentSubjectRfCode":"","subjectRfType":"","celectComCode":null},{"subjectRfId":867876800,"createDate":"1997-06-27","subjectRfName":"Кабардино-Балкарская Республика","genetiveSName":"Кабардино-Балкарской Республики","subjectRfCode":"07","subjectRfCenter":"г.Нальчик","timeZone":"0.00","host":"@S07.nal.ru","kcaNumber":"07S000","replaceDate":null,"holder":"        ","electComName":"Избирательная комиссия Кабардино-Балкарской Республики","genetiveEcName":"Избирательной комиссии Кабардино-Балкарской Республики","fedDistrictCode":"8","mtoCode":null,"subjectRfNumber":null,"electorCount":null,"fciMail":"","parentSubjectRfCode":"","subjectRfType":"","celectComCode":null},{"subjectRfId":16951,"createDate":"1999-12-30","subjectRfName":"Чеченская Республика","genetiveSName":"Чеченской Республики","subjectRfCode":"20","subjectRfCenter":"г.Грозный","timeZone":"0.00","host":"@S20.grz.ru","kcaNumber":"20S000","replaceDate":null,"holder":"        ","electComName":"Избирательная комиссия Чеченской Республики","genetiveEcName":"Избирательной комиссии Чеченской Республики","fedDistrictCode":"8","mtoCode":null,"subjectRfNumber":null,"electorCount":null,"fciMail":"","parentSubjectRfCode":"","subjectRfType":"","celectComCode":null},{"subjectRfId":20741,"createDate":"1999-12-30","subjectRfName":"Алтайский край","genetiveSName":"Алтайского края","subjectRfCode":"22","subjectRfCenter":"г.Барнаул","timeZone":"3.00","host":"@S22.bar.ru","kcaNumber":"22S000","replaceDate":null,"holder":"        ","electComName":"Избирательная комиссия Алтайского края","genetiveEcName":"Избирательной комиссии Алтайского края","fedDistrictCode":"4","mtoCode":null,"subjectRfNumber":null,"electorCount":null,"fciMail":"","parentSubjectRfCode":"","subjectRfType":"","celectComCode":null},{"subjectRfId":12417,"createDate":"1999-12-30","subjectRfName":"Ставропольский край","genetiveSName":"Ставропольского края","subjectRfCode":"26","subjectRfCenter":"г.Ставрополь","timeZone":"0.00","host":"@S26.stv.ru","kcaNumber":"26S000","replaceDate":null,"holder":"        ","electComName":"Избирательная комиссия Ставропольского края","genetiveEcName":"Избирательной комиссии Ставропольского края","fedDistrictCode":"8","mtoCode":null,"subjectRfNumber":null,"electorCount":null,"fciMail":"","parentSubjectRfCode":"","subjectRfType":"","celectComCode":null},{"subjectRfId":18277,"createDate":"1999-09-23","subjectRfName":"Республика Саха (Якутия)","genetiveSName":"Республики Саха (Якутия)","subjectRfCode":"14","subjectRfCenter":"г.Якутск","timeZone":"6.00","host":"@S14.jku.ru","kcaNumber":"14S000","replaceDate":null,"holder":"        ","electComName":"Центральная избирательная комиссия Республики Саха (Якутия)","genetiveEcName":"Центральной избирательной комиссии Республики Саха (Якутия)","fedDistrictCode":"1","mtoCode":null,"subjectRfNumber":null,"electorCount":null,"fciMail":"","parentSubjectRfCode":"","subjectRfType":"","celectComCode":null},{"subjectRfId":1544,"createDate":"1999-09-23","subjectRfName":"Республика Северная Осетия - Алания","genetiveSName":"Республики Северная Осетия - Алания","subjectRfCode":"15","subjectRfCenter":"г.Владикавказ","timeZone":"0.00","host":"@S15.wlk.ru","kcaNumber":"15S000","replaceDate":null,"holder":"        ","electComName":"Центральная избирательная комиссия Республики Северная Осетия - Алания","genetiveEcName":"Центральной избирательной комиссии Республики Северная Осетия - Алания","fedDistrictCode":"8","mtoCode":null,"subjectRfNumber":null,"electorCount":null,"fciMail":"","parentSubjectRfCode":"","subjectRfType":"","celectComCode":null},{"subjectRfId":16708,"createDate":"1999-12-30","subjectRfName":"Амурская область","genetiveSName":"Амурской области","subjectRfCode":"28","subjectRfCenter":"г.Благовещенск","timeZone":"6.00","host":"@S28.blw.ru","kcaNumber":"28S000","replaceDate":null,"holder":"        ","electComName":"Избирательная комиссия Амурской области","genetiveEcName":"Избирательной комиссии Амурской области","fedDistrictCode":"1","mtoCode":null,"subjectRfNumber":null,"electorCount":null,"fciMail":"","parentSubjectRfCode":"","subjectRfType":"","celectComCode":null},{"subjectRfId":27331,"createDate":"1999-12-30","subjectRfName":"Брянская область","genetiveSName":"Брянской области","subjectRfCode":"32","subjectRfCenter":"г.Брянск","timeZone":"0.00","host":"@S32.brj.ru","kcaNumber":"32S000","replaceDate":null,"holder":"        ","electComName":"Избирательная комиссия Брянской области","genetiveEcName":"Избирательной комиссии Брянской области","fedDistrictCode":"6","mtoCode":null,"subjectRfNumber":null,"electorCount":null,"fciMail":"","parentSubjectRfCode":"","subjectRfType":"","celectComCode":null},{"subjectRfId":11281,"createDate":"1999-12-30","subjectRfName":"Волгоградская область","genetiveSName":"Волгоградской области","subjectRfCode":"34","subjectRfCenter":"г.Волгоград","timeZone":"0.00","host":"@S34.wgd.ru","kcaNumber":"34S000","replaceDate":null,"holder":"        ","electComName":"Избирательная комиссия Волгоградской области","genetiveEcName":"Избирательной комиссии Волгоградской области","fedDistrictCode":"7","mtoCode":null,"subjectRfNumber":null,"electorCount":null,"fciMail":"","parentSubjectRfCode":"","subjectRfType":"","celectComCode":null},{"subjectRfId":31613,"createDate":"1999-12-30","subjectRfName":"Калининградская область","genetiveSName":"Калининградской области","subjectRfCode":"39","subjectRfCenter":"г.Калининград","timeZone":"-1.00","host":"@S39.klg.ru","kcaNumber":"39S000","replaceDate":null,"holder":"        ","electComName":"Избирательная комиссия Калининградской области","genetiveEcName":"Избирательной комиссии Калининградской области","fedDistrictCode":"3","mtoCode":null,"subjectRfNumber":null,"electorCount":null,"fciMail":"","parentSubjectRfCode":"","subjectRfType":"","celectComCode":null},{"subjectRfId":23518,"createDate":"1999-12-30","subjectRfName":"Ленинградская область","genetiveSName":"Ленинградской области","subjectRfCode":"47","subjectRfCenter":"г.Санкт-Петербург","timeZone":"0.00","host":"@S47.spb.ru","kcaNumber":"47S000","replaceDate":null,"holder":"        ","electComName":"Избирательная комиссия Ленинградской области","genetiveEcName":"Избирательной комиссии Ленинградской области","fedDistrictCode":"3","mtoCode":null,"subjectRfNumber":null,"electorCount":null,"fciMail":"","parentSubjectRfCode":"","subjectRfType":"","celectComCode":null},{"subjectRfId":24641,"createDate":"1999-09-23","subjectRfName":"Мурманская область","genetiveSName":"Мурманской области","subjectRfCode":"51","subjectRfCenter":"г.Мурманск","timeZone":"0.00","host":"@S51.mrm.ru","kcaNumber":"51S000","replaceDate":null,"holder":"        ","electComName":"Избирательная комиссия Мурманской области","genetiveEcName":"Избирательной комиссии Мурманской области","fedDistrictCode":"3","mtoCode":null,"subjectRfNumber":null,"electorCount":null,"fciMail":"","parentSubjectRfCode":"","subjectRfType":"","celectComCode":null},{"subjectRfId":30316,"createDate":"1999-12-30","subjectRfName":"Новосибирская область","genetiveSName":"Новосибирской области","subjectRfCode":"54","subjectRfCenter":"г.Новосибирск","timeZone":"3.00","host":"@S54.nsk.ru","kcaNumber":"54S000","replaceDate":null,"holder":"        ","electComName":"Избирательная комиссия Новосибирской области","genetiveEcName":"Избирательной комиссии Новосибирской области","fedDistrictCode":"4","mtoCode":null,"subjectRfNumber":null,"electorCount":null,"fciMail":"","parentSubjectRfCode":"","subjectRfType":"","celectComCode":null},{"subjectRfId":31945,"createDate":"1999-12-30","subjectRfName":"Ростовская область","genetiveSName":"Ростовской области","subjectRfCode":"61","subjectRfCenter":"г.Ростов-на-Дону","timeZone":"0.00","host":"@S61.pnd.ru","kcaNumber":"61S000","replaceDate":null,"holder":"        ","electComName":"Избирательная комиссия Ростовской области","genetiveEcName":"Избирательной комиссии Ростовской области","fedDistrictCode":"7","mtoCode":null,"subjectRfNumber":null,"electorCount":null,"fciMail":"","parentSubjectRfCode":"","subjectRfType":"","celectComCode":null},{"subjectRfId":4726,"createDate":"1999-12-30","subjectRfName":"Свердловская область","genetiveSName":"Свердловской области","subjectRfCode":"66","subjectRfCenter":"г.Екатеринбург","timeZone":"2.00","host":"@S66.ekb.ru","kcaNumber":"66S000","replaceDate":null,"holder":"        ","electComName":"Избирательная комиссия Свердловской области","genetiveEcName":"Избирательной комиссии Свердловской области","fedDistrictCode":"5","mtoCode":null,"subjectRfNumber":null,"electorCount":null,"fciMail":"","parentSubjectRfCode":"","subjectRfType":"","celectComCode":null},{"subjectRfId":23556,"createDate":"1999-12-30","subjectRfName":"Томская область","genetiveSName":"Томской области","subjectRfCode":"70","subjectRfCenter":"г.Томск","timeZone":"3.00","host":"@S70.tms.ru","kcaNumber":"70S000","replaceDate":null,"holder":"        ","electComName":"Избирательная комиссия Томской области","genetiveEcName":"Избирательной комиссии Томской области","fedDistrictCode":"4","mtoCode":null,"subjectRfNumber":null,"electorCount":null,"fciMail":"","parentSubjectRfCode":"","subjectRfType":"","celectComCode":null},{"subjectRfId":28063,"createDate":"1999-12-30","subjectRfName":"Читинская область","genetiveSName":"Читинской области","subjectRfCode":"75","subjectRfCenter":"г.Чита","timeZone":"6.00","host":"@S75.cht.ru","kcaNumber":"75S000","replaceDate":"2008-01-23","holder":"        ","electComName":"Избирательная комиссия Читинской области","genetiveEcName":"Избирательной комиссии Читинской области","fedDistrictCode":"4","mtoCode":null,"subjectRfNumber":null,"electorCount":null,"fciMail":"","parentSubjectRfCode":"","subjectRfType":"","celectComCode":null},{"subjectRfId":8416,"createDate":"1999-12-30","subjectRfName":"Орловская область","genetiveSName":"Орловской области","subjectRfCode":"57","subjectRfCenter":"г.Орел","timeZone":"0.00","host":"@S57.orl.ru","kcaNumber":"57S000","replaceDate":null,"holder":"        ","electComName":"Избирательная комиссия Орловской области","genetiveEcName":"Избирательной комиссии Орловской области","fedDistrictCode":"6","mtoCode":null,"subjectRfNumber":null,"electorCount":null,"fciMail":"","parentSubjectRfCode":"","subjectRfType":"","celectComCode":null},{"subjectRfId":32596,"createDate":"1999-12-30","subjectRfName":"Новгородская область","genetiveSName":"Новгородской области","subjectRfCode":"53","subjectRfCenter":"г.Великий Новгород","timeZone":"0.00","host":"@S53.now.ru","kcaNumber":"53S000","replaceDate":null,"holder":"        ","electComName":"Избирательная комиссия Новгородской области","genetiveEcName":"Избирательной комиссии Новгородской области","fedDistrictCode":"3","mtoCode":null,"subjectRfNumber":null,"electorCount":null,"fciMail":"","parentSubjectRfCode":"","subjectRfType":"","celectComCode":null},{"subjectRfId":2914,"createDate":"1999-12-30","subjectRfName":"Омская область","genetiveSName":"Омской области","subjectRfCode":"55","subjectRfCenter":"г.Омск","timeZone":"3.00","host":"@S55.oms.ru","kcaNumber":"55S000","replaceDate":null,"holder":"        ","electComName":"Избирательная комиссия Омской области","genetiveEcName":"Избирательной комиссии Омской области","fedDistrictCode":"4","mtoCode":null,"subjectRfNumber":null,"electorCount":null,"fciMail":"","parentSubjectRfCode":"","subjectRfType":"","celectComCode":null},{"subjectRfId":100100021615960,"createDate":"2007-06-20","subjectRfName":"Пермский край","genetiveSName":"Пермского края","subjectRfCode":"90","subjectRfCenter":"г.Пермь","timeZone":"2.00","host":"@S59.prm.ru","kcaNumber":"59S000","replaceDate":null,"holder":"        ","electComName":"Избирательная комиссия Пермского края","genetiveEcName":"Избирательной комиссии Пермского края","fedDistrictCode":"2","mtoCode":null,"subjectRfNumber":null,"electorCount":null,"fciMail":"","parentSubjectRfCode":"","subjectRfType":"","celectComCode":null},{"subjectRfId":24261,"createDate":"1999-12-30","subjectRfName":"Республика Мордовия","genetiveSName":"Республики Мордовия","subjectRfCode":"13","subjectRfCenter":"г.Саранск","timeZone":"0.00","host":"@S13.sar.ru","kcaNumber":"13S000","replaceDate":null,"holder":"        ","electComName":"Центральная избирательная комиссия Республики Мордовия","genetiveEcName":"Центральной избирательной комиссии Республики Мордовия","fedDistrictCode":"2","mtoCode":null,"subjectRfNumber":null,"electorCount":null,"fciMail":"","parentSubjectRfCode":"","subjectRfType":"","celectComCode":null},{"subjectRfId":100100022273892,"createDate":"2008-01-23","subjectRfName":"Забайкальский край","genetiveSName":"Забайкальского края","subjectRfCode":"92","subjectRfCenter":"г.Чита","timeZone":"6.00","host":"@S75.cht.ru","kcaNumber":"75S000","replaceDate":null,"holder":"        ","electComName":"Избирательная комиссия Забайкальского края","genetiveEcName":"Избирательной комиссии Забайкальского края","fedDistrictCode":"4","mtoCode":null,"subjectRfNumber":null,"electorCount":null,"fciMail":"","parentSubjectRfCode":"","subjectRfType":"","celectComCode":null},{"subjectRfId":10349,"createDate":"1999-09-23","subjectRfName":"Нижегородская область","genetiveSName":"Нижегородской области","subjectRfCode":"52","subjectRfCenter":"г.Нижний Новгород","timeZone":"0.00","host":"@S77.msg.ru","kcaNumber":"52S000","replaceDate":null,"holder":"        ","electComName":"Избирательная комиссия Нижегородской области","genetiveEcName":"Избирательной комиссии Нижегородской области","fedDistrictCode":"2","mtoCode":null,"subjectRfNumber":null,"electorCount":null,"fciMail":"","parentSubjectRfCode":"","subjectRfType":"","celectComCode":null},{"subjectRfId":15759,"createDate":"1999-12-30","subjectRfName":"Таймырский (Долгано-Ненецкий) автономный округ","genetiveSName":"Таймырского (Долгано-Ненецкого) автономного округа","subjectRfCode":"84","subjectRfCenter":"г.Дудинка","timeZone":"4.00","host":"@S84.dud.ru","kcaNumber":"84S000","replaceDate":"2007-01-10","holder":"        ","electComName":"Избирательная комиссия Таймырского (Долгано-Ненецкого) автономного округа","genetiveEcName":"Избирательной комиссии Таймырского (Долгано-Ненецкого) автономного округа","fedDistrictCode":"4","mtoCode":null,"subjectRfNumber":null,"electorCount":null,"fciMail":"","parentSubjectRfCode":"","subjectRfType":"","celectComCode":null},{"subjectRfId":19980505,"createDate":"1999-12-30","subjectRfName":"Ямало-Ненецкий автономный округ","genetiveSName":"Ямало-Ненецкого автономного округа","subjectRfCode":"89","subjectRfCenter":"г.Салехард","timeZone":"2.00","host":"@S89.slh.ru","kcaNumber":"89S000","replaceDate":null,"holder":"        ","electComName":"Избирательная комиссия Ямало-Ненецкого автономного округа","genetiveEcName":"Избирательной комиссии Ямало-Ненецкого автономного округа","fedDistrictCode":"5","mtoCode":null,"subjectRfNumber":null,"electorCount":null,"fciMail":"","parentSubjectRfCode":"","subjectRfType":"","celectComCode":null},{"subjectRfId":25690,"createDate":"1999-12-30","subjectRfName":"Смоленская область","genetiveSName":"Смоленской области","subjectRfCode":"67","subjectRfCenter":"г.Смоленск","timeZone":"0.00","host":"@S67.sml.ru","kcaNumber":"67S000","replaceDate":null,"holder":"        ","electComName":"Избирательная комиссия Смоленской области","genetiveEcName":"Избирательной комиссии Смоленской области","fedDistrictCode":"6","mtoCode":null,"subjectRfNumber":null,"electorCount":null,"fciMail":"","parentSubjectRfCode":"","subjectRfType":"","celectComCode":null},{"subjectRfId":15175,"createDate":"1999-12-30","subjectRfName":"Тамбовская область","genetiveSName":"Тамбовской области","subjectRfCode":"68","subjectRfCenter":"г.Тамбов","timeZone":"0.00","host":"@S68.tmb.ru","kcaNumber":"68S000","replaceDate":null,"holder":"        ","electComName":"Избирательная комиссия Тамбовской области","genetiveEcName":"Избирательной комиссии Тамбовской области","fedDistrictCode":"6","mtoCode":null,"subjectRfNumber":null,"electorCount":null,"fciMail":"","parentSubjectRfCode":"","subjectRfType":"","celectComCode":null},{"subjectRfId":0,"createDate":"2020-04-20","subjectRfName":"Российская Федерация","genetiveSName":"Российская Федерация","subjectRfCode":"00","subjectRfCenter":null,"timeZone":null,"host":null,"kcaNumber":null,"replaceDate":null,"holder":null,"electComName":null,"genetiveEcName":null,"fedDistrictCode":null,"mtoCode":null,"subjectRfNumber":null,"electorCount":null,"fciMail":null,"parentSubjectRfCode":null,"subjectRfType":null,"celectComCode":null}]