[{"createDate":"2020-04-03T00:00:00","updateDate":"2020-04-03T00:00:00","createUserId":"28d1bdea-5e04-11ea-bc55-0242ac130003","updateUserId":"28d1bdea-5e04-11ea-bc55-0242ac130003","subjectId":"4640","subjectGlobalId":"90357","subjectGlobalParentId":"90344","isActual":true,"beginDate":null,"endDate":null,"subjectName":"Территориальная избирательная комиссия Рыбновского района","subjectType":{"createDate":"2020-03-04T00:00:00","updateDate":"2020-03-04T00:00:00","createUserId":"28d1bdea-5e04-11ea-bc55-0242ac130003","updateUserId":"28d1bdea-5e04-11ea-bc55-0242ac130003","subjectTypeId":1,"subjectTypeName":"Избирательные комиссии (ИК)","isUnchecked":"f","isProtected":"t","isDoc":"f","beginDate":"2020-03-04","endDate":"2020-03-04","isActive":true,"kca":null},"subjectLevel":{"createDate":"2020-04-03T00:00:00","updateDate":"2020-04-03T00:00:00","createUserId":"28d1bdea-5e04-11ea-bc55-0242ac130003","updateUserId":"28d1bdea-5e04-11ea-bc55-0242ac130003","subjectLevelId":45,"subjectLevelParent":{"createDate":"2020-04-03T00:00:00","updateDate":"2020-04-03T00:00:00","createUserId":"28d1bdea-5e04-11ea-bc55-0242ac130003","updateUserId":"28d1bdea-5e04-11ea-bc55-0242ac130003","subjectLevelId":43,"subjectLevelParent":{"createDate":"2020-04-03T00:00:00","updateDate":"2020-04-03T00:00:00","createUserId":"28d1bdea-5e04-11ea-bc55-0242ac130003","updateUserId":"28d1bdea-5e04-11ea-bc55-0242ac130003","subjectLevelId":42,"subjectLevelParent":{"createDate":"2020-04-03T00:00:00","updateDate":"2020-04-03T00:00:00","createUserId":"28d1bdea-5e04-11ea-bc55-0242ac130003","updateUserId":"28d1bdea-5e04-11ea-bc55-0242ac130003","subjectLevelId":41,"subjectLevelParent":null,"beginDate":null,"endDate":null,"isActive":true,"isUnchecked":false,"subjectLevelName":"ЦИК","isProtected":true,"kca":null,"subjectType":{"createDate":"2020-03-04T00:00:00","updateDate":"2020-03-04T00:00:00","createUserId":"28d1bdea-5e04-11ea-bc55-0242ac130003","updateUserId":"28d1bdea-5e04-11ea-bc55-0242ac130003","subjectTypeId":1,"subjectTypeName":"Избирательные комиссии (ИК)","isUnchecked":"f","isProtected":"t","isDoc":"f","beginDate":"2020-03-04","endDate":"2020-03-04","isActive":true,"kca":null},"lvl":1},"beginDate":null,"endDate":null,"isActive":true,"isUnchecked":false,"subjectLevelName":"ИКСРФ","isProtected":true,"kca":null,"subjectType":{"createDate":"2020-03-04T00:00:00","updateDate":"2020-03-04T00:00:00","createUserId":"28d1bdea-5e04-11ea-bc55-0242ac130003","updateUserId":"28d1bdea-5e04-11ea-bc55-0242ac130003","subjectTypeId":1,"subjectTypeName":"Избирательные комиссии (ИК)","isUnchecked":"f","isProtected":"t","isDoc":"f","beginDate":"2020-03-04","endDate":"2020-03-04","isActive":true,"kca":null},"lvl":2},"beginDate":null,"endDate":null,"isActive":true,"isUnchecked":false,"subjectLevelName":"ОИК","isProtected":true,"kca":null,"subjectType":{"createDate":"2020-03-04T00:00:00","updateDate":"2020-03-04T00:00:00","createUserId":"28d1bdea-5e04-11ea-bc55-0242ac130003","updateUserId":"28d1bdea-5e04-11ea-bc55-0242ac130003","subjectTypeId":1,"subjectTypeName":"Избирательные комиссии (ИК)","isUnchecked":"f","isProtected":"t","isDoc":"f","beginDate":"2020-03-04","endDate":"2020-03-04","isActive":true,"kca":null},"lvl":3},"beginDate":null,"endDate":null,"isActive":true,"isUnchecked":false,"subjectLevelName":"ТИК","isProtected":true,"kca":null,"subjectType":{"createDate":"2020-03-04T00:00:00","updateDate":"2020-03-04T00:00:00","createUserId":"28d1bdea-5e04-11ea-bc55-0242ac130003","updateUserId":"28d1bdea-5e04-11ea-bc55-0242ac130003","subjectTypeId":1,"subjectTypeName":"Избирательные комиссии (ИК)","isUnchecked":"f","isProtected":"t","isDoc":"f","beginDate":"2020-03-04","endDate":"2020-03-04","isActive":true,"kca":null},"lvl":4},"municipalType":null,"electionLevel":null,"subjectRf":{"subjectRfId":21636,"createDate":"1999-12-30","subjectRfName":"Рязанская область","genetiveSName":"Рязанской области","subjectRfCode":"62","subjectRfCenter":"г.Рязань","timeZone":"0.00","host":"@S77.msg.ru","kcaNumber":"62S000","replaceDate":null,"holder":"        ","electComName":"Избирательная комиссия Рязанской области","genetiveEcName":"Избирательной комиссии Рязанской области","fedDistrictCode":"6","mtoCode":null,"subjectRfNumber":null,"electorCount":null,"fciMail":"","parentSubjectRfCode":"","subjectRfType":"","celectComCode":null},"isUnchecked":false,"isProtected":false,"kca":"62T013","subjectFullName":"ЦИК: Избирательные комиссии (ИК) 00C000, ТИК: Избирательные комиссии (ИК) Избирательная комиссия Рязанской области, ТИК: Избирательные комиссии (ИК) Территориальная избирательная комиссия Рыбновского района","lvl":3,"leftCount":null,"rightCount":null,"electionCompanyNameId":null}]