{"content":[{"createDate":"2020-09-06T18:38:40.829","updateDate":null,"createUserId":null,"updateUserId":null,"plotsTerritoriesId":9182,"subject":{"createDate":"2020-04-03T00:00:00","updateDate":"2020-04-03T00:00:00","createUserId":"28d1bdea-5e04-11ea-bc55-0242ac130003","updateUserId":"28d1bdea-5e04-11ea-bc55-0242ac130003","subjectId":"19097","subjectGlobalId":"108094","subjectGlobalParentId":"90357","isActual":true,"beginDate":null,"endDate":null,"subjectName":"Участковая избирательная комиссия №14","subjectType":{"createDate":"2020-03-04T00:00:00","updateDate":"2020-03-04T00:00:00","createUserId":"28d1bdea-5e04-11ea-bc55-0242ac130003","updateUserId":"28d1bdea-5e04-11ea-bc55-0242ac130003","subjectTypeId":1,"subjectTypeName":"Избирательные комиссии (ИК)","isUnchecked":"f","isProtected":"t","isDoc":"f","beginDate":"2020-03-04","endDate":"2020-03-04","isActive":true,"kca":null},"subjectLevel":{"createDate":"2020-04-03T00:00:00","updateDate":"2020-04-03T00:00:00","createUserId":"28d1bdea-5e04-11ea-bc55-0242ac130003","updateUserId":"28d1bdea-5e04-11ea-bc55-0242ac130003","subjectLevelId":46,"subjectLevelParent":{"createDate":"2020-04-03T00:00:00","updateDate":"2020-04-03T00:00:00","createUserId":"28d1bdea-5e04-11ea-bc55-0242ac130003","updateUserId":"28d1bdea-5e04-11ea-bc55-0242ac130003","subjectLevelId":45,"subjectLevelParent":{"createDate":"2020-04-03T00:00:00","updateDate":"2020-04-03T00:00:00","createUserId":"28d1bdea-5e04-11ea-bc55-0242ac130003","updateUserId":"28d1bdea-5e04-11ea-bc55-0242ac130003","subjectLevelId":43,"subjectLevelParent":{"createDate":"2020-04-03T00:00:00","updateDate":"2020-04-03T00:00:00","createUserId":"28d1bdea-5e04-11ea-bc55-0242ac130003","updateUserId":"28d1bdea-5e04-11ea-bc55-0242ac130003","subjectLevelId":42,"subjectLevelParent":{"createDate":"2020-04-03T00:00:00","updateDate":"2020-04-03T00:00:00","createUserId":"28d1bdea-5e04-11ea-bc55-0242ac130003","updateUserId":"28d1bdea-5e04-11ea-bc55-0242ac130003","subjectLevelId":41,"subjectLevelParent":null,"beginDate":null,"endDate":null,"isActive":true,"isUnchecked":false,"subjectLevelName":"ЦИК","isProtected":true,"kca":null,"subjectType":{"createDate":"2020-03-04T00:00:00","updateDate":"2020-03-04T00:00:00","createUserId":"28d1bdea-5e04-11ea-bc55-0242ac130003","updateUserId":"28d1bdea-5e04-11ea-bc55-0242ac130003","subjectTypeId":1,"subjectTypeName":"Избирательные комиссии (ИК)","isUnchecked":"f","isProtected":"t","isDoc":"f","beginDate":"2020-03-04","endDate":"2020-03-04","isActive":true,"kca":null},"lvl":1},"beginDate":null,"endDate":null,"isActive":true,"isUnchecked":false,"subjectLevelName":"ИКСРФ","isProtected":true,"kca":null,"subjectType":{"createDate":"2020-03-04T00:00:00","updateDate":"2020-03-04T00:00:00","createUserId":"28d1bdea-5e04-11ea-bc55-0242ac130003","updateUserId":"28d1bdea-5e04-11ea-bc55-0242ac130003","subjectTypeId":1,"subjectTypeName":"Избирательные комиссии (ИК)","isUnchecked":"f","isProtected":"t","isDoc":"f","beginDate":"2020-03-04","endDate":"2020-03-04","isActive":true,"kca":null},"lvl":2},"beginDate":null,"endDate":null,"isActive":true,"isUnchecked":false,"subjectLevelName":"ОИК","isProtected":true,"kca":null,"subjectType":{"createDate":"2020-03-04T00:00:00","updateDate":"2020-03-04T00:00:00","createUserId":"28d1bdea-5e04-11ea-bc55-0242ac130003","updateUserId":"28d1bdea-5e04-11ea-bc55-0242ac130003","subjectTypeId":1,"subjectTypeName":"Избирательные комиссии (ИК)","isUnchecked":"f","isProtected":"t","isDoc":"f","beginDate":"2020-03-04","endDate":"2020-03-04","isActive":true,"kca":null},"lvl":3},"beginDate":null,"endDate":null,"isActive":true,"isUnchecked":false,"subjectLevelName":"ТИК","isProtected":true,"kca":null,"subjectType":{"createDate":"2020-03-04T00:00:00","updateDate":"2020-03-04T00:00:00","createUserId":"28d1bdea-5e04-11ea-bc55-0242ac130003","updateUserId":"28d1bdea-5e04-11ea-bc55-0242ac130003","subjectTypeId":1,"subjectTypeName":"Избирательные комиссии (ИК)","isUnchecked":"f","isProtected":"t","isDoc":"f","beginDate":"2020-03-04","endDate":"2020-03-04","isActive":true,"kca":null},"lvl":4},"beginDate":null,"endDate":null,"isActive":true,"isUnchecked":false,"subjectLevelName":"УИК","isProtected":true,"kca":null,"subjectType":{"createDate":"2020-03-04T00:00:00","updateDate":"2020-03-04T00:00:00","createUserId":"28d1bdea-5e04-11ea-bc55-0242ac130003","updateUserId":"28d1bdea-5e04-11ea-bc55-0242ac130003","subjectTypeId":1,"subjectTypeName":"Избирательные комиссии (ИК)","isUnchecked":"f","isProtected":"t","isDoc":"f","beginDate":"2020-03-04","endDate":"2020-03-04","isActive":true,"kca":null},"lvl":5},"municipalType":null,"electionLevel":null,"subjectRf":{"subjectRfId":21636,"createDate":"1999-12-30","subjectRfName":"Рязанская область","genetiveSName":"Рязанской области","subjectRfCode":"62","subjectRfCenter":"г.Рязань","timeZone":"0.00","host":"@S77.msg.ru","kcaNumber":"62S000","replaceDate":null,"holder":"        ","electComName":"Избирательная комиссия Рязанской области","genetiveEcName":"Избирательной комиссии Рязанской области","fedDistrictCode":"6","mtoCode":null,"subjectRfNumber":null,"electorCount":null,"fciMail":"","parentSubjectRfCode":"","subjectRfType":"","celectComCode":null},"isUnchecked":false,"isProtected":false,"kca":"62T013","subjectFullName":"ЦИК: Избирательные комиссии (ИК) 00C000, ТИК: Избирательные комиссии (ИК) Избирательная комиссия Рязанской области, ТИК: Избирательные комиссии (ИК) Территориальная избирательная комиссия Рыбновского района, УИК: Избирательные комиссии (ИК) Участковая избирательная комиссия №14","lvl":4,"leftCount":null,"rightCount":null,"electionCompanyNameId":null},"nameIk":"Участок №14","vidIk":46,"districtNum":14,"districtType":"постоянный","subjectRf":{"subjectRfId":21636,"createDate":"1999-12-30","subjectRfName":"Рязанская область","genetiveSName":"Рязанской области","subjectRfCode":"62","subjectRfCenter":"г.Рязань","timeZone":"0.00","host":"@S77.msg.ru","kcaNumber":"62S000","replaceDate":null,"holder":"        ","electComName":"Избирательная комиссия Рязанской области","genetiveEcName":"Избирательной комиссии Рязанской области","fedDistrictCode":"6","mtoCode":null,"subjectRfNumber":null,"electorCount":null,"fciMail":"","parentSubjectRfCode":"","subjectRfType":"","celectComCode":null},"vcprTech":"","numbersResId":null,"slicingResId":null,"dateout":null,"notes":"135637827259064320000011354","kca":"62T013","isActual":true,"electorDistrictCategory":{"vrn":100100025537261,"vrnCls":116,"znachatr":"городские","vnkod":"10","sortirovka":1,"prretro":"N         ","prim":"городские участки (избирательные участки, образуемые на территории городских округов, городских поселений и городов федерального значения)","dateadd":"2010-06-10T10:00:00","vnkodok":"","stok":"","dateretro":null,"vrnstok":null},"addressString":"Российская Федерация, Рязанская область, Муниципальное образование - Рыбновский муниципальный район, Муниципальное образование - Батуринское сельское поселение Рыбновского муниципального района, Летняя, 12"},{"createDate":"2020-09-06T18:38:40.829","updateDate":null,"createUserId":null,"updateUserId":null,"plotsTerritoriesId":9188,"subject":{"createDate":"2020-04-03T00:00:00","updateDate":"2020-04-03T00:00:00","createUserId":"28d1bdea-5e04-11ea-bc55-0242ac130003","updateUserId":"28d1bdea-5e04-11ea-bc55-0242ac130003","subjectId":"8346","subjectGlobalId":"108095","subjectGlobalParentId":"90357","isActual":true,"beginDate":null,"endDate":null,"subjectName":"Участковая избирательная комиссия №15","subjectType":{"createDate":"2020-03-04T00:00:00","updateDate":"2020-03-04T00:00:00","createUserId":"28d1bdea-5e04-11ea-bc55-0242ac130003","updateUserId":"28d1bdea-5e04-11ea-bc55-0242ac130003","subjectTypeId":1,"subjectTypeName":"Избирательные комиссии (ИК)","isUnchecked":"f","isProtected":"t","isDoc":"f","beginDate":"2020-03-04","endDate":"2020-03-04","isActive":true,"kca":null},"subjectLevel":{"createDate":"2020-04-03T00:00:00","updateDate":"2020-04-03T00:00:00","createUserId":"28d1bdea-5e04-11ea-bc55-0242ac130003","updateUserId":"28d1bdea-5e04-11ea-bc55-0242ac130003","subjectLevelId":46,"subjectLevelParent":{"createDate":"2020-04-03T00:00:00","updateDate":"2020-04-03T00:00:00","createUserId":"28d1bdea-5e04-11ea-bc55-0242ac130003","updateUserId":"28d1bdea-5e04-11ea-bc55-0242ac130003","subjectLevelId":45,"subjectLevelParent":{"createDate":"2020-04-03T00:00:00","updateDate":"2020-04-03T00:00:00","createUserId":"28d1bdea-5e04-11ea-bc55-0242ac130003","updateUserId":"28d1bdea-5e04-11ea-bc55-0242ac130003","subjectLevelId":43,"subjectLevelParent":{"createDate":"2020-04-03T00:00:00","updateDate":"2020-04-03T00:00:00","createUserId":"28d1bdea-5e04-11ea-bc55-0242ac130003","updateUserId":"28d1bdea-5e04-11ea-bc55-0242ac130003","subjectLevelId":42,"subjectLevelParent":{"createDate":"2020-04-03T00:00:00","updateDate":"2020-04-03T00:00:00","createUserId":"28d1bdea-5e04-11ea-bc55-0242ac130003","updateUserId":"28d1bdea-5e04-11ea-bc55-0242ac130003","subjectLevelId":41,"subjectLevelParent":null,"beginDate":null,"endDate":null,"isActive":true,"isUnchecked":false,"subjectLevelName":"ЦИК","isProtected":true,"kca":null,"subjectType":{"createDate":"2020-03-04T00:00:00","updateDate":"2020-03-04T00:00:00","createUserId":"28d1bdea-5e04-11ea-bc55-0242ac130003","updateUserId":"28d1bdea-5e04-11ea-bc55-0242ac130003","subjectTypeId":1,"subjectTypeName":"Избирательные комиссии (ИК)","isUnchecked":"f","isProtected":"t","isDoc":"f","beginDate":"2020-03-04","endDate":"2020-03-04","isActive":true,"kca":null},"lvl":1},"beginDate":null,"endDate":null,"isActive":true,"isUnchecked":false,"subjectLevelName":"ИКСРФ","isProtected":true,"kca":null,"subjectType":{"createDate":"2020-03-04T00:00:00","updateDate":"2020-03-04T00:00:00","createUserId":"28d1bdea-5e04-11ea-bc55-0242ac130003","updateUserId":"28d1bdea-5e04-11ea-bc55-0242ac130003","subjectTypeId":1,"subjectTypeName":"Избирательные комиссии (ИК)","isUnchecked":"f","isProtected":"t","isDoc":"f","beginDate":"2020-03-04","endDate":"2020-03-04","isActive":true,"kca":null},"lvl":2},"beginDate":null,"endDate":null,"isActive":true,"isUnchecked":false,"subjectLevelName":"ОИК","isProtected":true,"kca":null,"subjectType":{"createDate":"2020-03-04T00:00:00","updateDate":"2020-03-04T00:00:00","createUserId":"28d1bdea-5e04-11ea-bc55-0242ac130003","updateUserId":"28d1bdea-5e04-11ea-bc55-0242ac130003","subjectTypeId":1,"subjectTypeName":"Избирательные комиссии (ИК)","isUnchecked":"f","isProtected":"t","isDoc":"f","beginDate":"2020-03-04","endDate":"2020-03-04","isActive":true,"kca":null},"lvl":3},"beginDate":null,"endDate":null,"isActive":true,"isUnchecked":false,"subjectLevelName":"ТИК","isProtected":true,"kca":null,"subjectType":{"createDate":"2020-03-04T00:00:00","updateDate":"2020-03-04T00:00:00","createUserId":"28d1bdea-5e04-11ea-bc55-0242ac130003","updateUserId":"28d1bdea-5e04-11ea-bc55-0242ac130003","subjectTypeId":1,"subjectTypeName":"Избирательные комиссии (ИК)","isUnchecked":"f","isProtected":"t","isDoc":"f","beginDate":"2020-03-04","endDate":"2020-03-04","isActive":true,"kca":null},"lvl":4},"beginDate":null,"endDate":null,"isActive":true,"isUnchecked":false,"subjectLevelName":"УИК","isProtected":true,"kca":null,"subjectType":{"createDate":"2020-03-04T00:00:00","updateDate":"2020-03-04T00:00:00","createUserId":"28d1bdea-5e04-11ea-bc55-0242ac130003","updateUserId":"28d1bdea-5e04-11ea-bc55-0242ac130003","subjectTypeId":1,"subjectTypeName":"Избирательные комиссии (ИК)","isUnchecked":"f","isProtected":"t","isDoc":"f","beginDate":"2020-03-04","endDate":"2020-03-04","isActive":true,"kca":null},"lvl":5},"municipalType":null,"electionLevel":null,"subjectRf":{"subjectRfId":21636,"createDate":"1999-12-30","subjectRfName":"Рязанская область","genetiveSName":"Рязанской области","subjectRfCode":"62","subjectRfCenter":"г.Рязань","timeZone":"0.00","host":"@S77.msg.ru","kcaNumber":"62S000","replaceDate":null,"holder":"        ","electComName":"Избирательная комиссия Рязанской области","genetiveEcName":"Избирательной комиссии Рязанской области","fedDistrictCode":"6","mtoCode":null,"subjectRfNumber":null,"electorCount":null,"fciMail":"","parentSubjectRfCode":"","subjectRfType":"","celectComCode":null},"isUnchecked":false,"isProtected":false,"kca":"62T013","subjectFullName":"ЦИК: Избирательные комиссии (ИК) 00C000, ТИК: Избирательные комиссии (ИК) Избирательная комиссия Рязанской области, ТИК: Избирательные комиссии (ИК) Территориальная избирательная комиссия Рыбновского района, УИК: Избирательные комиссии (ИК) Участковая избирательная комиссия №15","lvl":4,"leftCount":null,"rightCount":null,"electionCompanyNameId":null},"nameIk":"Участок №15","vidIk":46,"districtNum":15,"districtType":"постоянный","subjectRf":{"subjectRfId":21636,"createDate":"1999-12-30","subjectRfName":"Рязанская область","genetiveSName":"Рязанской области","subjectRfCode":"62","subjectRfCenter":"г.Рязань","timeZone":"0.00","host":"@S77.msg.ru","kcaNumber":"62S000","replaceDate":null,"holder":"        ","electComName":"Избирательная комиссия Рязанской области","genetiveEcName":"Избирательной комиссии Рязанской области","fedDistrictCode":"6","mtoCode":null,"subjectRfNumber":null,"electorCount":null,"fciMail":"","parentSubjectRfCode":"","subjectRfType":"","celectComCode":null},"vcprTech":"","numbersResId":null,"slicingResId":null,"dateout":null,"notes":"135637827259064320000011354","kca":"62T013","isActual":true,"electorDistrictCategory":{"vrn":100100025537261,"vrnCls":116,"znachatr":"городские","vnkod":"10","sortirovka":1,"prretro":"N         ","prim":"городские участки (избирательные участки, образуемые на территории городских округов, городских поселений и городов федерального значения)","dateadd":"2010-06-10T10:00:00","vnkodok":"","stok":"","dateretro":null,"vrnstok":null},"addressString":"Российская Федерация, Рязанская область, Муниципальное образование - Рыбновский муниципальный район, Муниципальное образование - Алешинское сельское поселение Рыбновского муниципального района, Зимняя, 33"},{"createDate":"2020-09-06T18:38:40.829","updateDate":null,"createUserId":null,"updateUserId":null,"plotsTerritoriesId":9194,"subject":{"createDate":"2020-04-03T00:00:00","updateDate":"2020-04-03T00:00:00","createUserId":"28d1bdea-5e04-11ea-bc55-0242ac130003","updateUserId":"28d1bdea-5e04-11ea-bc55-0242ac130003","subjectId":"28954","subjectGlobalId":"108096","subjectGlobalParentId":"90357","isActual":true,"beginDate":null,"endDate":null,"subjectName":"Участковая избирательная комиссия №16","subjectType":{"createDate":"2020-03-04T00:00:00","updateDate":"2020-03-04T00:00:00","createUserId":"28d1bdea-5e04-11ea-bc55-0242ac130003","updateUserId":"28d1bdea-5e04-11ea-bc55-0242ac130003","subjectTypeId":1,"subjectTypeName":"Избирательные комиссии (ИК)","isUnchecked":"f","isProtected":"t","isDoc":"f","beginDate":"2020-03-04","endDate":"2020-03-04","isActive":true,"kca":null},"subjectLevel":{"createDate":"2020-04-03T00:00:00","updateDate":"2020-04-03T00:00:00","createUserId":"28d1bdea-5e04-11ea-bc55-0242ac130003","updateUserId":"28d1bdea-5e04-11ea-bc55-0242ac130003","subjectLevelId":46,"subjectLevelParent":{"createDate":"2020-04-03T00:00:00","updateDate":"2020-04-03T00:00:00","createUserId":"28d1bdea-5e04-11ea-bc55-0242ac130003","updateUserId":"28d1bdea-5e04-11ea-bc55-0242ac130003","subjectLevelId":45,"subjectLevelParent":{"createDate":"2020-04-03T00:00:00","updateDate":"2020-04-03T00:00:00","createUserId":"28d1bdea-5e04-11ea-bc55-0242ac130003","updateUserId":"28d1bdea-5e04-11ea-bc55-0242ac130003","subjectLevelId":43,"subjectLevelParent":{"createDate":"2020-04-03T00:00:00","updateDate":"2020-04-03T00:00:00","createUserId":"28d1bdea-5e04-11ea-bc55-0242ac130003","updateUserId":"28d1bdea-5e04-11ea-bc55-0242ac130003","subjectLevelId":42,"subjectLevelParent":{"createDate":"2020-04-03T00:00:00","updateDate":"2020-04-03T00:00:00","createUserId":"28d1bdea-5e04-11ea-bc55-0242ac130003","updateUserId":"28d1bdea-5e04-11ea-bc55-0242ac130003","subjectLevelId":41,"subjectLevelParent":null,"beginDate":null,"endDate":null,"isActive":true,"isUnchecked":false,"subjectLevelName":"ЦИК","isProtected":true,"kca":null,"subjectType":{"createDate":"2020-03-04T00:00:00","updateDate":"2020-03-04T00:00:00","createUserId":"28d1bdea-5e04-11ea-bc55-0242ac130003","updateUserId":"28d1bdea-5e04-11ea-bc55-0242ac130003","subjectTypeId":1,"subjectTypeName":"Избирательные комиссии (ИК)","isUnchecked":"f","isProtected":"t","isDoc":"f","beginDate":"2020-03-04","endDate":"2020-03-04","isActive":true,"kca":null},"lvl":1},"beginDate":null,"endDate":null,"isActive":true,"isUnchecked":false,"subjectLevelName":"ИКСРФ","isProtected":true,"kca":null,"subjectType":{"createDate":"2020-03-04T00:00:00","updateDate":"2020-03-04T00:00:00","createUserId":"28d1bdea-5e04-11ea-bc55-0242ac130003","updateUserId":"28d1bdea-5e04-11ea-bc55-0242ac130003","subjectTypeId":1,"subjectTypeName":"Избирательные комиссии (ИК)","isUnchecked":"f","isProtected":"t","isDoc":"f","beginDate":"2020-03-04","endDate":"2020-03-04","isActive":true,"kca":null},"lvl":2},"beginDate":null,"endDate":null,"isActive":true,"isUnchecked":false,"subjectLevelName":"ОИК","isProtected":true,"kca":null,"subjectType":{"createDate":"2020-03-04T00:00:00","updateDate":"2020-03-04T00:00:00","createUserId":"28d1bdea-5e04-11ea-bc55-0242ac130003","updateUserId":"28d1bdea-5e04-11ea-bc55-0242ac130003","subjectTypeId":1,"subjectTypeName":"Избирательные комиссии (ИК)","isUnchecked":"f","isProtected":"t","isDoc":"f","beginDate":"2020-03-04","endDate":"2020-03-04","isActive":true,"kca":null},"lvl":3},"beginDate":null,"endDate":null,"isActive":true,"isUnchecked":false,"subjectLevelName":"ТИК","isProtected":true,"kca":null,"subjectType":{"createDate":"2020-03-04T00:00:00","updateDate":"2020-03-04T00:00:00","createUserId":"28d1bdea-5e04-11ea-bc55-0242ac130003","updateUserId":"28d1bdea-5e04-11ea-bc55-0242ac130003","subjectTypeId":1,"subjectTypeName":"Избирательные комиссии (ИК)","isUnchecked":"f","isProtected":"t","isDoc":"f","beginDate":"2020-03-04","endDate":"2020-03-04","isActive":true,"kca":null},"lvl":4},"beginDate":null,"endDate":null,"isActive":true,"isUnchecked":false,"subjectLevelName":"УИК","isProtected":true,"kca":null,"subjectType":{"createDate":"2020-03-04T00:00:00","updateDate":"2020-03-04T00:00:00","createUserId":"28d1bdea-5e04-11ea-bc55-0242ac130003","updateUserId":"28d1bdea-5e04-11ea-bc55-0242ac130003","subjectTypeId":1,"subjectTypeName":"Избирательные комиссии (ИК)","isUnchecked":"f","isProtected":"t","isDoc":"f","beginDate":"2020-03-04","endDate":"2020-03-04","isActive":true,"kca":null},"lvl":5},"municipalType":null,"electionLevel":null,"subjectRf":{"subjectRfId":21636,"createDate":"1999-12-30","subjectRfName":"Рязанская область","genetiveSName":"Рязанской области","subjectRfCode":"62","subjectRfCenter":"г.Рязань","timeZone":"0.00","host":"@S77.msg.ru","kcaNumber":"62S000","replaceDate":null,"holder":"        ","electComName":"Избирательная комиссия Рязанской области","genetiveEcName":"Избирательной комиссии Рязанской области","fedDistrictCode":"6","mtoCode":null,"subjectRfNumber":null,"electorCount":null,"fciMail":"","parentSubjectRfCode":"","subjectRfType":"","celectComCode":null},"isUnchecked":false,"isProtected":false,"kca":"62T013","subjectFullName":"ЦИК: Избирательные комиссии (ИК) 00C000, ТИК: Избирательные комиссии (ИК) Избирательная комиссия Рязанской области, ТИК: Избирательные комиссии (ИК) Территориальная избирательная комиссия Рыбновского района, УИК: Избирательные комиссии (ИК) Участковая избирательная комиссия №16","lvl":4,"leftCount":null,"rightCount":null,"electionCompanyNameId":null},"nameIk":"Участок №16","vidIk":46,"districtNum":16,"districtType":"постоянный","subjectRf":{"subjectRfId":21636,"createDate":"1999-12-30","subjectRfName":"Рязанская область","genetiveSName":"Рязанской области","subjectRfCode":"62","subjectRfCenter":"г.Рязань","timeZone":"0.00","host":"@S77.msg.ru","kcaNumber":"62S000","replaceDate":null,"holder":"        ","electComName":"Избирательная комиссия Рязанской области","genetiveEcName":"Избирательной комиссии Рязанской области","fedDistrictCode":"6","mtoCode":null,"subjectRfNumber":null,"electorCount":null,"fciMail":"","parentSubjectRfCode":"","subjectRfType":"","celectComCode":null},"vcprTech":"","numbersResId":null,"slicingResId":null,"dateout":null,"notes":"135637827259064320000011354","kca":"62T013","isActual":true,"electorDistrictCategory":{"vrn":100100025537261,"vrnCls":116,"znachatr":"городские","vnkod":"10","sortirovka":1,"prretro":"N         ","prim":"городские участки (избирательные участки, образуемые на территории городских округов, городских поселений и городов федерального значения)","dateadd":"2010-06-10T10:00:00","vnkodok":"","stok":"","dateretro":null,"vrnstok":null},"addressString":"Российская Федерация, Рязанская область, Муниципальное образование - Рыбновский муниципальный район, Муниципальное образование - Рыбновское городское поселение Рыбновского муниципального района, Верхняя, 14"},{"createDate":"2020-09-06T18:38:40.829","updateDate":null,"createUserId":null,"updateUserId":null,"plotsTerritoriesId":9265,"subject":{"createDate":"2020-04-03T00:00:00","updateDate":"2020-04-03T00:00:00","createUserId":"28d1bdea-5e04-11ea-bc55-0242ac130003","updateUserId":"28d1bdea-5e04-11ea-bc55-0242ac130003","subjectId":"19251","subjectGlobalId":"108002","subjectGlobalParentId":"90357","isActual":true,"beginDate":null,"endDate":null,"subjectName":"Участковая избирательная комиссия №356","subjectType":{"createDate":"2020-03-04T00:00:00","updateDate":"2020-03-04T00:00:00","createUserId":"28d1bdea-5e04-11ea-bc55-0242ac130003","updateUserId":"28d1bdea-5e04-11ea-bc55-0242ac130003","subjectTypeId":1,"subjectTypeName":"Избирательные комиссии (ИК)","isUnchecked":"f","isProtected":"t","isDoc":"f","beginDate":"2020-03-04","endDate":"2020-03-04","isActive":true,"kca":null},"subjectLevel":{"createDate":"2020-04-03T00:00:00","updateDate":"2020-04-03T00:00:00","createUserId":"28d1bdea-5e04-11ea-bc55-0242ac130003","updateUserId":"28d1bdea-5e04-11ea-bc55-0242ac130003","subjectLevelId":46,"subjectLevelParent":{"createDate":"2020-04-03T00:00:00","updateDate":"2020-04-03T00:00:00","createUserId":"28d1bdea-5e04-11ea-bc55-0242ac130003","updateUserId":"28d1bdea-5e04-11ea-bc55-0242ac130003","subjectLevelId":45,"subjectLevelParent":{"createDate":"2020-04-03T00:00:00","updateDate":"2020-04-03T00:00:00","createUserId":"28d1bdea-5e04-11ea-bc55-0242ac130003","updateUserId":"28d1bdea-5e04-11ea-bc55-0242ac130003","subjectLevelId":43,"subjectLevelParent":{"createDate":"2020-04-03T00:00:00","updateDate":"2020-04-03T00:00:00","createUserId":"28d1bdea-5e04-11ea-bc55-0242ac130003","updateUserId":"28d1bdea-5e04-11ea-bc55-0242ac130003","subjectLevelId":42,"subjectLevelParent":{"createDate":"2020-04-03T00:00:00","updateDate":"2020-04-03T00:00:00","createUserId":"28d1bdea-5e04-11ea-bc55-0242ac130003","updateUserId":"28d1bdea-5e04-11ea-bc55-0242ac130003","subjectLevelId":41,"subjectLevelParent":null,"beginDate":null,"endDate":null,"isActive":true,"isUnchecked":false,"subjectLevelName":"ЦИК","isProtected":true,"kca":null,"subjectType":{"createDate":"2020-03-04T00:00:00","updateDate":"2020-03-04T00:00:00","createUserId":"28d1bdea-5e04-11ea-bc55-0242ac130003","updateUserId":"28d1bdea-5e04-11ea-bc55-0242ac130003","subjectTypeId":1,"subjectTypeName":"Избирательные комиссии (ИК)","isUnchecked":"f","isProtected":"t","isDoc":"f","beginDate":"2020-03-04","endDate":"2020-03-04","isActive":true,"kca":null},"lvl":1},"beginDate":null,"endDate":null,"isActive":true,"isUnchecked":false,"subjectLevelName":"ИКСРФ","isProtected":true,"kca":null,"subjectType":{"createDate":"2020-03-04T00:00:00","updateDate":"2020-03-04T00:00:00","createUserId":"28d1bdea-5e04-11ea-bc55-0242ac130003","updateUserId":"28d1bdea-5e04-11ea-bc55-0242ac130003","subjectTypeId":1,"subjectTypeName":"Избирательные комиссии (ИК)","isUnchecked":"f","isProtected":"t","isDoc":"f","beginDate":"2020-03-04","endDate":"2020-03-04","isActive":true,"kca":null},"lvl":2},"beginDate":null,"endDate":null,"isActive":true,"isUnchecked":false,"subjectLevelName":"ОИК","isProtected":true,"kca":null,"subjectType":{"createDate":"2020-03-04T00:00:00","updateDate":"2020-03-04T00:00:00","createUserId":"28d1bdea-5e04-11ea-bc55-0242ac130003","updateUserId":"28d1bdea-5e04-11ea-bc55-0242ac130003","subjectTypeId":1,"subjectTypeName":"Избирательные комиссии (ИК)","isUnchecked":"f","isProtected":"t","isDoc":"f","beginDate":"2020-03-04","endDate":"2020-03-04","isActive":true,"kca":null},"lvl":3},"beginDate":null,"endDate":null,"isActive":true,"isUnchecked":false,"subjectLevelName":"ТИК","isProtected":true,"kca":null,"subjectType":{"createDate":"2020-03-04T00:00:00","updateDate":"2020-03-04T00:00:00","createUserId":"28d1bdea-5e04-11ea-bc55-0242ac130003","updateUserId":"28d1bdea-5e04-11ea-bc55-0242ac130003","subjectTypeId":1,"subjectTypeName":"Избирательные комиссии (ИК)","isUnchecked":"f","isProtected":"t","isDoc":"f","beginDate":"2020-03-04","endDate":"2020-03-04","isActive":true,"kca":null},"lvl":4},"beginDate":null,"endDate":null,"isActive":true,"isUnchecked":false,"subjectLevelName":"УИК","isProtected":true,"kca":null,"subjectType":{"createDate":"2020-03-04T00:00:00","updateDate":"2020-03-04T00:00:00","createUserId":"28d1bdea-5e04-11ea-bc55-0242ac130003","updateUserId":"28d1bdea-5e04-11ea-bc55-0242ac130003","subjectTypeId":1,"subjectTypeName":"Избирательные комиссии (ИК)","isUnchecked":"f","isProtected":"t","isDoc":"f","beginDate":"2020-03-04","endDate":"2020-03-04","isActive":true,"kca":null},"lvl":5},"municipalType":null,"electionLevel":null,"subjectRf":{"subjectRfId":21636,"createDate":"1999-12-30","subjectRfName":"Рязанская область","genetiveSName":"Рязанской области","subjectRfCode":"62","subjectRfCenter":"г.Рязань","timeZone":"0.00","host":"@S77.msg.ru","kcaNumber":"62S000","replaceDate":null,"holder":"        ","electComName":"Избирательная комиссия Рязанской области","genetiveEcName":"Избирательной комиссии Рязанской области","fedDistrictCode":"6","mtoCode":null,"subjectRfNumber":null,"electorCount":null,"fciMail":"","parentSubjectRfCode":"","subjectRfType":"","celectComCode":null},"isUnchecked":false,"isProtected":false,"kca":"62T013","subjectFullName":"ЦИК: Избирательные комиссии (ИК) 00C000, ТИК: Избирательные комиссии (ИК) Избирательная комиссия Рязанской области, ТИК: Избирательные комиссии (ИК) Территориальная избирательная комиссия Рыбновского района, УИК: Избирательные комиссии (ИК) Участковая избирательная комиссия №356","lvl":4,"leftCount":null,"rightCount":null,"electionCompanyNameId":null},"nameIk":"Участок №356","vidIk":46,"districtNum":356,"districtType":"постоянный","subjectRf":{"subjectRfId":21636,"createDate":"1999-12-30","subjectRfName":"Рязанская область","genetiveSName":"Рязанской области","subjectRfCode":"62","subjectRfCenter":"г.Рязань","timeZone":"0.00","host":"@S77.msg.ru","kcaNumber":"62S000","replaceDate":null,"holder":"        ","electComName":"Избирательная комиссия Рязанской области","genetiveEcName":"Избирательной комиссии Рязанской области","fedDistrictCode":"6","mtoCode":null,"subjectRfNumber":null,"electorCount":null,"fciMail":"","parentSubjectRfCode":"","subjectRfType":"","celectComCode":null},"vcprTech":"","numbersResId":null,"slicingResId":null,"dateout":null,"notes":"135637827259064320000011354","kca":"62T013","isActual":true,"electorDistrictCategory":{"vrn":100100025537261,"vrnCls":116,"znachatr":"городские","vnkod":"10","sortirovka":1,"prretro":"N         ","prim":"городские участки (избирательные участки, образуемые на территории городских округов, городских поселений и городов федерального значения)","dateadd":"2010-06-10T10:00:00","vnkodok":"","stok":"","dateretro":null,"vrnstok":null},"addressString":"с. Алешня, Центральная, 5"},{"createDate":"2020-09-06T18:38:40.829","updateDate":null,"createUserId":null,"updateUserId":null,"plotsTerritoriesId":9264,"subject":{"createDate":"2020-04-03T00:00:00","updateDate":"2020-04-03T00:00:00","createUserId":"28d1bdea-5e04-11ea-bc55-0242ac130003","updateUserId":"28d1bdea-5e04-11ea-bc55-0242ac130003","subjectId":"28961","subjectGlobalId":"108001","subjectGlobalParentId":"90357","isActual":true,"beginDate":null,"endDate":null,"subjectName":"Участковая избирательная комиссия №356","subjectType":{"createDate":"2020-03-04T00:00:00","updateDate":"2020-03-04T00:00:00","createUserId":"28d1bdea-5e04-11ea-bc55-0242ac130003","updateUserId":"28d1bdea-5e04-11ea-bc55-0242ac130003","subjectTypeId":1,"subjectTypeName":"Избирательные комиссии (ИК)","isUnchecked":"f","isProtected":"t","isDoc":"f","beginDate":"2020-03-04","endDate":"2020-03-04","isActive":true,"kca":null},"subjectLevel":{"createDate":"2020-04-03T00:00:00","updateDate":"2020-04-03T00:00:00","createUserId":"28d1bdea-5e04-11ea-bc55-0242ac130003","updateUserId":"28d1bdea-5e04-11ea-bc55-0242ac130003","subjectLevelId":46,"subjectLevelParent":{"createDate":"2020-04-03T00:00:00","updateDate":"2020-04-03T00:00:00","createUserId":"28d1bdea-5e04-11ea-bc55-0242ac130003","updateUserId":"28d1bdea-5e04-11ea-bc55-0242ac130003","subjectLevelId":45,"subjectLevelParent":{"createDate":"2020-04-03T00:00:00","updateDate":"2020-04-03T00:00:00","createUserId":"28d1bdea-5e04-11ea-bc55-0242ac130003","updateUserId":"28d1bdea-5e04-11ea-bc55-0242ac130003","subjectLevelId":43,"subjectLevelParent":{"createDate":"2020-04-03T00:00:00","updateDate":"2020-04-03T00:00:00","createUserId":"28d1bdea-5e04-11ea-bc55-0242ac130003","updateUserId":"28d1bdea-5e04-11ea-bc55-0242ac130003","subjectLevelId":42,"subjectLevelParent":{"createDate":"2020-04-03T00:00:00","updateDate":"2020-04-03T00:00:00","createUserId":"28d1bdea-5e04-11ea-bc55-0242ac130003","updateUserId":"28d1bdea-5e04-11ea-bc55-0242ac130003","subjectLevelId":41,"subjectLevelParent":null,"beginDate":null,"endDate":null,"isActive":true,"isUnchecked":false,"subjectLevelName":"ЦИК","isProtected":true,"kca":null,"subjectType":{"createDate":"2020-03-04T00:00:00","updateDate":"2020-03-04T00:00:00","createUserId":"28d1bdea-5e04-11ea-bc55-0242ac130003","updateUserId":"28d1bdea-5e04-11ea-bc55-0242ac130003","subjectTypeId":1,"subjectTypeName":"Избирательные комиссии (ИК)","isUnchecked":"f","isProtected":"t","isDoc":"f","beginDate":"2020-03-04","endDate":"2020-03-04","isActive":true,"kca":null},"lvl":1},"beginDate":null,"endDate":null,"isActive":true,"isUnchecked":false,"subjectLevelName":"ИКСРФ","isProtected":true,"kca":null,"subjectType":{"createDate":"2020-03-04T00:00:00","updateDate":"2020-03-04T00:00:00","createUserId":"28d1bdea-5e04-11ea-bc55-0242ac130003","updateUserId":"28d1bdea-5e04-11ea-bc55-0242ac130003","subjectTypeId":1,"subjectTypeName":"Избирательные комиссии (ИК)","isUnchecked":"f","isProtected":"t","isDoc":"f","beginDate":"2020-03-04","endDate":"2020-03-04","isActive":true,"kca":null},"lvl":2},"beginDate":null,"endDate":null,"isActive":true,"isUnchecked":false,"subjectLevelName":"ОИК","isProtected":true,"kca":null,"subjectType":{"createDate":"2020-03-04T00:00:00","updateDate":"2020-03-04T00:00:00","createUserId":"28d1bdea-5e04-11ea-bc55-0242ac130003","updateUserId":"28d1bdea-5e04-11ea-bc55-0242ac130003","subjectTypeId":1,"subjectTypeName":"Избирательные комиссии (ИК)","isUnchecked":"f","isProtected":"t","isDoc":"f","beginDate":"2020-03-04","endDate":"2020-03-04","isActive":true,"kca":null},"lvl":3},"beginDate":null,"endDate":null,"isActive":true,"isUnchecked":false,"subjectLevelName":"ТИК","isProtected":true,"kca":null,"subjectType":{"createDate":"2020-03-04T00:00:00","updateDate":"2020-03-04T00:00:00","createUserId":"28d1bdea-5e04-11ea-bc55-0242ac130003","updateUserId":"28d1bdea-5e04-11ea-bc55-0242ac130003","subjectTypeId":1,"subjectTypeName":"Избирательные комиссии (ИК)","isUnchecked":"f","isProtected":"t","isDoc":"f","beginDate":"2020-03-04","endDate":"2020-03-04","isActive":true,"kca":null},"lvl":4},"beginDate":null,"endDate":null,"isActive":true,"isUnchecked":false,"subjectLevelName":"УИК","isProtected":true,"kca":null,"subjectType":{"createDate":"2020-03-04T00:00:00","updateDate":"2020-03-04T00:00:00","createUserId":"28d1bdea-5e04-11ea-bc55-0242ac130003","updateUserId":"28d1bdea-5e04-11ea-bc55-0242ac130003","subjectTypeId":1,"subjectTypeName":"Избирательные комиссии (ИК)","isUnchecked":"f","isProtected":"t","isDoc":"f","beginDate":"2020-03-04","endDate":"2020-03-04","isActive":true,"kca":null},"lvl":5},"municipalType":null,"electionLevel":null,"subjectRf":{"subjectRfId":21636,"createDate":"1999-12-30","subjectRfName":"Рязанская область","genetiveSName":"Рязанской области","subjectRfCode":"62","subjectRfCenter":"г.Рязань","timeZone":"0.00","host":"@S77.msg.ru","kcaNumber":"62S000","replaceDate":null,"holder":"        ","electComName":"Избирательная комиссия Рязанской области","genetiveEcName":"Избирательной комиссии Рязанской области","fedDistrictCode":"6","mtoCode":null,"subjectRfNumber":null,"electorCount":null,"fciMail":"","parentSubjectRfCode":"","subjectRfType":"","celectComCode":null},"isUnchecked":false,"isProtected":false,"kca":"62T013","subjectFullName":"ЦИК: Избирательные комиссии (ИК) 00C000, ТИК: Избирательные комиссии (ИК) Избирательная комиссия Рязанской области, ТИК: Избирательные комиссии (ИК) Территориальная избирательная комиссия Рыбновского района, УИК: Избирательные комиссии (ИК) Участковая избирательная комиссия №356","lvl":4,"leftCount":null,"rightCount":null,"electionCompanyNameId":null},"nameIk":"Участок №356","vidIk":46,"districtNum":356,"districtType":"постоянный","subjectRf":{"subjectRfId":21636,"createDate":"1999-12-30","subjectRfName":"Рязанская область","genetiveSName":"Рязанской области","subjectRfCode":"62","subjectRfCenter":"г.Рязань","timeZone":"0.00","host":"@S77.msg.ru","kcaNumber":"62S000","replaceDate":null,"holder":"        ","electComName":"Избирательная комиссия Рязанской области","genetiveEcName":"Избирательной комиссии Рязанской области","fedDistrictCode":"6","mtoCode":null,"subjectRfNumber":null,"electorCount":null,"fciMail":"","parentSubjectRfCode":"","subjectRfType":"","celectComCode":null},"vcprTech":"","numbersResId":null,"slicingResId":null,"dateout":null,"notes":"135637827259064320000011354","kca":"62T013","isActual":true,"electorDistrictCategory":{"vrn":100100025537261,"vrnCls":116,"znachatr":"городские","vnkod":"10","sortirovka":1,"prretro":"N         ","prim":"городские участки (избирательные участки, образуемые на территории городских округов, городских поселений и городов федерального значения)","dateadd":"2010-06-10T10:00:00","vnkodok":"","stok":"","dateretro":null,"vrnstok":null},"addressString":"с.Алешня,  , здание сельского дома культуры"},{"createDate":"2020-09-06T18:38:40.829","updateDate":null,"createUserId":null,"updateUserId":null,"plotsTerritoriesId":9267,"subject":{"createDate":"2020-04-03T00:00:00","updateDate":"2020-04-03T00:00:00","createUserId":"28d1bdea-5e04-11ea-bc55-0242ac130003","updateUserId":"28d1bdea-5e04-11ea-bc55-0242ac130003","subjectId":"3839","subjectGlobalId":"108003","subjectGlobalParentId":"90357","isActual":true,"beginDate":null,"endDate":null,"subjectName":"Участковая избирательная комиссия №357","subjectType":{"createDate":"2020-03-04T00:00:00","updateDate":"2020-03-04T00:00:00","createUserId":"28d1bdea-5e04-11ea-bc55-0242ac130003","updateUserId":"28d1bdea-5e04-11ea-bc55-0242ac130003","subjectTypeId":1,"subjectTypeName":"Избирательные комиссии (ИК)","isUnchecked":"f","isProtected":"t","isDoc":"f","beginDate":"2020-03-04","endDate":"2020-03-04","isActive":true,"kca":null},"subjectLevel":{"createDate":"2020-04-03T00:00:00","updateDate":"2020-04-03T00:00:00","createUserId":"28d1bdea-5e04-11ea-bc55-0242ac130003","updateUserId":"28d1bdea-5e04-11ea-bc55-0242ac130003","subjectLevelId":46,"subjectLevelParent":{"createDate":"2020-04-03T00:00:00","updateDate":"2020-04-03T00:00:00","createUserId":"28d1bdea-5e04-11ea-bc55-0242ac130003","updateUserId":"28d1bdea-5e04-11ea-bc55-0242ac130003","subjectLevelId":45,"subjectLevelParent":{"createDate":"2020-04-03T00:00:00","updateDate":"2020-04-03T00:00:00","createUserId":"28d1bdea-5e04-11ea-bc55-0242ac130003","updateUserId":"28d1bdea-5e04-11ea-bc55-0242ac130003","subjectLevelId":43,"subjectLevelParent":{"createDate":"2020-04-03T00:00:00","updateDate":"2020-04-03T00:00:00","createUserId":"28d1bdea-5e04-11ea-bc55-0242ac130003","updateUserId":"28d1bdea-5e04-11ea-bc55-0242ac130003","subjectLevelId":42,"subjectLevelParent":{"createDate":"2020-04-03T00:00:00","updateDate":"2020-04-03T00:00:00","createUserId":"28d1bdea-5e04-11ea-bc55-0242ac130003","updateUserId":"28d1bdea-5e04-11ea-bc55-0242ac130003","subjectLevelId":41,"subjectLevelParent":null,"beginDate":null,"endDate":null,"isActive":true,"isUnchecked":false,"subjectLevelName":"ЦИК","isProtected":true,"kca":null,"subjectType":{"createDate":"2020-03-04T00:00:00","updateDate":"2020-03-04T00:00:00","createUserId":"28d1bdea-5e04-11ea-bc55-0242ac130003","updateUserId":"28d1bdea-5e04-11ea-bc55-0242ac130003","subjectTypeId":1,"subjectTypeName":"Избирательные комиссии (ИК)","isUnchecked":"f","isProtected":"t","isDoc":"f","beginDate":"2020-03-04","endDate":"2020-03-04","isActive":true,"kca":null},"lvl":1},"beginDate":null,"endDate":null,"isActive":true,"isUnchecked":false,"subjectLevelName":"ИКСРФ","isProtected":true,"kca":null,"subjectType":{"createDate":"2020-03-04T00:00:00","updateDate":"2020-03-04T00:00:00","createUserId":"28d1bdea-5e04-11ea-bc55-0242ac130003","updateUserId":"28d1bdea-5e04-11ea-bc55-0242ac130003","subjectTypeId":1,"subjectTypeName":"Избирательные комиссии (ИК)","isUnchecked":"f","isProtected":"t","isDoc":"f","beginDate":"2020-03-04","endDate":"2020-03-04","isActive":true,"kca":null},"lvl":2},"beginDate":null,"endDate":null,"isActive":true,"isUnchecked":false,"subjectLevelName":"ОИК","isProtected":true,"kca":null,"subjectType":{"createDate":"2020-03-04T00:00:00","updateDate":"2020-03-04T00:00:00","createUserId":"28d1bdea-5e04-11ea-bc55-0242ac130003","updateUserId":"28d1bdea-5e04-11ea-bc55-0242ac130003","subjectTypeId":1,"subjectTypeName":"Избирательные комиссии (ИК)","isUnchecked":"f","isProtected":"t","isDoc":"f","beginDate":"2020-03-04","endDate":"2020-03-04","isActive":true,"kca":null},"lvl":3},"beginDate":null,"endDate":null,"isActive":true,"isUnchecked":false,"subjectLevelName":"ТИК","isProtected":true,"kca":null,"subjectType":{"createDate":"2020-03-04T00:00:00","updateDate":"2020-03-04T00:00:00","createUserId":"28d1bdea-5e04-11ea-bc55-0242ac130003","updateUserId":"28d1bdea-5e04-11ea-bc55-0242ac130003","subjectTypeId":1,"subjectTypeName":"Избирательные комиссии (ИК)","isUnchecked":"f","isProtected":"t","isDoc":"f","beginDate":"2020-03-04","endDate":"2020-03-04","isActive":true,"kca":null},"lvl":4},"beginDate":null,"endDate":null,"isActive":true,"isUnchecked":false,"subjectLevelName":"УИК","isProtected":true,"kca":null,"subjectType":{"createDate":"2020-03-04T00:00:00","updateDate":"2020-03-04T00:00:00","createUserId":"28d1bdea-5e04-11ea-bc55-0242ac130003","updateUserId":"28d1bdea-5e04-11ea-bc55-0242ac130003","subjectTypeId":1,"subjectTypeName":"Избирательные комиссии (ИК)","isUnchecked":"f","isProtected":"t","isDoc":"f","beginDate":"2020-03-04","endDate":"2020-03-04","isActive":true,"kca":null},"lvl":5},"municipalType":null,"electionLevel":null,"subjectRf":{"subjectRfId":21636,"createDate":"1999-12-30","subjectRfName":"Рязанская область","genetiveSName":"Рязанской области","subjectRfCode":"62","subjectRfCenter":"г.Рязань","timeZone":"0.00","host":"@S77.msg.ru","kcaNumber":"62S000","replaceDate":null,"holder":"        ","electComName":"Избирательная комиссия Рязанской области","genetiveEcName":"Избирательной комиссии Рязанской области","fedDistrictCode":"6","mtoCode":null,"subjectRfNumber":null,"electorCount":null,"fciMail":"","parentSubjectRfCode":"","subjectRfType":"","celectComCode":null},"isUnchecked":false,"isProtected":false,"kca":"62T013","subjectFullName":"ЦИК: Избирательные комиссии (ИК) 00C000, ТИК: Избирательные комиссии (ИК) Избирательная комиссия Рязанской области, ТИК: Избирательные комиссии (ИК) Территориальная избирательная комиссия Рыбновского района, УИК: Избирательные комиссии (ИК) Участковая избирательная комиссия №357","lvl":4,"leftCount":null,"rightCount":null,"electionCompanyNameId":null},"nameIk":"Участок №357","vidIk":46,"districtNum":357,"districtType":"постоянный","subjectRf":{"subjectRfId":21636,"createDate":"1999-12-30","subjectRfName":"Рязанская область","genetiveSName":"Рязанской области","subjectRfCode":"62","subjectRfCenter":"г.Рязань","timeZone":"0.00","host":"@S77.msg.ru","kcaNumber":"62S000","replaceDate":null,"holder":"        ","electComName":"Избирательная комиссия Рязанской области","genetiveEcName":"Избирательной комиссии Рязанской области","fedDistrictCode":"6","mtoCode":null,"subjectRfNumber":null,"electorCount":null,"fciMail":"","parentSubjectRfCode":"","subjectRfType":"","celectComCode":null},"vcprTech":"","numbersResId":null,"slicingResId":null,"dateout":null,"notes":"135637827259064320000011354","kca":"62T013","isActual":true,"electorDistrictCategory":{"vrn":100100025537261,"vrnCls":116,"znachatr":"городские","vnkod":"10","sortirovka":1,"prretro":"N         ","prim":"городские участки (избирательные участки, образуемые на территории городских округов, городских поселений и городов федерального значения)","dateadd":"2010-06-10T10:00:00","vnkodok":"","stok":"","dateretro":null,"vrnstok":null},"addressString":"с.Ногино,  , здание ФАП"},{"createDate":"2020-09-06T18:38:40.829","updateDate":null,"createUserId":null,"updateUserId":null,"plotsTerritoriesId":9269,"subject":{"createDate":"2020-04-03T00:00:00","updateDate":"2020-04-03T00:00:00","createUserId":"28d1bdea-5e04-11ea-bc55-0242ac130003","updateUserId":"28d1bdea-5e04-11ea-bc55-0242ac130003","subjectId":"6502","subjectGlobalId":"108004","subjectGlobalParentId":"90357","isActual":true,"beginDate":null,"endDate":null,"subjectName":"Участковая избирательная комиссия №358","subjectType":{"createDate":"2020-03-04T00:00:00","updateDate":"2020-03-04T00:00:00","createUserId":"28d1bdea-5e04-11ea-bc55-0242ac130003","updateUserId":"28d1bdea-5e04-11ea-bc55-0242ac130003","subjectTypeId":1,"subjectTypeName":"Избирательные комиссии (ИК)","isUnchecked":"f","isProtected":"t","isDoc":"f","beginDate":"2020-03-04","endDate":"2020-03-04","isActive":true,"kca":null},"subjectLevel":{"createDate":"2020-04-03T00:00:00","updateDate":"2020-04-03T00:00:00","createUserId":"28d1bdea-5e04-11ea-bc55-0242ac130003","updateUserId":"28d1bdea-5e04-11ea-bc55-0242ac130003","subjectLevelId":46,"subjectLevelParent":{"createDate":"2020-04-03T00:00:00","updateDate":"2020-04-03T00:00:00","createUserId":"28d1bdea-5e04-11ea-bc55-0242ac130003","updateUserId":"28d1bdea-5e04-11ea-bc55-0242ac130003","subjectLevelId":45,"subjectLevelParent":{"createDate":"2020-04-03T00:00:00","updateDate":"2020-04-03T00:00:00","createUserId":"28d1bdea-5e04-11ea-bc55-0242ac130003","updateUserId":"28d1bdea-5e04-11ea-bc55-0242ac130003","subjectLevelId":43,"subjectLevelParent":{"createDate":"2020-04-03T00:00:00","updateDate":"2020-04-03T00:00:00","createUserId":"28d1bdea-5e04-11ea-bc55-0242ac130003","updateUserId":"28d1bdea-5e04-11ea-bc55-0242ac130003","subjectLevelId":42,"subjectLevelParent":{"createDate":"2020-04-03T00:00:00","updateDate":"2020-04-03T00:00:00","createUserId":"28d1bdea-5e04-11ea-bc55-0242ac130003","updateUserId":"28d1bdea-5e04-11ea-bc55-0242ac130003","subjectLevelId":41,"subjectLevelParent":null,"beginDate":null,"endDate":null,"isActive":true,"isUnchecked":false,"subjectLevelName":"ЦИК","isProtected":true,"kca":null,"subjectType":{"createDate":"2020-03-04T00:00:00","updateDate":"2020-03-04T00:00:00","createUserId":"28d1bdea-5e04-11ea-bc55-0242ac130003","updateUserId":"28d1bdea-5e04-11ea-bc55-0242ac130003","subjectTypeId":1,"subjectTypeName":"Избирательные комиссии (ИК)","isUnchecked":"f","isProtected":"t","isDoc":"f","beginDate":"2020-03-04","endDate":"2020-03-04","isActive":true,"kca":null},"lvl":1},"beginDate":null,"endDate":null,"isActive":true,"isUnchecked":false,"subjectLevelName":"ИКСРФ","isProtected":true,"kca":null,"subjectType":{"createDate":"2020-03-04T00:00:00","updateDate":"2020-03-04T00:00:00","createUserId":"28d1bdea-5e04-11ea-bc55-0242ac130003","updateUserId":"28d1bdea-5e04-11ea-bc55-0242ac130003","subjectTypeId":1,"subjectTypeName":"Избирательные комиссии (ИК)","isUnchecked":"f","isProtected":"t","isDoc":"f","beginDate":"2020-03-04","endDate":"2020-03-04","isActive":true,"kca":null},"lvl":2},"beginDate":null,"endDate":null,"isActive":true,"isUnchecked":false,"subjectLevelName":"ОИК","isProtected":true,"kca":null,"subjectType":{"createDate":"2020-03-04T00:00:00","updateDate":"2020-03-04T00:00:00","createUserId":"28d1bdea-5e04-11ea-bc55-0242ac130003","updateUserId":"28d1bdea-5e04-11ea-bc55-0242ac130003","subjectTypeId":1,"subjectTypeName":"Избирательные комиссии (ИК)","isUnchecked":"f","isProtected":"t","isDoc":"f","beginDate":"2020-03-04","endDate":"2020-03-04","isActive":true,"kca":null},"lvl":3},"beginDate":null,"endDate":null,"isActive":true,"isUnchecked":false,"subjectLevelName":"ТИК","isProtected":true,"kca":null,"subjectType":{"createDate":"2020-03-04T00:00:00","updateDate":"2020-03-04T00:00:00","createUserId":"28d1bdea-5e04-11ea-bc55-0242ac130003","updateUserId":"28d1bdea-5e04-11ea-bc55-0242ac130003","subjectTypeId":1,"subjectTypeName":"Избирательные комиссии (ИК)","isUnchecked":"f","isProtected":"t","isDoc":"f","beginDate":"2020-03-04","endDate":"2020-03-04","isActive":true,"kca":null},"lvl":4},"beginDate":null,"endDate":null,"isActive":true,"isUnchecked":false,"subjectLevelName":"УИК","isProtected":true,"kca":null,"subjectType":{"createDate":"2020-03-04T00:00:00","updateDate":"2020-03-04T00:00:00","createUserId":"28d1bdea-5e04-11ea-bc55-0242ac130003","updateUserId":"28d1bdea-5e04-11ea-bc55-0242ac130003","subjectTypeId":1,"subjectTypeName":"Избирательные комиссии (ИК)","isUnchecked":"f","isProtected":"t","isDoc":"f","beginDate":"2020-03-04","endDate":"2020-03-04","isActive":true,"kca":null},"lvl":5},"municipalType":null,"electionLevel":null,"subjectRf":{"subjectRfId":21636,"createDate":"1999-12-30","subjectRfName":"Рязанская область","genetiveSName":"Рязанской области","subjectRfCode":"62","subjectRfCenter":"г.Рязань","timeZone":"0.00","host":"@S77.msg.ru","kcaNumber":"62S000","replaceDate":null,"holder":"        ","electComName":"Избирательная комиссия Рязанской области","genetiveEcName":"Избирательной комиссии Рязанской области","fedDistrictCode":"6","mtoCode":null,"subjectRfNumber":null,"electorCount":null,"fciMail":"","parentSubjectRfCode":"","subjectRfType":"","celectComCode":null},"isUnchecked":false,"isProtected":false,"kca":"62T013","subjectFullName":"ЦИК: Избирательные комиссии (ИК) 00C000, ТИК: Избирательные комиссии (ИК) Избирательная комиссия Рязанской области, ТИК: Избирательные комиссии (ИК) Территориальная избирательная комиссия Рыбновского района, УИК: Избирательные комиссии (ИК) Участковая избирательная комиссия №358","lvl":4,"leftCount":null,"rightCount":null,"electionCompanyNameId":null},"nameIk":"Участок №358","vidIk":46,"districtNum":358,"districtType":"постоянный","subjectRf":{"subjectRfId":21636,"createDate":"1999-12-30","subjectRfName":"Рязанская область","genetiveSName":"Рязанской области","subjectRfCode":"62","subjectRfCenter":"г.Рязань","timeZone":"0.00","host":"@S77.msg.ru","kcaNumber":"62S000","replaceDate":null,"holder":"        ","electComName":"Избирательная комиссия Рязанской области","genetiveEcName":"Избирательной комиссии Рязанской области","fedDistrictCode":"6","mtoCode":null,"subjectRfNumber":null,"electorCount":null,"fciMail":"","parentSubjectRfCode":"","subjectRfType":"","celectComCode":null},"vcprTech":"","numbersResId":null,"slicingResId":null,"dateout":null,"notes":"135637827259064320000011354","kca":"62T013","isActual":true,"electorDistrictCategory":{"vrn":100100025537261,"vrnCls":116,"znachatr":"городские","vnkod":"10","sortirovka":1,"prretro":"N         ","prim":"городские участки (избирательные участки, образуемые на территории городских округов, городских поселений и городов федерального значения)","dateadd":"2010-06-10T10:00:00","vnkodok":"","stok":"","dateretro":null,"vrnstok":null},"addressString":"Российская Федерация, Рязанская область, Муниципальное образование - Рыбновский муниципальный район,  д. Баграмово,  , здание Центра народной культуры"},{"createDate":"2020-09-06T18:38:40.829","updateDate":null,"createUserId":null,"updateUserId":null,"plotsTerritoriesId":9271,"subject":{"createDate":"2020-04-03T00:00:00","updateDate":"2020-04-03T00:00:00","createUserId":"28d1bdea-5e04-11ea-bc55-0242ac130003","updateUserId":"28d1bdea-5e04-11ea-bc55-0242ac130003","subjectId":"30684","subjectGlobalId":"108005","subjectGlobalParentId":"90357","isActual":true,"beginDate":null,"endDate":null,"subjectName":"Участковая избирательная комиссия №359","subjectType":{"createDate":"2020-03-04T00:00:00","updateDate":"2020-03-04T00:00:00","createUserId":"28d1bdea-5e04-11ea-bc55-0242ac130003","updateUserId":"28d1bdea-5e04-11ea-bc55-0242ac130003","subjectTypeId":1,"subjectTypeName":"Избирательные комиссии (ИК)","isUnchecked":"f","isProtected":"t","isDoc":"f","beginDate":"2020-03-04","endDate":"2020-03-04","isActive":true,"kca":null},"subjectLevel":{"createDate":"2020-04-03T00:00:00","updateDate":"2020-04-03T00:00:00","createUserId":"28d1bdea-5e04-11ea-bc55-0242ac130003","updateUserId":"28d1bdea-5e04-11ea-bc55-0242ac130003","subjectLevelId":46,"subjectLevelParent":{"createDate":"2020-04-03T00:00:00","updateDate":"2020-04-03T00:00:00","createUserId":"28d1bdea-5e04-11ea-bc55-0242ac130003","updateUserId":"28d1bdea-5e04-11ea-bc55-0242ac130003","subjectLevelId":45,"subjectLevelParent":{"createDate":"2020-04-03T00:00:00","updateDate":"2020-04-03T00:00:00","createUserId":"28d1bdea-5e04-11ea-bc55-0242ac130003","updateUserId":"28d1bdea-5e04-11ea-bc55-0242ac130003","subjectLevelId":43,"subjectLevelParent":{"createDate":"2020-04-03T00:00:00","updateDate":"2020-04-03T00:00:00","createUserId":"28d1bdea-5e04-11ea-bc55-0242ac130003","updateUserId":"28d1bdea-5e04-11ea-bc55-0242ac130003","subjectLevelId":42,"subjectLevelParent":{"createDate":"2020-04-03T00:00:00","updateDate":"2020-04-03T00:00:00","createUserId":"28d1bdea-5e04-11ea-bc55-0242ac130003","updateUserId":"28d1bdea-5e04-11ea-bc55-0242ac130003","subjectLevelId":41,"subjectLevelParent":null,"beginDate":null,"endDate":null,"isActive":true,"isUnchecked":false,"subjectLevelName":"ЦИК","isProtected":true,"kca":null,"subjectType":{"createDate":"2020-03-04T00:00:00","updateDate":"2020-03-04T00:00:00","createUserId":"28d1bdea-5e04-11ea-bc55-0242ac130003","updateUserId":"28d1bdea-5e04-11ea-bc55-0242ac130003","subjectTypeId":1,"subjectTypeName":"Избирательные комиссии (ИК)","isUnchecked":"f","isProtected":"t","isDoc":"f","beginDate":"2020-03-04","endDate":"2020-03-04","isActive":true,"kca":null},"lvl":1},"beginDate":null,"endDate":null,"isActive":true,"isUnchecked":false,"subjectLevelName":"ИКСРФ","isProtected":true,"kca":null,"subjectType":{"createDate":"2020-03-04T00:00:00","updateDate":"2020-03-04T00:00:00","createUserId":"28d1bdea-5e04-11ea-bc55-0242ac130003","updateUserId":"28d1bdea-5e04-11ea-bc55-0242ac130003","subjectTypeId":1,"subjectTypeName":"Избирательные комиссии (ИК)","isUnchecked":"f","isProtected":"t","isDoc":"f","beginDate":"2020-03-04","endDate":"2020-03-04","isActive":true,"kca":null},"lvl":2},"beginDate":null,"endDate":null,"isActive":true,"isUnchecked":false,"subjectLevelName":"ОИК","isProtected":true,"kca":null,"subjectType":{"createDate":"2020-03-04T00:00:00","updateDate":"2020-03-04T00:00:00","createUserId":"28d1bdea-5e04-11ea-bc55-0242ac130003","updateUserId":"28d1bdea-5e04-11ea-bc55-0242ac130003","subjectTypeId":1,"subjectTypeName":"Избирательные комиссии (ИК)","isUnchecked":"f","isProtected":"t","isDoc":"f","beginDate":"2020-03-04","endDate":"2020-03-04","isActive":true,"kca":null},"lvl":3},"beginDate":null,"endDate":null,"isActive":true,"isUnchecked":false,"subjectLevelName":"ТИК","isProtected":true,"kca":null,"subjectType":{"createDate":"2020-03-04T00:00:00","updateDate":"2020-03-04T00:00:00","createUserId":"28d1bdea-5e04-11ea-bc55-0242ac130003","updateUserId":"28d1bdea-5e04-11ea-bc55-0242ac130003","subjectTypeId":1,"subjectTypeName":"Избирательные комиссии (ИК)","isUnchecked":"f","isProtected":"t","isDoc":"f","beginDate":"2020-03-04","endDate":"2020-03-04","isActive":true,"kca":null},"lvl":4},"beginDate":null,"endDate":null,"isActive":true,"isUnchecked":false,"subjectLevelName":"УИК","isProtected":true,"kca":null,"subjectType":{"createDate":"2020-03-04T00:00:00","updateDate":"2020-03-04T00:00:00","createUserId":"28d1bdea-5e04-11ea-bc55-0242ac130003","updateUserId":"28d1bdea-5e04-11ea-bc55-0242ac130003","subjectTypeId":1,"subjectTypeName":"Избирательные комиссии (ИК)","isUnchecked":"f","isProtected":"t","isDoc":"f","beginDate":"2020-03-04","endDate":"2020-03-04","isActive":true,"kca":null},"lvl":5},"municipalType":null,"electionLevel":null,"subjectRf":{"subjectRfId":21636,"createDate":"1999-12-30","subjectRfName":"Рязанская область","genetiveSName":"Рязанской области","subjectRfCode":"62","subjectRfCenter":"г.Рязань","timeZone":"0.00","host":"@S77.msg.ru","kcaNumber":"62S000","replaceDate":null,"holder":"        ","electComName":"Избирательная комиссия Рязанской области","genetiveEcName":"Избирательной комиссии Рязанской области","fedDistrictCode":"6","mtoCode":null,"subjectRfNumber":null,"electorCount":null,"fciMail":"","parentSubjectRfCode":"","subjectRfType":"","celectComCode":null},"isUnchecked":false,"isProtected":false,"kca":"62T013","subjectFullName":"ЦИК: Избирательные комиссии (ИК) 00C000, ТИК: Избирательные комиссии (ИК) Избирательная комиссия Рязанской области, ТИК: Избирательные комиссии (ИК) Территориальная избирательная комиссия Рыбновского района, УИК: Избирательные комиссии (ИК) Участковая избирательная комиссия №359","lvl":4,"leftCount":null,"rightCount":null,"electionCompanyNameId":null},"nameIk":"Участок №359","vidIk":46,"districtNum":359,"districtType":"постоянный","subjectRf":{"subjectRfId":21636,"createDate":"1999-12-30","subjectRfName":"Рязанская область","genetiveSName":"Рязанской области","subjectRfCode":"62","subjectRfCenter":"г.Рязань","timeZone":"0.00","host":"@S77.msg.ru","kcaNumber":"62S000","replaceDate":null,"holder":"        ","electComName":"Избирательная комиссия Рязанской области","genetiveEcName":"Избирательной комиссии Рязанской области","fedDistrictCode":"6","mtoCode":null,"subjectRfNumber":null,"electorCount":null,"fciMail":"","parentSubjectRfCode":"","subjectRfType":"","celectComCode":null},"vcprTech":"","numbersResId":null,"slicingResId":null,"dateout":null,"notes":"135637827259064320000011354","kca":"62T013","isActual":true,"electorDistrictCategory":{"vrn":100100025537261,"vrnCls":116,"znachatr":"городские","vnkod":"10","sortirovka":1,"prretro":"N         ","prim":"городские участки (избирательные участки, образуемые на территории городских округов, городских поселений и городов федерального значения)","dateadd":"2010-06-10T10:00:00","vnkodok":"","stok":"","dateretro":null,"vrnstok":null},"addressString":"Российская Федерация, Рязанская область, Муниципальное образование - Рыбновский муниципальный район, д. Мантурово,  , здание сельского дома культуры"},{"createDate":"2020-09-06T18:38:40.829","updateDate":null,"createUserId":null,"updateUserId":null,"plotsTerritoriesId":9276,"subject":{"createDate":"2020-04-03T00:00:00","updateDate":"2020-04-03T00:00:00","createUserId":"28d1bdea-5e04-11ea-bc55-0242ac130003","updateUserId":"28d1bdea-5e04-11ea-bc55-0242ac130003","subjectId":"26207","subjectGlobalId":"108006","subjectGlobalParentId":"90357","isActual":true,"beginDate":null,"endDate":null,"subjectName":"Участковая избирательная комиссия №360","subjectType":{"createDate":"2020-03-04T00:00:00","updateDate":"2020-03-04T00:00:00","createUserId":"28d1bdea-5e04-11ea-bc55-0242ac130003","updateUserId":"28d1bdea-5e04-11ea-bc55-0242ac130003","subjectTypeId":1,"subjectTypeName":"Избирательные комиссии (ИК)","isUnchecked":"f","isProtected":"t","isDoc":"f","beginDate":"2020-03-04","endDate":"2020-03-04","isActive":true,"kca":null},"subjectLevel":{"createDate":"2020-04-03T00:00:00","updateDate":"2020-04-03T00:00:00","createUserId":"28d1bdea-5e04-11ea-bc55-0242ac130003","updateUserId":"28d1bdea-5e04-11ea-bc55-0242ac130003","subjectLevelId":46,"subjectLevelParent":{"createDate":"2020-04-03T00:00:00","updateDate":"2020-04-03T00:00:00","createUserId":"28d1bdea-5e04-11ea-bc55-0242ac130003","updateUserId":"28d1bdea-5e04-11ea-bc55-0242ac130003","subjectLevelId":45,"subjectLevelParent":{"createDate":"2020-04-03T00:00:00","updateDate":"2020-04-03T00:00:00","createUserId":"28d1bdea-5e04-11ea-bc55-0242ac130003","updateUserId":"28d1bdea-5e04-11ea-bc55-0242ac130003","subjectLevelId":43,"subjectLevelParent":{"createDate":"2020-04-03T00:00:00","updateDate":"2020-04-03T00:00:00","createUserId":"28d1bdea-5e04-11ea-bc55-0242ac130003","updateUserId":"28d1bdea-5e04-11ea-bc55-0242ac130003","subjectLevelId":42,"subjectLevelParent":{"createDate":"2020-04-03T00:00:00","updateDate":"2020-04-03T00:00:00","createUserId":"28d1bdea-5e04-11ea-bc55-0242ac130003","updateUserId":"28d1bdea-5e04-11ea-bc55-0242ac130003","subjectLevelId":41,"subjectLevelParent":null,"beginDate":null,"endDate":null,"isActive":true,"isUnchecked":false,"subjectLevelName":"ЦИК","isProtected":true,"kca":null,"subjectType":{"createDate":"2020-03-04T00:00:00","updateDate":"2020-03-04T00:00:00","createUserId":"28d1bdea-5e04-11ea-bc55-0242ac130003","updateUserId":"28d1bdea-5e04-11ea-bc55-0242ac130003","subjectTypeId":1,"subjectTypeName":"Избирательные комиссии (ИК)","isUnchecked":"f","isProtected":"t","isDoc":"f","beginDate":"2020-03-04","endDate":"2020-03-04","isActive":true,"kca":null},"lvl":1},"beginDate":null,"endDate":null,"isActive":true,"isUnchecked":false,"subjectLevelName":"ИКСРФ","isProtected":true,"kca":null,"subjectType":{"createDate":"2020-03-04T00:00:00","updateDate":"2020-03-04T00:00:00","createUserId":"28d1bdea-5e04-11ea-bc55-0242ac130003","updateUserId":"28d1bdea-5e04-11ea-bc55-0242ac130003","subjectTypeId":1,"subjectTypeName":"Избирательные комиссии (ИК)","isUnchecked":"f","isProtected":"t","isDoc":"f","beginDate":"2020-03-04","endDate":"2020-03-04","isActive":true,"kca":null},"lvl":2},"beginDate":null,"endDate":null,"isActive":true,"isUnchecked":false,"subjectLevelName":"ОИК","isProtected":true,"kca":null,"subjectType":{"createDate":"2020-03-04T00:00:00","updateDate":"2020-03-04T00:00:00","createUserId":"28d1bdea-5e04-11ea-bc55-0242ac130003","updateUserId":"28d1bdea-5e04-11ea-bc55-0242ac130003","subjectTypeId":1,"subjectTypeName":"Избирательные комиссии (ИК)","isUnchecked":"f","isProtected":"t","isDoc":"f","beginDate":"2020-03-04","endDate":"2020-03-04","isActive":true,"kca":null},"lvl":3},"beginDate":null,"endDate":null,"isActive":true,"isUnchecked":false,"subjectLevelName":"ТИК","isProtected":true,"kca":null,"subjectType":{"createDate":"2020-03-04T00:00:00","updateDate":"2020-03-04T00:00:00","createUserId":"28d1bdea-5e04-11ea-bc55-0242ac130003","updateUserId":"28d1bdea-5e04-11ea-bc55-0242ac130003","subjectTypeId":1,"subjectTypeName":"Избирательные комиссии (ИК)","isUnchecked":"f","isProtected":"t","isDoc":"f","beginDate":"2020-03-04","endDate":"2020-03-04","isActive":true,"kca":null},"lvl":4},"beginDate":null,"endDate":null,"isActive":true,"isUnchecked":false,"subjectLevelName":"УИК","isProtected":true,"kca":null,"subjectType":{"createDate":"2020-03-04T00:00:00","updateDate":"2020-03-04T00:00:00","createUserId":"28d1bdea-5e04-11ea-bc55-0242ac130003","updateUserId":"28d1bdea-5e04-11ea-bc55-0242ac130003","subjectTypeId":1,"subjectTypeName":"Избирательные комиссии (ИК)","isUnchecked":"f","isProtected":"t","isDoc":"f","beginDate":"2020-03-04","endDate":"2020-03-04","isActive":true,"kca":null},"lvl":5},"municipalType":null,"electionLevel":null,"subjectRf":{"subjectRfId":21636,"createDate":"1999-12-30","subjectRfName":"Рязанская область","genetiveSName":"Рязанской области","subjectRfCode":"62","subjectRfCenter":"г.Рязань","timeZone":"0.00","host":"@S77.msg.ru","kcaNumber":"62S000","replaceDate":null,"holder":"        ","electComName":"Избирательная комиссия Рязанской области","genetiveEcName":"Избирательной комиссии Рязанской области","fedDistrictCode":"6","mtoCode":null,"subjectRfNumber":null,"electorCount":null,"fciMail":"","parentSubjectRfCode":"","subjectRfType":"","celectComCode":null},"isUnchecked":false,"isProtected":false,"kca":"62T013","subjectFullName":"ЦИК: Избирательные комиссии (ИК) 00C000, ТИК: Избирательные комиссии (ИК) Избирательная комиссия Рязанской области, ТИК: Избирательные комиссии (ИК) Территориальная избирательная комиссия Рыбновского района, УИК: Избирательные комиссии (ИК) Участковая избирательная комиссия №360","lvl":4,"leftCount":null,"rightCount":null,"electionCompanyNameId":null},"nameIk":"Участок №360","vidIk":46,"districtNum":360,"districtType":"постоянный","subjectRf":{"subjectRfId":21636,"createDate":"1999-12-30","subjectRfName":"Рязанская область","genetiveSName":"Рязанской области","subjectRfCode":"62","subjectRfCenter":"г.Рязань","timeZone":"0.00","host":"@S77.msg.ru","kcaNumber":"62S000","replaceDate":null,"holder":"        ","electComName":"Избирательная комиссия Рязанской области","genetiveEcName":"Избирательной комиссии Рязанской области","fedDistrictCode":"6","mtoCode":null,"subjectRfNumber":null,"electorCount":null,"fciMail":"","parentSubjectRfCode":"","subjectRfType":"","celectComCode":null},"vcprTech":"","numbersResId":null,"slicingResId":null,"dateout":null,"notes":"135637827259064320000011354","kca":"62T013","isActual":true,"electorDistrictCategory":{"vrn":100100025537261,"vrnCls":116,"znachatr":"городские","vnkod":"10","sortirovka":1,"prretro":"N         ","prim":"городские участки (избирательные участки, образуемые на территории городских округов, городских поселений и городов федерального значения)","dateadd":"2010-06-10T10:00:00","vnkodok":"","stok":"","dateretro":null,"vrnstok":null},"addressString":"Российская Федерация, Рязанская область, Муниципальное образование - Рыбновский муниципальный район, д. Новое Батурино,  , здание общеобразовательной школы"},{"createDate":"2020-09-06T18:38:40.829","updateDate":null,"createUserId":null,"updateUserId":null,"plotsTerritoriesId":9278,"subject":{"createDate":"2020-04-03T00:00:00","updateDate":"2020-04-03T00:00:00","createUserId":"28d1bdea-5e04-11ea-bc55-0242ac130003","updateUserId":"28d1bdea-5e04-11ea-bc55-0242ac130003","subjectId":"10107","subjectGlobalId":"108007","subjectGlobalParentId":"90357","isActual":true,"beginDate":null,"endDate":null,"subjectName":"Участковая избирательная комиссия №361","subjectType":{"createDate":"2020-03-04T00:00:00","updateDate":"2020-03-04T00:00:00","createUserId":"28d1bdea-5e04-11ea-bc55-0242ac130003","updateUserId":"28d1bdea-5e04-11ea-bc55-0242ac130003","subjectTypeId":1,"subjectTypeName":"Избирательные комиссии (ИК)","isUnchecked":"f","isProtected":"t","isDoc":"f","beginDate":"2020-03-04","endDate":"2020-03-04","isActive":true,"kca":null},"subjectLevel":{"createDate":"2020-04-03T00:00:00","updateDate":"2020-04-03T00:00:00","createUserId":"28d1bdea-5e04-11ea-bc55-0242ac130003","updateUserId":"28d1bdea-5e04-11ea-bc55-0242ac130003","subjectLevelId":46,"subjectLevelParent":{"createDate":"2020-04-03T00:00:00","updateDate":"2020-04-03T00:00:00","createUserId":"28d1bdea-5e04-11ea-bc55-0242ac130003","updateUserId":"28d1bdea-5e04-11ea-bc55-0242ac130003","subjectLevelId":45,"subjectLevelParent":{"createDate":"2020-04-03T00:00:00","updateDate":"2020-04-03T00:00:00","createUserId":"28d1bdea-5e04-11ea-bc55-0242ac130003","updateUserId":"28d1bdea-5e04-11ea-bc55-0242ac130003","subjectLevelId":43,"subjectLevelParent":{"createDate":"2020-04-03T00:00:00","updateDate":"2020-04-03T00:00:00","createUserId":"28d1bdea-5e04-11ea-bc55-0242ac130003","updateUserId":"28d1bdea-5e04-11ea-bc55-0242ac130003","subjectLevelId":42,"subjectLevelParent":{"createDate":"2020-04-03T00:00:00","updateDate":"2020-04-03T00:00:00","createUserId":"28d1bdea-5e04-11ea-bc55-0242ac130003","updateUserId":"28d1bdea-5e04-11ea-bc55-0242ac130003","subjectLevelId":41,"subjectLevelParent":null,"beginDate":null,"endDate":null,"isActive":true,"isUnchecked":false,"subjectLevelName":"ЦИК","isProtected":true,"kca":null,"subjectType":{"createDate":"2020-03-04T00:00:00","updateDate":"2020-03-04T00:00:00","createUserId":"28d1bdea-5e04-11ea-bc55-0242ac130003","updateUserId":"28d1bdea-5e04-11ea-bc55-0242ac130003","subjectTypeId":1,"subjectTypeName":"Избирательные комиссии (ИК)","isUnchecked":"f","isProtected":"t","isDoc":"f","beginDate":"2020-03-04","endDate":"2020-03-04","isActive":true,"kca":null},"lvl":1},"beginDate":null,"endDate":null,"isActive":true,"isUnchecked":false,"subjectLevelName":"ИКСРФ","isProtected":true,"kca":null,"subjectType":{"createDate":"2020-03-04T00:00:00","updateDate":"2020-03-04T00:00:00","createUserId":"28d1bdea-5e04-11ea-bc55-0242ac130003","updateUserId":"28d1bdea-5e04-11ea-bc55-0242ac130003","subjectTypeId":1,"subjectTypeName":"Избирательные комиссии (ИК)","isUnchecked":"f","isProtected":"t","isDoc":"f","beginDate":"2020-03-04","endDate":"2020-03-04","isActive":true,"kca":null},"lvl":2},"beginDate":null,"endDate":null,"isActive":true,"isUnchecked":false,"subjectLevelName":"ОИК","isProtected":true,"kca":null,"subjectType":{"createDate":"2020-03-04T00:00:00","updateDate":"2020-03-04T00:00:00","createUserId":"28d1bdea-5e04-11ea-bc55-0242ac130003","updateUserId":"28d1bdea-5e04-11ea-bc55-0242ac130003","subjectTypeId":1,"subjectTypeName":"Избирательные комиссии (ИК)","isUnchecked":"f","isProtected":"t","isDoc":"f","beginDate":"2020-03-04","endDate":"2020-03-04","isActive":true,"kca":null},"lvl":3},"beginDate":null,"endDate":null,"isActive":true,"isUnchecked":false,"subjectLevelName":"ТИК","isProtected":true,"kca":null,"subjectType":{"createDate":"2020-03-04T00:00:00","updateDate":"2020-03-04T00:00:00","createUserId":"28d1bdea-5e04-11ea-bc55-0242ac130003","updateUserId":"28d1bdea-5e04-11ea-bc55-0242ac130003","subjectTypeId":1,"subjectTypeName":"Избирательные комиссии (ИК)","isUnchecked":"f","isProtected":"t","isDoc":"f","beginDate":"2020-03-04","endDate":"2020-03-04","isActive":true,"kca":null},"lvl":4},"beginDate":null,"endDate":null,"isActive":true,"isUnchecked":false,"subjectLevelName":"УИК","isProtected":true,"kca":null,"subjectType":{"createDate":"2020-03-04T00:00:00","updateDate":"2020-03-04T00:00:00","createUserId":"28d1bdea-5e04-11ea-bc55-0242ac130003","updateUserId":"28d1bdea-5e04-11ea-bc55-0242ac130003","subjectTypeId":1,"subjectTypeName":"Избирательные комиссии (ИК)","isUnchecked":"f","isProtected":"t","isDoc":"f","beginDate":"2020-03-04","endDate":"2020-03-04","isActive":true,"kca":null},"lvl":5},"municipalType":null,"electionLevel":null,"subjectRf":{"subjectRfId":21636,"createDate":"1999-12-30","subjectRfName":"Рязанская область","genetiveSName":"Рязанской области","subjectRfCode":"62","subjectRfCenter":"г.Рязань","timeZone":"0.00","host":"@S77.msg.ru","kcaNumber":"62S000","replaceDate":null,"holder":"        ","electComName":"Избирательная комиссия Рязанской области","genetiveEcName":"Избирательной комиссии Рязанской области","fedDistrictCode":"6","mtoCode":null,"subjectRfNumber":null,"electorCount":null,"fciMail":"","parentSubjectRfCode":"","subjectRfType":"","celectComCode":null},"isUnchecked":false,"isProtected":false,"kca":"62T013","subjectFullName":"ЦИК: Избирательные комиссии (ИК) 00C000, ТИК: Избирательные комиссии (ИК) Избирательная комиссия Рязанской области, ТИК: Избирательные комиссии (ИК) Территориальная избирательная комиссия Рыбновского района, УИК: Избирательные комиссии (ИК) Участковая избирательная комиссия №361","lvl":4,"leftCount":null,"rightCount":null,"electionCompanyNameId":null},"nameIk":"Участок №361","vidIk":46,"districtNum":361,"districtType":"постоянный","subjectRf":{"subjectRfId":21636,"createDate":"1999-12-30","subjectRfName":"Рязанская область","genetiveSName":"Рязанской области","subjectRfCode":"62","subjectRfCenter":"г.Рязань","timeZone":"0.00","host":"@S77.msg.ru","kcaNumber":"62S000","replaceDate":null,"holder":"        ","electComName":"Избирательная комиссия Рязанской области","genetiveEcName":"Избирательной комиссии Рязанской области","fedDistrictCode":"6","mtoCode":null,"subjectRfNumber":null,"electorCount":null,"fciMail":"","parentSubjectRfCode":"","subjectRfType":"","celectComCode":null},"vcprTech":"","numbersResId":null,"slicingResId":null,"dateout":null,"notes":"135637827259064320000011354","kca":"62T013","isActual":true,"electorDistrictCategory":{"vrn":100100025537261,"vrnCls":116,"znachatr":"городские","vnkod":"10","sortirovka":1,"prretro":"N         ","prim":"городские участки (избирательные участки, образуемые на территории городских округов, городских поселений и городов федерального значения)","dateadd":"2010-06-10T10:00:00","vnkodok":"","stok":"","dateretro":null,"vrnstok":null},"addressString":"Российская Федерация, Рязанская область, Муниципальное образование - Рыбновский муниципальный район, д. Высокое,  , здание сельского дома культуры"}],"pageable":{"sort":{"sorted":true,"unsorted":false},"pageSize":10,"pageNumber":0,"offset":0,"paged":true,"unpaged":false},"totalElements":42,"last":false,"totalPages":5,"first":true,"sort":{"sorted":true,"unsorted":false},"number":0,"numberOfElements":10,"size":10}