{"content":[{"createDate":"2020-09-06T18:38:40.829","updateDate":null,"createUserId":null,"updateUserId":null,"plotsTerritoriesId":9182,"subject":{"createDate":"2020-04-03T00:00:00","updateDate":"2020-04-03T00:00:00","createUserId":"28d1bdea-5e04-11ea-bc55-0242ac130003","updateUserId":"28d1bdea-5e04-11ea-bc55-0242ac130003","subjectId":"19097","subjectGlobalId":"108094","subjectGlobalParentId":"90357","isActual":true,"beginDate":null,"endDate":null,"subjectName":"Участковая избирательная комиссия №14","subjectType":{"createDate":"2020-03-04T00:00:00","updateDate":"2020-03-04T00:00:00","createUserId":"28d1bdea-5e04-11ea-bc55-0242ac130003","updateUserId":"28d1bdea-5e04-11ea-bc55-0242ac130003","subjectTypeId":1,"subjectTypeName":"Избирательные комиссии (ИК)","isUnchecked":"f","isProtected":"t","isDoc":"f","beginDate":"2020-03-04","endDate":"2020-03-04","isActive":true,"kca":null},"subjectLevel":{"createDate":"2020-04-03T00:00:00","updateDate":"2020-04-03T00:00:00","createUserId":"28d1bdea-5e04-11ea-bc55-0242ac130003","updateUserId":"28d1bdea-5e04-11ea-bc55-0242ac130003","subjectLevelId":46,"subjectLevelParent":{"createDate":"2020-04-03T00:00:00","updateDate":"2020-04-03T00:00:00","createUserId":"28d1bdea-5e04-11ea-bc55-0242ac130003","updateUserId":"28d1bdea-5e04-11ea-bc55-0242ac130003","subjectLevelId":45,"subjectLevelParent":{"createDate":"2020-04-03T00:00:00","updateDate":"2020-04-03T00:00:00","createUserId":"28d1bdea-5e04-11ea-bc55-0242ac130003","updateUserId":"28d1bdea-5e04-11ea-bc55-0242ac130003","subjectLevelId":43,"subjectLevelParent":{"createDate":"2020-04-03T00:00:00","updateDate":"2020-04-03T00:00:00","createUserId":"28d1bdea-5e04-11ea-bc55-0242ac130003","updateUserId":"28d1bdea-5e04-11ea-bc55-0242ac130003","subjectLevelId":42,"subjectLevelParent":{"createDate":"2020-04-03T00:00:00","updateDate":"2020-04-03T00:00:00","createUserId":"28d1bdea-5e04-11ea-bc55-0242ac130003","updateUserId":"28d1bdea-5e04-11ea-bc55-0242ac130003","subjectLevelId":41,"subjectLevelParent":null,"beginDate":null,"endDate":null,"isActive":true,"isUnchecked":false,"subjectLevelName":"ЦИК","isProtected":true,"kca":null,"subjectType":{"createDate":"2020-03-04T00:00:00","updateDate":"2020-03-04T00:00:00","createUserId":"28d1bdea-5e04-11ea-bc55-0242ac130003","updateUserId":"28d1bdea-5e04-11ea-bc55-0242ac130003","subjectTypeId":1,"subjectTypeName":"Избирательные комиссии (ИК)","isUnchecked":"f","isProtected":"t","isDoc":"f","beginDate":"2020-03-04","endDate":"2020-03-04","isActive":true,"kca":null},"lvl":1},"beginDate":null,"endDate":null,"isActive":true,"isUnchecked":false,"subjectLevelName":"ИКСРФ","isProtected":true,"kca":null,"subjectType":{"createDate":"2020-03-04T00:00:00","updateDate":"2020-03-04T00:00:00","createUserId":"28d1bdea-5e04-11ea-bc55-0242ac130003","updateUserId":"28d1bdea-5e04-11ea-bc55-0242ac130003","subjectTypeId":1,"subjectTypeName":"Избирательные комиссии (ИК)","isUnchecked":"f","isProtected":"t","isDoc":"f","beginDate":"2020-03-04","endDate":"2020-03-04","isActive":true,"kca":null},"lvl":2},"beginDate":null,"endDate":null,"isActive":true,"isUnchecked":false,"subjectLevelName":"ОИК","isProtected":true,"kca":null,"subjectType":{"createDate":"2020-03-04T00:00:00","updateDate":"2020-03-04T00:00:00","createUserId":"28d1bdea-5e04-11ea-bc55-0242ac130003","updateUserId":"28d1bdea-5e04-11ea-bc55-0242ac130003","subjectTypeId":1,"subjectTypeName":"Избирательные комиссии (ИК)","isUnchecked":"f","isProtected":"t","isDoc":"f","beginDate":"2020-03-04","endDate":"2020-03-04","isActive":true,"kca":null},"lvl":3},"beginDate":null,"endDate":null,"isActive":true,"isUnchecked":false,"subjectLevelName":"ТИК","isProtected":true,"kca":null,"subjectType":{"createDate":"2020-03-04T00:00:00","updateDate":"2020-03-04T00:00:00","createUserId":"28d1bdea-5e04-11ea-bc55-0242ac130003","updateUserId":"28d1bdea-5e04-11ea-bc55-0242ac130003","subjectTypeId":1,"subjectTypeName":"Избирательные комиссии (ИК)","isUnchecked":"f","isProtected":"t","isDoc":"f","beginDate":"2020-03-04","endDate":"2020-03-04","isActive":true,"kca":null},"lvl":4},"beginDate":null,"endDate":null,"isActive":true,"isUnchecked":false,"subjectLevelName":"УИК","isProtected":true,"kca":null,"subjectType":{"createDate":"2020-03-04T00:00:00","updateDate":"2020-03-04T00:00:00","createUserId":"28d1bdea-5e04-11ea-bc55-0242ac130003","updateUserId":"28d1bdea-5e04-11ea-bc55-0242ac130003","subjectTypeId":1,"subjectTypeName":"Избирательные комиссии (ИК)","isUnchecked":"f","isProtected":"t","isDoc":"f","beginDate":"2020-03-04","endDate":"2020-03-04","isActive":true,"kca":null},"lvl":5},"municipalType":null,"electionLevel":null,"subjectRf":{"subjectRfId":21636,"createDate":"1999-12-30","subjectRfName":"Рязанская область","genetiveSName":"Рязанской области","subjectRfCode":"62","subjectRfCenter":"г.Рязань","timeZone":"0.00","host":"@S77.msg.ru","kcaNumber":"62S000","replaceDate":null,"holder":"        ","electComName":"Избирательная комиссия Рязанской области","genetiveEcName":"Избирательной комиссии Рязанской области","fedDistrictCode":"6","mtoCode":null,"subjectRfNumber":null,"electorCount":null,"fciMail":"","parentSubjectRfCode":"","subjectRfType":"","celectComCode":null},"isUnchecked":false,"isProtected":false,"kca":"62T013","subjectFullName":"ЦИК: Избирательные комиссии (ИК) 00C000, ТИК: Избирательные комиссии (ИК) Избирательная комиссия Рязанской области, ТИК: Избирательные комиссии (ИК) Территориальная избирательная комиссия Рыбновского района, УИК: Избирательные комиссии (ИК) Участковая избирательная комиссия №14","lvl":4,"leftCount":null,"rightCount":null,"electionCompanyNameId":null},"nameIk":"Участок №14","vidIk":46,"districtNum":14,"districtType":"постоянный","subjectRf":{"subjectRfId":21636,"createDate":"1999-12-30","subjectRfName":"Рязанская область","genetiveSName":"Рязанской области","subjectRfCode":"62","subjectRfCenter":"г.Рязань","timeZone":"0.00","host":"@S77.msg.ru","kcaNumber":"62S000","replaceDate":null,"holder":"        ","electComName":"Избирательная комиссия Рязанской области","genetiveEcName":"Избирательной комиссии Рязанской области","fedDistrictCode":"6","mtoCode":null,"subjectRfNumber":null,"electorCount":null,"fciMail":"","parentSubjectRfCode":"","subjectRfType":"","celectComCode":null},"vcprTech":"","numbersResId":null,"slicingResId":null,"dateout":null,"notes":"135637827259064320000011354","kca":"62T013","isActual":true,"electorDistrictCategory":{"vrn":100100025537261,"vrnCls":116,"znachatr":"городские","vnkod":"10","sortirovka":1,"prretro":"N         ","prim":"городские участки (избирательные участки, образуемые на территории городских округов, городских поселений и городов федерального значения)","dateadd":"2010-06-10T10:00:00","vnkodok":"","stok":"","dateretro":null,"vrnstok":null},"addressString":"Российская Федерация, Рязанская область, Муниципальное образование - Рыбновский муниципальный район, Муниципальное образование - Батуринское сельское поселение Рыбновского муниципального района, Летняя, 12"}],"pageable":{"sort":{"sorted":true,"unsorted":false},"pageSize":20,"pageNumber":0,"offset":0,"paged":true,"unpaged":false},"totalElements":1,"last":true,"totalPages":1,"first":true,"sort":{"sorted":true,"unsorted":false},"number":0,"numberOfElements":1,"size":20}