[{"id":"3270","dateBegin":null,"dateEnd":null,"address":null,"subject":null,"serverId":null,"createDate":null,"updateDate":null,"createUserId":null,"updateUserId":null,"addrNodeName":null,"isActual":null,"addressNode":null,"addressId":"1198684","name":"Аксеново деревня","fullName":"Рязанская область, Рыбновский, Аксеново Д","level":6,"levelString":"Населенный пункт","electorsCount":136,"nodes":["дом 2г","дом 2Д","дом 3","дом 8","дом 17","дом 22","дом 27","дом 31","дом 32","дом 47","дом 48","дом 52","дом 53","дом 65","дом 67","дом 68а","дом 70","дом 74","дом 76","дом 77","дом 82","дом 90","дом 98","дом 100","дом 110","дом 111","дом 112","дом 114","дом 116","дом 118","дом 119","дом 123","дом 126","дом 129","дом 136","дом 145","улица Ул Приокская"]}]