[{"id":2,"code":"MAX_ELECTOR_FOR_UIK_ADDICTIONAL","name":"Количество избирателей, которое допускается для превышения, на один УИК.","value":"50"},{"id":1,"code":"MAX_ELECTOR_FOR_UIK","name":"Количество избирателей на один УИК.","value":"3000"},{"id":3,"code":"EXPORT_CSV_ENCODING","name":"Кодировка выгружаемого CSV файла","value":"windows-1251"},{"id":4,"code":"EXPORT_CSV_DELIMETER","name":"Разделитель в выгружаемом CSV файле","value":";"},{"id":5,"code":"EXPORT_CSV_ENCLOSE","name":"Экранирование в выгружаемом CSV файле","value":"\""},{"id":6,"code":"TEMPLATE_INDIVIDUAL_FORM","name":"Бланки индивидуальных приглашений","value":"9"},{"id":8,"code":"TEMPLATE_DIGITAL_LIST_FORM","name":"Электронные списки избирателей цифровых участков","value":"15"},{"id":7,"code":"TEMPLATE_VOTER_LIST_FORM","name":"Бланки списков избирателей","value":"2"},{"id":10,"code":"TEMPLATE_DIVISION_PLOTS","name":"Отчет о границах избирательных участков","value":"20"},{"id":9,"code":"TEMPLATE_REGISTRY_EXCEPTION_STATMENT","name":"Реестр исключений избирателей в соответствии с поданными заявлениями","value":"18"},{"id":13,"code":"TEMPLATE_VOTER_LOCATION","name":"Шаблон списков избирателей на голосование по месту нахождения","value":"23"},{"id":18,"code":"MIN_CAPACITY_FOR_PROVIDING_INFO","name":"Минимальное количество параметра capacity для нечеткого поиска в компоненте предоставления сведений","value":"90"},{"id":19,"code":"TEMPLATE_NOTIFICATION_TEMPORART_STAY","name":"Отчет о гражданах, включенных в список избирателей по месту временного пребывания","value":"24"},{"id":20,"code":"CSV_DAT_ENCODING","name":"Кодировка в загружаемом в компонент ПС CSV файле","value":"windows-1251"},{"id":21,"code":"CSV_DAT_DELIMETER","name":"Разделитель в загружаемом в компонент ПС CSV файле","value":";"},{"id":22,"code":"CSV_DAT_ENCLOSE","name":"Экранирование в загружаемом в компонент ПС CSV файле","value":"\""},{"id":15,"code":"TEMPLATE_TRANSFER_VOTER_LIST","name":"Акт о передаче списка избирателей","value":"33"},{"id":16,"code":"TEMPLATE_REQUEST_CLARIFICATION","name":"Приглашение на уточнение данных","value":"34"},{"id":17,"code":"TEMPLATE_CUSTOM_VOTER_LIST","name":"Настраиваемый список избирателей","value":"35"},{"id":12,"code":"TEMPLATE_VOTER_LIST_CHANGES","name":"Сведения о изменении персональных данных","value":"4"},{"id":11,"code":"TEMPLATE_UNALLOCATED_ADDRESS","name":"Отчет ограницах. Непривязанные адреса","value":"21"},{"id":14,"code":"TEMPLATE_UNACCOUNTED_STATEMENT","name":"Реестр неучтенных заявлений\t","value":"31"}]