[{"id":"340453","addressId":"1214148","name":"100","fullName":"Рязанская область, Рыбновский, Аксеново Д д. 100","level":8,"levelString":"Дом","electorsCount":null,"sortMode":null,"newListMode":null,"registerMode":null,"ranges":[{"createDate":"2020-10-15T00:00:00","updateDate":null,"createUserId":"6f86e279-0dff-4680-baa6-5805a1976cab","updateUserId":null,"id":"2003","literFrom":"А","literTo":"Я","isFullDepend":true,"kca":null,"pointId":87,"nodeId":340453,"pointNumber":1}]},{"id":"340437","addressId":"1210629","name":"110","fullName":"Рязанская область, Рыбновский, Аксеново Д д. 110","level":8,"levelString":"Дом","electorsCount":null,"sortMode":null,"newListMode":null,"registerMode":null,"ranges":[{"createDate":"2020-10-15T00:00:00","updateDate":null,"createUserId":"29cef100-3454-4669-9bd8-468d5d9c7daa","updateUserId":null,"id":"2004","literFrom":"А","literTo":"Я","isFullDepend":true,"kca":null,"pointId":87,"nodeId":340437,"pointNumber":1}]},{"id":"340431","addressId":"1198929","name":"111","fullName":"Рязанская область, Рыбновский, Аксеново Д д. 111","level":8,"levelString":"Дом","electorsCount":null,"sortMode":null,"newListMode":null,"registerMode":null,"ranges":[{"createDate":"2020-10-15T00:00:00","updateDate":null,"createUserId":"e5c52439-fb37-4bb9-90e6-c64d5a9ea128","updateUserId":null,"id":"2005","literFrom":"А","literTo":"Я","isFullDepend":true,"kca":null,"pointId":87,"nodeId":340431,"pointNumber":1}]},{"id":"340462","addressId":"1215402","name":"112","fullName":"Рязанская область, Рыбновский, Аксеново Д д. 112","level":8,"levelString":"Дом","electorsCount":null,"sortMode":null,"newListMode":null,"registerMode":null,"ranges":[{"createDate":"2020-10-15T00:00:00","updateDate":null,"createUserId":"b1f584a4-6979-4c49-a18a-037201a28d54","updateUserId":null,"id":"2006","literFrom":"А","literTo":"Я","isFullDepend":true,"kca":null,"pointId":87,"nodeId":340462,"pointNumber":1}]},{"id":"340436","addressId":"1210628","name":"114","fullName":"Рязанская область, Рыбновский, Аксеново Д д. 114","level":8,"levelString":"Дом","electorsCount":null,"sortMode":null,"newListMode":null,"registerMode":null,"ranges":[{"createDate":"2020-10-15T00:00:00","updateDate":null,"createUserId":"44f5e558-5324-426e-a9d1-99c95a45a6da","updateUserId":null,"id":"2007","literFrom":"А","literTo":"Я","isFullDepend":true,"kca":null,"pointId":87,"nodeId":340436,"pointNumber":1}]},{"id":"340449","addressId":"1212927","name":"116","fullName":"Рязанская область, Рыбновский, Аксеново Д д. 116","level":8,"levelString":"Дом","electorsCount":null,"sortMode":null,"newListMode":null,"registerMode":null,"ranges":[{"createDate":"2020-10-15T00:00:00","updateDate":null,"createUserId":"1f11c6bf-4c72-43d7-9ee2-d6a6c40ad3f8","updateUserId":null,"id":"2008","literFrom":"А","literTo":"Я","isFullDepend":true,"kca":null,"pointId":87,"nodeId":340449,"pointNumber":1}]},{"id":"340466","addressId":"1219388","name":"118","fullName":"Рязанская область, Рыбновский, Аксеново Д д. 118","level":8,"levelString":"Дом","electorsCount":null,"sortMode":null,"newListMode":null,"registerMode":null,"ranges":[{"createDate":"2020-10-15T00:00:00","updateDate":null,"createUserId":"08921903-5298-4dc1-9d24-01c78e91e3d6","updateUserId":null,"id":"2009","literFrom":"А","literTo":"Я","isFullDepend":true,"kca":null,"pointId":87,"nodeId":340466,"pointNumber":1}]},{"id":"340447","addressId":"1212855","name":"119","fullName":"Рязанская область, Рыбновский, Аксеново Д д. 119","level":8,"levelString":"Дом","electorsCount":null,"sortMode":null,"newListMode":null,"registerMode":null,"ranges":[{"createDate":"2020-10-15T00:00:00","updateDate":null,"createUserId":"b2a42a01-1ea3-4a83-8daa-2a7dcabd72ce","updateUserId":null,"id":"2010","literFrom":"А","literTo":"Я","isFullDepend":true,"kca":null,"pointId":87,"nodeId":340447,"pointNumber":1}]},{"id":"340460","addressId":"1214667","name":"123","fullName":"Рязанская область, Рыбновский, Аксеново Д д. 123","level":8,"levelString":"Дом","electorsCount":null,"sortMode":null,"newListMode":null,"registerMode":null,"ranges":[{"createDate":"2020-10-15T00:00:00","updateDate":null,"createUserId":"b2df6b58-3635-41fd-b533-166a6781ec9a","updateUserId":null,"id":"2011","literFrom":"А","literTo":"Я","isFullDepend":true,"kca":null,"pointId":87,"nodeId":340460,"pointNumber":1}]},{"id":"340435","addressId":"1198958","name":"126","fullName":"Рязанская область, Рыбновский, Аксеново Д д. 126","level":8,"levelString":"Дом","electorsCount":null,"sortMode":null,"newListMode":null,"registerMode":null,"ranges":[{"createDate":"2020-10-15T00:00:00","updateDate":null,"createUserId":"5cd4a14c-12aa-42c8-9f74-035e888da642","updateUserId":null,"id":"2012","literFrom":"А","literTo":"Я","isFullDepend":true,"kca":null,"pointId":87,"nodeId":340435,"pointNumber":1}]},{"id":"340446","addressId":"1212053","name":"129","fullName":"Рязанская область, Рыбновский, Аксеново Д д. 129","level":8,"levelString":"Дом","electorsCount":null,"sortMode":null,"newListMode":null,"registerMode":null,"ranges":[{"createDate":"2020-10-15T00:00:00","updateDate":null,"createUserId":"29c30695-d623-4e35-9f6c-e6fbcbdce94e","updateUserId":null,"id":"2013","literFrom":"А","literTo":"Я","isFullDepend":true,"kca":null,"pointId":87,"nodeId":340446,"pointNumber":1}]},{"id":"340445","addressId":"1211891","name":"136","fullName":"Рязанская область, Рыбновский, Аксеново Д д. 136","level":8,"levelString":"Дом","electorsCount":null,"sortMode":null,"newListMode":null,"registerMode":null,"ranges":[{"createDate":"2020-10-15T00:00:00","updateDate":null,"createUserId":"49a9f991-0652-4970-82fc-1cce197d6b22","updateUserId":null,"id":"2014","literFrom":"А","literTo":"Я","isFullDepend":true,"kca":null,"pointId":87,"nodeId":340445,"pointNumber":1}]},{"id":"340451","addressId":"1213502","name":"145","fullName":"Рязанская область, Рыбновский, Аксеново Д д. 145","level":8,"levelString":"Дом","electorsCount":null,"sortMode":null,"newListMode":null,"registerMode":null,"ranges":[{"createDate":"2020-10-15T00:00:00","updateDate":null,"createUserId":"21aa93f1-4f58-428d-b13a-159cd1fc04f8","updateUserId":null,"id":"2015","literFrom":"А","literTo":"Я","isFullDepend":true,"kca":null,"pointId":87,"nodeId":340451,"pointNumber":1}]},{"id":"340465","addressId":"1216594","name":"17","fullName":"Рязанская область, Рыбновский, Аксеново Д д. 17","level":8,"levelString":"Дом","electorsCount":null,"sortMode":null,"newListMode":null,"registerMode":null,"ranges":[{"createDate":"2020-10-15T00:00:00","updateDate":null,"createUserId":"035e6569-ff47-485e-b506-11a2da6365a1","updateUserId":null,"id":"2017","literFrom":"А","literTo":"Я","isFullDepend":true,"kca":null,"pointId":87,"nodeId":340465,"pointNumber":1}]},{"id":"340468","addressId":"1228353","name":"22","fullName":"Рязанская область, Рыбновский, Аксеново Д д. 22","level":8,"levelString":"Дом","electorsCount":null,"sortMode":null,"newListMode":null,"registerMode":null,"ranges":[{"createDate":"2020-10-15T00:00:00","updateDate":null,"createUserId":"55e4cee8-88c7-43ba-9f47-bc7bb76285bf","updateUserId":null,"id":"2018","literFrom":"А","literTo":"Я","isFullDepend":true,"kca":null,"pointId":87,"nodeId":340468,"pointNumber":1}]},{"id":"340444","addressId":"1211595","name":"27","fullName":"Рязанская область, Рыбновский, Аксеново Д д. 27","level":8,"levelString":"Дом","electorsCount":null,"sortMode":null,"newListMode":null,"registerMode":null,"ranges":[{"createDate":"2020-10-15T00:00:00","updateDate":null,"createUserId":"f7b56008-7ea3-4d94-b74e-a357a097d99d","updateUserId":null,"id":"2019","literFrom":"А","literTo":"Я","isFullDepend":true,"kca":null,"pointId":87,"nodeId":340444,"pointNumber":1}]},{"id":"340461","addressId":"1214862","name":"2Д","fullName":"Рязанская область, Рыбновский, Аксеново Д д. 2Д","level":8,"levelString":"Дом","electorsCount":null,"sortMode":null,"newListMode":null,"registerMode":null,"ranges":[{"createDate":"2020-10-15T00:00:00","updateDate":null,"createUserId":"88eb2669-11fa-437a-b2f1-703907cf6d16","updateUserId":null,"id":"2020","literFrom":"А","literTo":"Я","isFullDepend":true,"kca":null,"pointId":87,"nodeId":340461,"pointNumber":1}]},{"id":"340450","addressId":"1212996","name":"2г","fullName":"Рязанская область, Рыбновский, Аксеново Д д. 2г","level":8,"levelString":"Дом","electorsCount":null,"sortMode":null,"newListMode":null,"registerMode":null,"ranges":[{"createDate":"2020-10-15T00:00:00","updateDate":null,"createUserId":"0fbabe12-ed24-4a91-a95e-c9b03c7a00ee","updateUserId":null,"id":"2021","literFrom":"А","literTo":"Я","isFullDepend":true,"kca":null,"pointId":87,"nodeId":340450,"pointNumber":1}]},{"id":"340430","addressId":"1198907","name":"3","fullName":"Рязанская область, Рыбновский, Аксеново Д д. 3","level":8,"levelString":"Дом","electorsCount":null,"sortMode":null,"newListMode":null,"registerMode":null,"ranges":[{"createDate":"2020-10-15T00:00:00","updateDate":null,"createUserId":"cd91438a-3d26-4948-b414-42c4ec49751f","updateUserId":null,"id":"2022","literFrom":"А","literTo":"Я","isFullDepend":true,"kca":null,"pointId":87,"nodeId":340430,"pointNumber":1}]},{"id":"340455","addressId":"1214150","name":"31","fullName":"Рязанская область, Рыбновский, Аксеново Д д. 31","level":8,"levelString":"Дом","electorsCount":null,"sortMode":null,"newListMode":null,"registerMode":null,"ranges":[{"createDate":"2020-10-15T00:00:00","updateDate":null,"createUserId":"5061f965-1200-4734-a5fa-019284b49296","updateUserId":null,"id":"2023","literFrom":"А","literTo":"Я","isFullDepend":true,"kca":null,"pointId":87,"nodeId":340455,"pointNumber":1}]},{"id":"340438","addressId":"1210637","name":"32","fullName":"Рязанская область, Рыбновский, Аксеново Д д. 32","level":8,"levelString":"Дом","electorsCount":null,"sortMode":null,"newListMode":null,"registerMode":null,"ranges":[{"createDate":"2020-10-15T00:00:00","updateDate":null,"createUserId":"29c4def5-096e-46a2-8f86-bc640c9835ef","updateUserId":null,"id":"2024","literFrom":"А","literTo":"Я","isFullDepend":true,"kca":null,"pointId":87,"nodeId":340438,"pointNumber":1}]},{"id":"340459","addressId":"1214666","name":"47","fullName":"Рязанская область, Рыбновский, Аксеново Д д. 47","level":8,"levelString":"Дом","electorsCount":null,"sortMode":null,"newListMode":null,"registerMode":null,"ranges":[{"createDate":"2020-10-15T00:00:00","updateDate":null,"createUserId":"dedf1f84-989c-49df-b4b8-0f12b4213971","updateUserId":null,"id":"2025","literFrom":"А","literTo":"Я","isFullDepend":true,"kca":null,"pointId":87,"nodeId":340459,"pointNumber":1}]},{"id":"340442","addressId":"1211512","name":"48","fullName":"Рязанская область, Рыбновский, Аксеново Д д. 48","level":8,"levelString":"Дом","electorsCount":null,"sortMode":null,"newListMode":null,"registerMode":null,"ranges":[{"createDate":"2020-10-15T00:00:00","updateDate":null,"createUserId":"0c336383-c74f-425d-b25b-06cf56e83510","updateUserId":null,"id":"2026","literFrom":"А","literTo":"Я","isFullDepend":true,"kca":null,"pointId":87,"nodeId":340442,"pointNumber":1}]},{"id":"340434","addressId":"1198957","name":"52","fullName":"Рязанская область, Рыбновский, Аксеново Д д. 52","level":8,"levelString":"Дом","electorsCount":null,"sortMode":null,"newListMode":null,"registerMode":null,"ranges":[{"createDate":"2020-10-15T00:00:00","updateDate":null,"createUserId":"44852ecf-6ab7-4ea6-9670-ee6747b59b88","updateUserId":null,"id":"2027","literFrom":"А","literTo":"Я","isFullDepend":true,"kca":null,"pointId":87,"nodeId":340434,"pointNumber":1}]},{"id":"340467","addressId":"1221502","name":"53","fullName":"Рязанская область, Рыбновский, Аксеново Д д. 53","level":8,"levelString":"Дом","electorsCount":null,"sortMode":null,"newListMode":null,"registerMode":null,"ranges":[{"createDate":"2020-10-15T00:00:00","updateDate":null,"createUserId":"60fc597c-b91f-4400-8ecb-c7fc19ddc19a","updateUserId":null,"id":"2028","literFrom":"А","literTo":"Я","isFullDepend":true,"kca":null,"pointId":87,"nodeId":340467,"pointNumber":1}]},{"id":"340443","addressId":"1211586","name":"65","fullName":"Рязанская область, Рыбновский, Аксеново Д д. 65","level":8,"levelString":"Дом","electorsCount":null,"sortMode":null,"newListMode":null,"registerMode":null,"ranges":[{"createDate":"2020-10-15T00:00:00","updateDate":null,"createUserId":"c0049125-ebfd-4119-b04e-ee3505f0cceb","updateUserId":null,"id":"2029","literFrom":"А","literTo":"Я","isFullDepend":true,"kca":null,"pointId":87,"nodeId":340443,"pointNumber":1}]},{"id":"340439","addressId":"1210638","name":"67","fullName":"Рязанская область, Рыбновский, Аксеново Д д. 67","level":8,"levelString":"Дом","electorsCount":null,"sortMode":null,"newListMode":null,"registerMode":null,"ranges":[{"createDate":"2020-10-15T00:00:00","updateDate":null,"createUserId":"3e2a24ea-15e4-4e54-82aa-03140cffb64d","updateUserId":null,"id":"2030","literFrom":"А","literTo":"Я","isFullDepend":true,"kca":null,"pointId":87,"nodeId":340439,"pointNumber":1}]},{"id":"340432","addressId":"1198946","name":"68а","fullName":"Рязанская область, Рыбновский, Аксеново Д д. 68а","level":8,"levelString":"Дом","electorsCount":null,"sortMode":null,"newListMode":null,"registerMode":null,"ranges":[{"createDate":"2020-10-15T00:00:00","updateDate":null,"createUserId":"d2cd268a-872c-438d-994c-6444e25ee887","updateUserId":null,"id":"2031","literFrom":"А","literTo":"Я","isFullDepend":true,"kca":null,"pointId":87,"nodeId":340432,"pointNumber":1}]},{"id":"340440","addressId":"1211172","name":"70","fullName":"Рязанская область, Рыбновский, Аксеново Д д. 70","level":8,"levelString":"Дом","electorsCount":null,"sortMode":null,"newListMode":null,"registerMode":null,"ranges":[{"createDate":"2020-10-15T00:00:00","updateDate":null,"createUserId":"b57b3d06-2852-41c3-b66c-e2092664127a","updateUserId":null,"id":"2032","literFrom":"А","literTo":"Я","isFullDepend":true,"kca":null,"pointId":87,"nodeId":340440,"pointNumber":1}]},{"id":"340458","addressId":"1214451","name":"74","fullName":"Рязанская область, Рыбновский, Аксеново Д д. 74","level":8,"levelString":"Дом","electorsCount":null,"sortMode":null,"newListMode":null,"registerMode":null,"ranges":[{"createDate":"2020-10-15T00:00:00","updateDate":null,"createUserId":"3351f9e8-cd98-4e9d-a575-b46d76d6bb7b","updateUserId":null,"id":"2033","literFrom":"А","literTo":"Я","isFullDepend":true,"kca":null,"pointId":87,"nodeId":340458,"pointNumber":1}]},{"id":"340441","addressId":"1211506","name":"76","fullName":"Рязанская область, Рыбновский, Аксеново Д д. 76","level":8,"levelString":"Дом","electorsCount":null,"sortMode":null,"newListMode":null,"registerMode":null,"ranges":[{"createDate":"2020-10-15T00:00:00","updateDate":null,"createUserId":"d2a4f6d8-9833-48bd-9616-b94a810328de","updateUserId":null,"id":"2034","literFrom":"А","literTo":"Я","isFullDepend":true,"kca":null,"pointId":87,"nodeId":340441,"pointNumber":1}]},{"id":"340448","addressId":"1212856","name":"77","fullName":"Рязанская область, Рыбновский, Аксеново Д д. 77","level":8,"levelString":"Дом","electorsCount":null,"sortMode":null,"newListMode":null,"registerMode":null,"ranges":[{"createDate":"2020-10-15T00:00:00","updateDate":null,"createUserId":"e89500d2-28f9-4d1d-a4ad-f6809aa08e01","updateUserId":null,"id":"2035","literFrom":"А","literTo":"Я","isFullDepend":true,"kca":null,"pointId":87,"nodeId":340448,"pointNumber":1}]},{"id":"340457","addressId":"1214362","name":"8","fullName":"Рязанская область, Рыбновский, Аксеново Д д. 8","level":8,"levelString":"Дом","electorsCount":null,"sortMode":null,"newListMode":null,"registerMode":null,"ranges":[{"createDate":"2020-10-15T00:00:00","updateDate":null,"createUserId":"a81e9401-4eec-4d82-b8a1-3f42f74cf0cd","updateUserId":null,"id":"2036","literFrom":"А","literTo":"Я","isFullDepend":true,"kca":null,"pointId":87,"nodeId":340457,"pointNumber":1}]},{"id":"340452","addressId":"1213708","name":"82","fullName":"Рязанская область, Рыбновский, Аксеново Д д. 82","level":8,"levelString":"Дом","electorsCount":null,"sortMode":null,"newListMode":null,"registerMode":null,"ranges":[{"createDate":"2020-10-15T00:00:00","updateDate":null,"createUserId":"6b3f7764-06d0-413e-93dd-5e3ceb706a9a","updateUserId":null,"id":"2037","literFrom":"А","literTo":"Я","isFullDepend":true,"kca":null,"pointId":87,"nodeId":340452,"pointNumber":1}]},{"id":"340456","addressId":"1214243","name":"90","fullName":"Рязанская область, Рыбновский, Аксеново Д д. 90","level":8,"levelString":"Дом","electorsCount":null,"sortMode":null,"newListMode":null,"registerMode":null,"ranges":[{"createDate":"2020-10-15T00:00:00","updateDate":null,"createUserId":"2105516d-5ac6-418e-b7f0-b10687a57083","updateUserId":null,"id":"2038","literFrom":"А","literTo":"Я","isFullDepend":true,"kca":null,"pointId":87,"nodeId":340456,"pointNumber":1}]},{"id":"340454","addressId":"1214149","name":"98","fullName":"Рязанская область, Рыбновский, Аксеново Д д. 98","level":8,"levelString":"Дом","electorsCount":null,"sortMode":null,"newListMode":null,"registerMode":null,"ranges":[{"createDate":"2020-10-15T00:00:00","updateDate":null,"createUserId":"dc974cfc-9c34-400e-87d2-aa60086dda99","updateUserId":null,"id":"2039","literFrom":"А","literTo":"Я","isFullDepend":true,"kca":null,"pointId":87,"nodeId":340454,"pointNumber":1}]},{"id":"340463","addressId":"1216593","name":"Ул Приокская","fullName":"Рязанская область, Рыбновский, Аксеново Д у. Ул Приокская","level":7,"levelString":"Улица","electorsCount":null,"sortMode":null,"newListMode":null,"registerMode":null,"ranges":[{"createDate":"2020-10-15T00:00:00","updateDate":null,"createUserId":"c6ee7829-7d91-42f6-b3d1-7fc975459b04","updateUserId":null,"id":"2041","literFrom":"А","literTo":"Я","isFullDepend":true,"kca":null,"pointId":87,"nodeId":340463,"pointNumber":1}]}]