[{"createDate":"2020-05-20T22:28:56.437393","updateDate":"2020-05-20T22:28:56.437393","createUserId":null,"updateUserId":null,"id":3,"electionCompanyName":null,"reportTemplateName":"Персональное приглашение на голосование","mimeType":"odt","note":"Шаблон. Персональное приглашение на голосование","subjectGlobalId":null,"isActual":true,"reportType":{"id":10,"reportTypeParentId":9,"reportTypeName":"Персональное приглашение на голосование","isDeleted":false,"isTemplate":true},"isDefault":true,"electionCompanyNameId":null}]