[{"createDate":"2020-08-31T17:08:39.770818","updateDate":"2020-08-31T17:08:39.770818","createUserId":null,"updateUserId":null,"id":41,"electionCompanyName":null,"reportTemplateName":"Акт о передаче списков избирателей","mimeType":"odt","note":"Шаблон. Акт о передаче списков избирателей","subjectGlobalId":null,"isActual":true,"reportType":{"id":33,"reportTypeParentId":32,"reportTypeName":"Акт о передаче списков избирателей","isDeleted":false,"isTemplate":true},"isDefault":true,"electionCompanyNameId":null}]