[{"createDate":"2020-08-31T17:04:31.040251","updateDate":"2020-08-31T17:04:31.040251","createUserId":null,"updateUserId":null,"id":38,"electionCompanyName":null,"reportTemplateName":"Список избирателей","mimeType":"odt","note":"Шаблон. Список избирателей (общий)","subjectGlobalId":null,"isActual":true,"reportType":{"id":25,"reportTypeParentId":2,"reportTypeName":"Список избирателей","isDeleted":false,"isTemplate":true},"isDefault":true,"electionCompanyNameId":null}]