{"content":[{"createDate":"2020-09-06T18:38:40.829","updateDate":null,"createUserId":null,"updateUserId":null,"plotsTerritoriesId":9280,"subject":{"createDate":"2020-04-03T00:00:00","updateDate":"2020-04-03T00:00:00","createUserId":"28d1bdea-5e04-11ea-bc55-0242ac130003","updateUserId":"28d1bdea-5e04-11ea-bc55-0242ac130003","subjectId":"12838","subjectGlobalId":"108008","subjectGlobalParentId":"90357","isActual":true,"beginDate":null,"endDate":null,"subjectName":"Участковая избирательная комиссия №362","subjectType":{"createDate":"2020-03-04T00:00:00","updateDate":"2020-03-04T00:00:00","createUserId":"28d1bdea-5e04-11ea-bc55-0242ac130003","updateUserId":"28d1bdea-5e04-11ea-bc55-0242ac130003","subjectTypeId":1,"subjectTypeName":"Избирательные комиссии (ИК)","isUnchecked":"f","isProtected":"t","isDoc":"f","beginDate":"2020-03-04","endDate":"2020-03-04","isActive":true,"kca":null},"subjectLevel":{"createDate":"2020-04-03T00:00:00","updateDate":"2020-04-03T00:00:00","createUserId":"28d1bdea-5e04-11ea-bc55-0242ac130003","updateUserId":"28d1bdea-5e04-11ea-bc55-0242ac130003","subjectLevelId":46,"subjectLevelParent":{"createDate":"2020-04-03T00:00:00","updateDate":"2020-04-03T00:00:00","createUserId":"28d1bdea-5e04-11ea-bc55-0242ac130003","updateUserId":"28d1bdea-5e04-11ea-bc55-0242ac130003","subjectLevelId":45,"subjectLevelParent":{"createDate":"2020-04-03T00:00:00","updateDate":"2020-04-03T00:00:00","createUserId":"28d1bdea-5e04-11ea-bc55-0242ac130003","updateUserId":"28d1bdea-5e04-11ea-bc55-0242ac130003","subjectLevelId":43,"subjectLevelParent":{"createDate":"2020-04-03T00:00:00","updateDate":"2020-04-03T00:00:00","createUserId":"28d1bdea-5e04-11ea-bc55-0242ac130003","updateUserId":"28d1bdea-5e04-11ea-bc55-0242ac130003","subjectLevelId":42,"subjectLevelParent":{"createDate":"2020-04-03T00:00:00","updateDate":"2020-04-03T00:00:00","createUserId":"28d1bdea-5e04-11ea-bc55-0242ac130003","updateUserId":"28d1bdea-5e04-11ea-bc55-0242ac130003","subjectLevelId":41,"subjectLevelParent":null,"beginDate":null,"endDate":null,"isActive":true,"isUnchecked":false,"subjectLevelName":"ЦИК","isProtected":true,"kca":null,"subjectType":{"createDate":"2020-03-04T00:00:00","updateDate":"2020-03-04T00:00:00","createUserId":"28d1bdea-5e04-11ea-bc55-0242ac130003","updateUserId":"28d1bdea-5e04-11ea-bc55-0242ac130003","subjectTypeId":1,"subjectTypeName":"Избирательные комиссии (ИК)","isUnchecked":"f","isProtected":"t","isDoc":"f","beginDate":"2020-03-04","endDate":"2020-03-04","isActive":true,"kca":null},"lvl":1},"beginDate":null,"endDate":null,"isActive":true,"isUnchecked":false,"subjectLevelName":"ИКСРФ","isProtected":true,"kca":null,"subjectType":{"createDate":"2020-03-04T00:00:00","updateDate":"2020-03-04T00:00:00","createUserId":"28d1bdea-5e04-11ea-bc55-0242ac130003","updateUserId":"28d1bdea-5e04-11ea-bc55-0242ac130003","subjectTypeId":1,"subjectTypeName":"Избирательные комиссии (ИК)","isUnchecked":"f","isProtected":"t","isDoc":"f","beginDate":"2020-03-04","endDate":"2020-03-04","isActive":true,"kca":null},"lvl":2},"beginDate":null,"endDate":null,"isActive":true,"isUnchecked":false,"subjectLevelName":"ОИК","isProtected":true,"kca":null,"subjectType":{"createDate":"2020-03-04T00:00:00","updateDate":"2020-03-04T00:00:00","createUserId":"28d1bdea-5e04-11ea-bc55-0242ac130003","updateUserId":"28d1bdea-5e04-11ea-bc55-0242ac130003","subjectTypeId":1,"subjectTypeName":"Избирательные комиссии (ИК)","isUnchecked":"f","isProtected":"t","isDoc":"f","beginDate":"2020-03-04","endDate":"2020-03-04","isActive":true,"kca":null},"lvl":3},"beginDate":null,"endDate":null,"isActive":true,"isUnchecked":false,"subjectLevelName":"ТИК","isProtected":true,"kca":null,"subjectType":{"createDate":"2020-03-04T00:00:00","updateDate":"2020-03-04T00:00:00","createUserId":"28d1bdea-5e04-11ea-bc55-0242ac130003","updateUserId":"28d1bdea-5e04-11ea-bc55-0242ac130003","subjectTypeId":1,"subjectTypeName":"Избирательные комиссии (ИК)","isUnchecked":"f","isProtected":"t","isDoc":"f","beginDate":"2020-03-04","endDate":"2020-03-04","isActive":true,"kca":null},"lvl":4},"beginDate":null,"endDate":null,"isActive":true,"isUnchecked":false,"subjectLevelName":"УИК","isProtected":true,"kca":null,"subjectType":{"createDate":"2020-03-04T00:00:00","updateDate":"2020-03-04T00:00:00","createUserId":"28d1bdea-5e04-11ea-bc55-0242ac130003","updateUserId":"28d1bdea-5e04-11ea-bc55-0242ac130003","subjectTypeId":1,"subjectTypeName":"Избирательные комиссии (ИК)","isUnchecked":"f","isProtected":"t","isDoc":"f","beginDate":"2020-03-04","endDate":"2020-03-04","isActive":true,"kca":null},"lvl":5},"municipalType":null,"electionLevel":null,"subjectRf":{"subjectRfId":21636,"createDate":"1999-12-30","subjectRfName":"Рязанская область","genetiveSName":"Рязанской области","subjectRfCode":"62","subjectRfCenter":"г.Рязань","timeZone":"0.00","host":"@S77.msg.ru","kcaNumber":"62S000","replaceDate":null,"holder":"        ","electComName":"Избирательная комиссия Рязанской области","genetiveEcName":"Избирательной комиссии Рязанской области","fedDistrictCode":"6","mtoCode":null,"subjectRfNumber":null,"electorCount":null,"fciMail":"","parentSubjectRfCode":"","subjectRfType":"","celectComCode":null},"isUnchecked":false,"isProtected":false,"kca":"62T013","subjectFullName":"ЦИК: Избирательные комиссии (ИК) 00C000, ТИК: Избирательные комиссии (ИК) Избирательная комиссия Рязанской области, ТИК: Избирательные комиссии (ИК) Территориальная избирательная комиссия Рыбновского района, УИК: Избирательные комиссии (ИК) Участковая избирательная комиссия №362","lvl":4,"leftCount":null,"rightCount":null,"electionCompanyNameId":null},"nameIk":"Участок №362","vidIk":46,"districtNum":362,"districtType":"постоянный","subjectRf":{"subjectRfId":21636,"createDate":"1999-12-30","subjectRfName":"Рязанская область","genetiveSName":"Рязанской области","subjectRfCode":"62","subjectRfCenter":"г.Рязань","timeZone":"0.00","host":"@S77.msg.ru","kcaNumber":"62S000","replaceDate":null,"holder":"        ","electComName":"Избирательная комиссия Рязанской области","genetiveEcName":"Избирательной комиссии Рязанской области","fedDistrictCode":"6","mtoCode":null,"subjectRfNumber":null,"electorCount":null,"fciMail":"","parentSubjectRfCode":"","subjectRfType":"","celectComCode":null},"vcprTech":"","numbersResId":null,"slicingResId":null,"dateout":null,"notes":"135637827259064320000011354","kca":"62T013","isActual":true,"electorDistrictCategory":{"vrn":100100025537261,"vrnCls":116,"znachatr":"городские","vnkod":"10","sortirovka":1,"prretro":"N         ","prim":"городские участки (избирательные участки, образуемые на территории городских округов, городских поселений и городов федерального значения)","dateadd":"2010-06-10T10:00:00","vnkodok":"","stok":"","dateretro":null,"vrnstok":null},"addressString":"Российская Федерация, Рязанская область, Муниципальное образование - Рыбновский муниципальный район, с. Большое Жоково,  , здание сельского дома культуры"},{"createDate":"2020-09-06T18:38:40.829","updateDate":null,"createUserId":null,"updateUserId":null,"plotsTerritoriesId":9282,"subject":{"createDate":"2020-04-03T00:00:00","updateDate":"2020-04-03T00:00:00","createUserId":"28d1bdea-5e04-11ea-bc55-0242ac130003","updateUserId":"28d1bdea-5e04-11ea-bc55-0242ac130003","subjectId":"7424","subjectGlobalId":"108009","subjectGlobalParentId":"90357","isActual":true,"beginDate":null,"endDate":null,"subjectName":"Участковая избирательная комиссия №363","subjectType":{"createDate":"2020-03-04T00:00:00","updateDate":"2020-03-04T00:00:00","createUserId":"28d1bdea-5e04-11ea-bc55-0242ac130003","updateUserId":"28d1bdea-5e04-11ea-bc55-0242ac130003","subjectTypeId":1,"subjectTypeName":"Избирательные комиссии (ИК)","isUnchecked":"f","isProtected":"t","isDoc":"f","beginDate":"2020-03-04","endDate":"2020-03-04","isActive":true,"kca":null},"subjectLevel":{"createDate":"2020-04-03T00:00:00","updateDate":"2020-04-03T00:00:00","createUserId":"28d1bdea-5e04-11ea-bc55-0242ac130003","updateUserId":"28d1bdea-5e04-11ea-bc55-0242ac130003","subjectLevelId":46,"subjectLevelParent":{"createDate":"2020-04-03T00:00:00","updateDate":"2020-04-03T00:00:00","createUserId":"28d1bdea-5e04-11ea-bc55-0242ac130003","updateUserId":"28d1bdea-5e04-11ea-bc55-0242ac130003","subjectLevelId":45,"subjectLevelParent":{"createDate":"2020-04-03T00:00:00","updateDate":"2020-04-03T00:00:00","createUserId":"28d1bdea-5e04-11ea-bc55-0242ac130003","updateUserId":"28d1bdea-5e04-11ea-bc55-0242ac130003","subjectLevelId":43,"subjectLevelParent":{"createDate":"2020-04-03T00:00:00","updateDate":"2020-04-03T00:00:00","createUserId":"28d1bdea-5e04-11ea-bc55-0242ac130003","updateUserId":"28d1bdea-5e04-11ea-bc55-0242ac130003","subjectLevelId":42,"subjectLevelParent":{"createDate":"2020-04-03T00:00:00","updateDate":"2020-04-03T00:00:00","createUserId":"28d1bdea-5e04-11ea-bc55-0242ac130003","updateUserId":"28d1bdea-5e04-11ea-bc55-0242ac130003","subjectLevelId":41,"subjectLevelParent":null,"beginDate":null,"endDate":null,"isActive":true,"isUnchecked":false,"subjectLevelName":"ЦИК","isProtected":true,"kca":null,"subjectType":{"createDate":"2020-03-04T00:00:00","updateDate":"2020-03-04T00:00:00","createUserId":"28d1bdea-5e04-11ea-bc55-0242ac130003","updateUserId":"28d1bdea-5e04-11ea-bc55-0242ac130003","subjectTypeId":1,"subjectTypeName":"Избирательные комиссии (ИК)","isUnchecked":"f","isProtected":"t","isDoc":"f","beginDate":"2020-03-04","endDate":"2020-03-04","isActive":true,"kca":null},"lvl":1},"beginDate":null,"endDate":null,"isActive":true,"isUnchecked":false,"subjectLevelName":"ИКСРФ","isProtected":true,"kca":null,"subjectType":{"createDate":"2020-03-04T00:00:00","updateDate":"2020-03-04T00:00:00","createUserId":"28d1bdea-5e04-11ea-bc55-0242ac130003","updateUserId":"28d1bdea-5e04-11ea-bc55-0242ac130003","subjectTypeId":1,"subjectTypeName":"Избирательные комиссии (ИК)","isUnchecked":"f","isProtected":"t","isDoc":"f","beginDate":"2020-03-04","endDate":"2020-03-04","isActive":true,"kca":null},"lvl":2},"beginDate":null,"endDate":null,"isActive":true,"isUnchecked":false,"subjectLevelName":"ОИК","isProtected":true,"kca":null,"subjectType":{"createDate":"2020-03-04T00:00:00","updateDate":"2020-03-04T00:00:00","createUserId":"28d1bdea-5e04-11ea-bc55-0242ac130003","updateUserId":"28d1bdea-5e04-11ea-bc55-0242ac130003","subjectTypeId":1,"subjectTypeName":"Избирательные комиссии (ИК)","isUnchecked":"f","isProtected":"t","isDoc":"f","beginDate":"2020-03-04","endDate":"2020-03-04","isActive":true,"kca":null},"lvl":3},"beginDate":null,"endDate":null,"isActive":true,"isUnchecked":false,"subjectLevelName":"ТИК","isProtected":true,"kca":null,"subjectType":{"createDate":"2020-03-04T00:00:00","updateDate":"2020-03-04T00:00:00","createUserId":"28d1bdea-5e04-11ea-bc55-0242ac130003","updateUserId":"28d1bdea-5e04-11ea-bc55-0242ac130003","subjectTypeId":1,"subjectTypeName":"Избирательные комиссии (ИК)","isUnchecked":"f","isProtected":"t","isDoc":"f","beginDate":"2020-03-04","endDate":"2020-03-04","isActive":true,"kca":null},"lvl":4},"beginDate":null,"endDate":null,"isActive":true,"isUnchecked":false,"subjectLevelName":"УИК","isProtected":true,"kca":null,"subjectType":{"createDate":"2020-03-04T00:00:00","updateDate":"2020-03-04T00:00:00","createUserId":"28d1bdea-5e04-11ea-bc55-0242ac130003","updateUserId":"28d1bdea-5e04-11ea-bc55-0242ac130003","subjectTypeId":1,"subjectTypeName":"Избирательные комиссии (ИК)","isUnchecked":"f","isProtected":"t","isDoc":"f","beginDate":"2020-03-04","endDate":"2020-03-04","isActive":true,"kca":null},"lvl":5},"municipalType":null,"electionLevel":null,"subjectRf":{"subjectRfId":21636,"createDate":"1999-12-30","subjectRfName":"Рязанская область","genetiveSName":"Рязанской области","subjectRfCode":"62","subjectRfCenter":"г.Рязань","timeZone":"0.00","host":"@S77.msg.ru","kcaNumber":"62S000","replaceDate":null,"holder":"        ","electComName":"Избирательная комиссия Рязанской области","genetiveEcName":"Избирательной комиссии Рязанской области","fedDistrictCode":"6","mtoCode":null,"subjectRfNumber":null,"electorCount":null,"fciMail":"","parentSubjectRfCode":"","subjectRfType":"","celectComCode":null},"isUnchecked":false,"isProtected":false,"kca":"62T013","subjectFullName":"ЦИК: Избирательные комиссии (ИК) 00C000, ТИК: Избирательные комиссии (ИК) Избирательная комиссия Рязанской области, ТИК: Избирательные комиссии (ИК) Территориальная избирательная комиссия Рыбновского района, УИК: Избирательные комиссии (ИК) Участковая избирательная комиссия №363","lvl":4,"leftCount":null,"rightCount":null,"electionCompanyNameId":null},"nameIk":"Участок №363","vidIk":46,"districtNum":363,"districtType":"постоянный","subjectRf":{"subjectRfId":21636,"createDate":"1999-12-30","subjectRfName":"Рязанская область","genetiveSName":"Рязанской области","subjectRfCode":"62","subjectRfCenter":"г.Рязань","timeZone":"0.00","host":"@S77.msg.ru","kcaNumber":"62S000","replaceDate":null,"holder":"        ","electComName":"Избирательная комиссия Рязанской области","genetiveEcName":"Избирательной комиссии Рязанской области","fedDistrictCode":"6","mtoCode":null,"subjectRfNumber":null,"electorCount":null,"fciMail":"","parentSubjectRfCode":"","subjectRfType":"","celectComCode":null},"vcprTech":"","numbersResId":null,"slicingResId":null,"dateout":null,"notes":"135637827259064320000011354","kca":"62T013","isActual":true,"electorDistrictCategory":{"vrn":100100025537261,"vrnCls":116,"znachatr":"городские","vnkod":"10","sortirovka":1,"prretro":"N         ","prim":"городские участки (избирательные участки, образуемые на территории городских округов, городских поселений и городов федерального значения)","dateadd":"2010-06-10T10:00:00","vnkodok":"","stok":"","dateretro":null,"vrnstok":null},"addressString":"Российская Федерация, Рязанская область, Муниципальное образование - Рыбновский муниципальный район, с. Вакино,  , здание правления ООО \"Вакинское-АГРО\""},{"createDate":"2020-09-06T18:38:40.829","updateDate":null,"createUserId":null,"updateUserId":null,"plotsTerritoriesId":9284,"subject":{"createDate":"2020-04-03T00:00:00","updateDate":"2020-04-03T00:00:00","createUserId":"28d1bdea-5e04-11ea-bc55-0242ac130003","updateUserId":"28d1bdea-5e04-11ea-bc55-0242ac130003","subjectId":"17344","subjectGlobalId":"108010","subjectGlobalParentId":"90357","isActual":true,"beginDate":null,"endDate":null,"subjectName":"Участковая избирательная комиссия №364","subjectType":{"createDate":"2020-03-04T00:00:00","updateDate":"2020-03-04T00:00:00","createUserId":"28d1bdea-5e04-11ea-bc55-0242ac130003","updateUserId":"28d1bdea-5e04-11ea-bc55-0242ac130003","subjectTypeId":1,"subjectTypeName":"Избирательные комиссии (ИК)","isUnchecked":"f","isProtected":"t","isDoc":"f","beginDate":"2020-03-04","endDate":"2020-03-04","isActive":true,"kca":null},"subjectLevel":{"createDate":"2020-04-03T00:00:00","updateDate":"2020-04-03T00:00:00","createUserId":"28d1bdea-5e04-11ea-bc55-0242ac130003","updateUserId":"28d1bdea-5e04-11ea-bc55-0242ac130003","subjectLevelId":46,"subjectLevelParent":{"createDate":"2020-04-03T00:00:00","updateDate":"2020-04-03T00:00:00","createUserId":"28d1bdea-5e04-11ea-bc55-0242ac130003","updateUserId":"28d1bdea-5e04-11ea-bc55-0242ac130003","subjectLevelId":45,"subjectLevelParent":{"createDate":"2020-04-03T00:00:00","updateDate":"2020-04-03T00:00:00","createUserId":"28d1bdea-5e04-11ea-bc55-0242ac130003","updateUserId":"28d1bdea-5e04-11ea-bc55-0242ac130003","subjectLevelId":43,"subjectLevelParent":{"createDate":"2020-04-03T00:00:00","updateDate":"2020-04-03T00:00:00","createUserId":"28d1bdea-5e04-11ea-bc55-0242ac130003","updateUserId":"28d1bdea-5e04-11ea-bc55-0242ac130003","subjectLevelId":42,"subjectLevelParent":{"createDate":"2020-04-03T00:00:00","updateDate":"2020-04-03T00:00:00","createUserId":"28d1bdea-5e04-11ea-bc55-0242ac130003","updateUserId":"28d1bdea-5e04-11ea-bc55-0242ac130003","subjectLevelId":41,"subjectLevelParent":null,"beginDate":null,"endDate":null,"isActive":true,"isUnchecked":false,"subjectLevelName":"ЦИК","isProtected":true,"kca":null,"subjectType":{"createDate":"2020-03-04T00:00:00","updateDate":"2020-03-04T00:00:00","createUserId":"28d1bdea-5e04-11ea-bc55-0242ac130003","updateUserId":"28d1bdea-5e04-11ea-bc55-0242ac130003","subjectTypeId":1,"subjectTypeName":"Избирательные комиссии (ИК)","isUnchecked":"f","isProtected":"t","isDoc":"f","beginDate":"2020-03-04","endDate":"2020-03-04","isActive":true,"kca":null},"lvl":1},"beginDate":null,"endDate":null,"isActive":true,"isUnchecked":false,"subjectLevelName":"ИКСРФ","isProtected":true,"kca":null,"subjectType":{"createDate":"2020-03-04T00:00:00","updateDate":"2020-03-04T00:00:00","createUserId":"28d1bdea-5e04-11ea-bc55-0242ac130003","updateUserId":"28d1bdea-5e04-11ea-bc55-0242ac130003","subjectTypeId":1,"subjectTypeName":"Избирательные комиссии (ИК)","isUnchecked":"f","isProtected":"t","isDoc":"f","beginDate":"2020-03-04","endDate":"2020-03-04","isActive":true,"kca":null},"lvl":2},"beginDate":null,"endDate":null,"isActive":true,"isUnchecked":false,"subjectLevelName":"ОИК","isProtected":true,"kca":null,"subjectType":{"createDate":"2020-03-04T00:00:00","updateDate":"2020-03-04T00:00:00","createUserId":"28d1bdea-5e04-11ea-bc55-0242ac130003","updateUserId":"28d1bdea-5e04-11ea-bc55-0242ac130003","subjectTypeId":1,"subjectTypeName":"Избирательные комиссии (ИК)","isUnchecked":"f","isProtected":"t","isDoc":"f","beginDate":"2020-03-04","endDate":"2020-03-04","isActive":true,"kca":null},"lvl":3},"beginDate":null,"endDate":null,"isActive":true,"isUnchecked":false,"subjectLevelName":"ТИК","isProtected":true,"kca":null,"subjectType":{"createDate":"2020-03-04T00:00:00","updateDate":"2020-03-04T00:00:00","createUserId":"28d1bdea-5e04-11ea-bc55-0242ac130003","updateUserId":"28d1bdea-5e04-11ea-bc55-0242ac130003","subjectTypeId":1,"subjectTypeName":"Избирательные комиссии (ИК)","isUnchecked":"f","isProtected":"t","isDoc":"f","beginDate":"2020-03-04","endDate":"2020-03-04","isActive":true,"kca":null},"lvl":4},"beginDate":null,"endDate":null,"isActive":true,"isUnchecked":false,"subjectLevelName":"УИК","isProtected":true,"kca":null,"subjectType":{"createDate":"2020-03-04T00:00:00","updateDate":"2020-03-04T00:00:00","createUserId":"28d1bdea-5e04-11ea-bc55-0242ac130003","updateUserId":"28d1bdea-5e04-11ea-bc55-0242ac130003","subjectTypeId":1,"subjectTypeName":"Избирательные комиссии (ИК)","isUnchecked":"f","isProtected":"t","isDoc":"f","beginDate":"2020-03-04","endDate":"2020-03-04","isActive":true,"kca":null},"lvl":5},"municipalType":null,"electionLevel":null,"subjectRf":{"subjectRfId":21636,"createDate":"1999-12-30","subjectRfName":"Рязанская область","genetiveSName":"Рязанской области","subjectRfCode":"62","subjectRfCenter":"г.Рязань","timeZone":"0.00","host":"@S77.msg.ru","kcaNumber":"62S000","replaceDate":null,"holder":"        ","electComName":"Избирательная комиссия Рязанской области","genetiveEcName":"Избирательной комиссии Рязанской области","fedDistrictCode":"6","mtoCode":null,"subjectRfNumber":null,"electorCount":null,"fciMail":"","parentSubjectRfCode":"","subjectRfType":"","celectComCode":null},"isUnchecked":false,"isProtected":false,"kca":"62T013","subjectFullName":"ЦИК: Избирательные комиссии (ИК) 00C000, ТИК: Избирательные комиссии (ИК) Избирательная комиссия Рязанской области, ТИК: Избирательные комиссии (ИК) Территориальная избирательная комиссия Рыбновского района, УИК: Избирательные комиссии (ИК) Участковая избирательная комиссия №364","lvl":4,"leftCount":null,"rightCount":null,"electionCompanyNameId":null},"nameIk":"Участок №364","vidIk":46,"districtNum":364,"districtType":"постоянный","subjectRf":{"subjectRfId":21636,"createDate":"1999-12-30","subjectRfName":"Рязанская область","genetiveSName":"Рязанской области","subjectRfCode":"62","subjectRfCenter":"г.Рязань","timeZone":"0.00","host":"@S77.msg.ru","kcaNumber":"62S000","replaceDate":null,"holder":"        ","electComName":"Избирательная комиссия Рязанской области","genetiveEcName":"Избирательной комиссии Рязанской области","fedDistrictCode":"6","mtoCode":null,"subjectRfNumber":null,"electorCount":null,"fciMail":"","parentSubjectRfCode":"","subjectRfType":"","celectComCode":null},"vcprTech":"","numbersResId":null,"slicingResId":null,"dateout":null,"notes":"135637827259064320000011354","kca":"62T013","isActual":true,"electorDistrictCategory":{"vrn":100100025537261,"vrnCls":116,"znachatr":"городские","vnkod":"10","sortirovka":1,"prretro":"N         ","prim":"городские участки (избирательные участки, образуемые на территории городских округов, городских поселений и городов федерального значения)","dateadd":"2010-06-10T10:00:00","vnkodok":"","stok":"","dateretro":null,"vrnstok":null},"addressString":"Российская Федерация, Рязанская область, Муниципальное образование - Рыбновский муниципальный район, п. Глебково,  , здание сельского дома культуры"},{"createDate":"2020-09-06T18:38:40.829","updateDate":null,"createUserId":null,"updateUserId":null,"plotsTerritoriesId":9286,"subject":{"createDate":"2020-04-03T00:00:00","updateDate":"2020-04-03T00:00:00","createUserId":"28d1bdea-5e04-11ea-bc55-0242ac130003","updateUserId":"28d1bdea-5e04-11ea-bc55-0242ac130003","subjectId":"3845","subjectGlobalId":"108011","subjectGlobalParentId":"90357","isActual":true,"beginDate":null,"endDate":null,"subjectName":"Участковая избирательная комиссия №365","subjectType":{"createDate":"2020-03-04T00:00:00","updateDate":"2020-03-04T00:00:00","createUserId":"28d1bdea-5e04-11ea-bc55-0242ac130003","updateUserId":"28d1bdea-5e04-11ea-bc55-0242ac130003","subjectTypeId":1,"subjectTypeName":"Избирательные комиссии (ИК)","isUnchecked":"f","isProtected":"t","isDoc":"f","beginDate":"2020-03-04","endDate":"2020-03-04","isActive":true,"kca":null},"subjectLevel":{"createDate":"2020-04-03T00:00:00","updateDate":"2020-04-03T00:00:00","createUserId":"28d1bdea-5e04-11ea-bc55-0242ac130003","updateUserId":"28d1bdea-5e04-11ea-bc55-0242ac130003","subjectLevelId":46,"subjectLevelParent":{"createDate":"2020-04-03T00:00:00","updateDate":"2020-04-03T00:00:00","createUserId":"28d1bdea-5e04-11ea-bc55-0242ac130003","updateUserId":"28d1bdea-5e04-11ea-bc55-0242ac130003","subjectLevelId":45,"subjectLevelParent":{"createDate":"2020-04-03T00:00:00","updateDate":"2020-04-03T00:00:00","createUserId":"28d1bdea-5e04-11ea-bc55-0242ac130003","updateUserId":"28d1bdea-5e04-11ea-bc55-0242ac130003","subjectLevelId":43,"subjectLevelParent":{"createDate":"2020-04-03T00:00:00","updateDate":"2020-04-03T00:00:00","createUserId":"28d1bdea-5e04-11ea-bc55-0242ac130003","updateUserId":"28d1bdea-5e04-11ea-bc55-0242ac130003","subjectLevelId":42,"subjectLevelParent":{"createDate":"2020-04-03T00:00:00","updateDate":"2020-04-03T00:00:00","createUserId":"28d1bdea-5e04-11ea-bc55-0242ac130003","updateUserId":"28d1bdea-5e04-11ea-bc55-0242ac130003","subjectLevelId":41,"subjectLevelParent":null,"beginDate":null,"endDate":null,"isActive":true,"isUnchecked":false,"subjectLevelName":"ЦИК","isProtected":true,"kca":null,"subjectType":{"createDate":"2020-03-04T00:00:00","updateDate":"2020-03-04T00:00:00","createUserId":"28d1bdea-5e04-11ea-bc55-0242ac130003","updateUserId":"28d1bdea-5e04-11ea-bc55-0242ac130003","subjectTypeId":1,"subjectTypeName":"Избирательные комиссии (ИК)","isUnchecked":"f","isProtected":"t","isDoc":"f","beginDate":"2020-03-04","endDate":"2020-03-04","isActive":true,"kca":null},"lvl":1},"beginDate":null,"endDate":null,"isActive":true,"isUnchecked":false,"subjectLevelName":"ИКСРФ","isProtected":true,"kca":null,"subjectType":{"createDate":"2020-03-04T00:00:00","updateDate":"2020-03-04T00:00:00","createUserId":"28d1bdea-5e04-11ea-bc55-0242ac130003","updateUserId":"28d1bdea-5e04-11ea-bc55-0242ac130003","subjectTypeId":1,"subjectTypeName":"Избирательные комиссии (ИК)","isUnchecked":"f","isProtected":"t","isDoc":"f","beginDate":"2020-03-04","endDate":"2020-03-04","isActive":true,"kca":null},"lvl":2},"beginDate":null,"endDate":null,"isActive":true,"isUnchecked":false,"subjectLevelName":"ОИК","isProtected":true,"kca":null,"subjectType":{"createDate":"2020-03-04T00:00:00","updateDate":"2020-03-04T00:00:00","createUserId":"28d1bdea-5e04-11ea-bc55-0242ac130003","updateUserId":"28d1bdea-5e04-11ea-bc55-0242ac130003","subjectTypeId":1,"subjectTypeName":"Избирательные комиссии (ИК)","isUnchecked":"f","isProtected":"t","isDoc":"f","beginDate":"2020-03-04","endDate":"2020-03-04","isActive":true,"kca":null},"lvl":3},"beginDate":null,"endDate":null,"isActive":true,"isUnchecked":false,"subjectLevelName":"ТИК","isProtected":true,"kca":null,"subjectType":{"createDate":"2020-03-04T00:00:00","updateDate":"2020-03-04T00:00:00","createUserId":"28d1bdea-5e04-11ea-bc55-0242ac130003","updateUserId":"28d1bdea-5e04-11ea-bc55-0242ac130003","subjectTypeId":1,"subjectTypeName":"Избирательные комиссии (ИК)","isUnchecked":"f","isProtected":"t","isDoc":"f","beginDate":"2020-03-04","endDate":"2020-03-04","isActive":true,"kca":null},"lvl":4},"beginDate":null,"endDate":null,"isActive":true,"isUnchecked":false,"subjectLevelName":"УИК","isProtected":true,"kca":null,"subjectType":{"createDate":"2020-03-04T00:00:00","updateDate":"2020-03-04T00:00:00","createUserId":"28d1bdea-5e04-11ea-bc55-0242ac130003","updateUserId":"28d1bdea-5e04-11ea-bc55-0242ac130003","subjectTypeId":1,"subjectTypeName":"Избирательные комиссии (ИК)","isUnchecked":"f","isProtected":"t","isDoc":"f","beginDate":"2020-03-04","endDate":"2020-03-04","isActive":true,"kca":null},"lvl":5},"municipalType":null,"electionLevel":null,"subjectRf":{"subjectRfId":21636,"createDate":"1999-12-30","subjectRfName":"Рязанская область","genetiveSName":"Рязанской области","subjectRfCode":"62","subjectRfCenter":"г.Рязань","timeZone":"0.00","host":"@S77.msg.ru","kcaNumber":"62S000","replaceDate":null,"holder":"        ","electComName":"Избирательная комиссия Рязанской области","genetiveEcName":"Избирательной комиссии Рязанской области","fedDistrictCode":"6","mtoCode":null,"subjectRfNumber":null,"electorCount":null,"fciMail":"","parentSubjectRfCode":"","subjectRfType":"","celectComCode":null},"isUnchecked":false,"isProtected":false,"kca":"62T013","subjectFullName":"ЦИК: Избирательные комиссии (ИК) 00C000, ТИК: Избирательные комиссии (ИК) Избирательная комиссия Рязанской области, ТИК: Избирательные комиссии (ИК) Территориальная избирательная комиссия Рыбновского района, УИК: Избирательные комиссии (ИК) Участковая избирательная комиссия №365","lvl":4,"leftCount":null,"rightCount":null,"electionCompanyNameId":null},"nameIk":"Участок №365","vidIk":46,"districtNum":365,"districtType":"постоянный","subjectRf":{"subjectRfId":21636,"createDate":"1999-12-30","subjectRfName":"Рязанская область","genetiveSName":"Рязанской области","subjectRfCode":"62","subjectRfCenter":"г.Рязань","timeZone":"0.00","host":"@S77.msg.ru","kcaNumber":"62S000","replaceDate":null,"holder":"        ","electComName":"Избирательная комиссия Рязанской области","genetiveEcName":"Избирательной комиссии Рязанской области","fedDistrictCode":"6","mtoCode":null,"subjectRfNumber":null,"electorCount":null,"fciMail":"","parentSubjectRfCode":"","subjectRfType":"","celectComCode":null},"vcprTech":"","numbersResId":null,"slicingResId":null,"dateout":null,"notes":"135637827259064320000011354","kca":"62T013","isActual":true,"electorDistrictCategory":{"vrn":100100025537261,"vrnCls":116,"znachatr":"городские","vnkod":"10","sortirovka":1,"prretro":"N         ","prim":"городские участки (избирательные участки, образуемые на территории городских округов, городских поселений и городов федерального значения)","dateadd":"2010-06-10T10:00:00","vnkodok":"","stok":"","dateretro":null,"vrnstok":null},"addressString":"Российская Федерация, Рязанская область, Муниципальное образование - Рыбновский муниципальный район,  с. Истобники, ул. Лесная, д. 3 административное здание"},{"createDate":"2020-09-06T18:38:40.829","updateDate":null,"createUserId":null,"updateUserId":null,"plotsTerritoriesId":9289,"subject":{"createDate":"2020-04-03T00:00:00","updateDate":"2020-04-03T00:00:00","createUserId":"28d1bdea-5e04-11ea-bc55-0242ac130003","updateUserId":"28d1bdea-5e04-11ea-bc55-0242ac130003","subjectId":"14823","subjectGlobalId":"108012","subjectGlobalParentId":"90357","isActual":true,"beginDate":null,"endDate":null,"subjectName":"Участковая избирательная комиссия №366","subjectType":{"createDate":"2020-03-04T00:00:00","updateDate":"2020-03-04T00:00:00","createUserId":"28d1bdea-5e04-11ea-bc55-0242ac130003","updateUserId":"28d1bdea-5e04-11ea-bc55-0242ac130003","subjectTypeId":1,"subjectTypeName":"Избирательные комиссии (ИК)","isUnchecked":"f","isProtected":"t","isDoc":"f","beginDate":"2020-03-04","endDate":"2020-03-04","isActive":true,"kca":null},"subjectLevel":{"createDate":"2020-04-03T00:00:00","updateDate":"2020-04-03T00:00:00","createUserId":"28d1bdea-5e04-11ea-bc55-0242ac130003","updateUserId":"28d1bdea-5e04-11ea-bc55-0242ac130003","subjectLevelId":46,"subjectLevelParent":{"createDate":"2020-04-03T00:00:00","updateDate":"2020-04-03T00:00:00","createUserId":"28d1bdea-5e04-11ea-bc55-0242ac130003","updateUserId":"28d1bdea-5e04-11ea-bc55-0242ac130003","subjectLevelId":45,"subjectLevelParent":{"createDate":"2020-04-03T00:00:00","updateDate":"2020-04-03T00:00:00","createUserId":"28d1bdea-5e04-11ea-bc55-0242ac130003","updateUserId":"28d1bdea-5e04-11ea-bc55-0242ac130003","subjectLevelId":43,"subjectLevelParent":{"createDate":"2020-04-03T00:00:00","updateDate":"2020-04-03T00:00:00","createUserId":"28d1bdea-5e04-11ea-bc55-0242ac130003","updateUserId":"28d1bdea-5e04-11ea-bc55-0242ac130003","subjectLevelId":42,"subjectLevelParent":{"createDate":"2020-04-03T00:00:00","updateDate":"2020-04-03T00:00:00","createUserId":"28d1bdea-5e04-11ea-bc55-0242ac130003","updateUserId":"28d1bdea-5e04-11ea-bc55-0242ac130003","subjectLevelId":41,"subjectLevelParent":null,"beginDate":null,"endDate":null,"isActive":true,"isUnchecked":false,"subjectLevelName":"ЦИК","isProtected":true,"kca":null,"subjectType":{"createDate":"2020-03-04T00:00:00","updateDate":"2020-03-04T00:00:00","createUserId":"28d1bdea-5e04-11ea-bc55-0242ac130003","updateUserId":"28d1bdea-5e04-11ea-bc55-0242ac130003","subjectTypeId":1,"subjectTypeName":"Избирательные комиссии (ИК)","isUnchecked":"f","isProtected":"t","isDoc":"f","beginDate":"2020-03-04","endDate":"2020-03-04","isActive":true,"kca":null},"lvl":1},"beginDate":null,"endDate":null,"isActive":true,"isUnchecked":false,"subjectLevelName":"ИКСРФ","isProtected":true,"kca":null,"subjectType":{"createDate":"2020-03-04T00:00:00","updateDate":"2020-03-04T00:00:00","createUserId":"28d1bdea-5e04-11ea-bc55-0242ac130003","updateUserId":"28d1bdea-5e04-11ea-bc55-0242ac130003","subjectTypeId":1,"subjectTypeName":"Избирательные комиссии (ИК)","isUnchecked":"f","isProtected":"t","isDoc":"f","beginDate":"2020-03-04","endDate":"2020-03-04","isActive":true,"kca":null},"lvl":2},"beginDate":null,"endDate":null,"isActive":true,"isUnchecked":false,"subjectLevelName":"ОИК","isProtected":true,"kca":null,"subjectType":{"createDate":"2020-03-04T00:00:00","updateDate":"2020-03-04T00:00:00","createUserId":"28d1bdea-5e04-11ea-bc55-0242ac130003","updateUserId":"28d1bdea-5e04-11ea-bc55-0242ac130003","subjectTypeId":1,"subjectTypeName":"Избирательные комиссии (ИК)","isUnchecked":"f","isProtected":"t","isDoc":"f","beginDate":"2020-03-04","endDate":"2020-03-04","isActive":true,"kca":null},"lvl":3},"beginDate":null,"endDate":null,"isActive":true,"isUnchecked":false,"subjectLevelName":"ТИК","isProtected":true,"kca":null,"subjectType":{"createDate":"2020-03-04T00:00:00","updateDate":"2020-03-04T00:00:00","createUserId":"28d1bdea-5e04-11ea-bc55-0242ac130003","updateUserId":"28d1bdea-5e04-11ea-bc55-0242ac130003","subjectTypeId":1,"subjectTypeName":"Избирательные комиссии (ИК)","isUnchecked":"f","isProtected":"t","isDoc":"f","beginDate":"2020-03-04","endDate":"2020-03-04","isActive":true,"kca":null},"lvl":4},"beginDate":null,"endDate":null,"isActive":true,"isUnchecked":false,"subjectLevelName":"УИК","isProtected":true,"kca":null,"subjectType":{"createDate":"2020-03-04T00:00:00","updateDate":"2020-03-04T00:00:00","createUserId":"28d1bdea-5e04-11ea-bc55-0242ac130003","updateUserId":"28d1bdea-5e04-11ea-bc55-0242ac130003","subjectTypeId":1,"subjectTypeName":"Избирательные комиссии (ИК)","isUnchecked":"f","isProtected":"t","isDoc":"f","beginDate":"2020-03-04","endDate":"2020-03-04","isActive":true,"kca":null},"lvl":5},"municipalType":null,"electionLevel":null,"subjectRf":{"subjectRfId":21636,"createDate":"1999-12-30","subjectRfName":"Рязанская область","genetiveSName":"Рязанской области","subjectRfCode":"62","subjectRfCenter":"г.Рязань","timeZone":"0.00","host":"@S77.msg.ru","kcaNumber":"62S000","replaceDate":null,"holder":"        ","electComName":"Избирательная комиссия Рязанской области","genetiveEcName":"Избирательной комиссии Рязанской области","fedDistrictCode":"6","mtoCode":null,"subjectRfNumber":null,"electorCount":null,"fciMail":"","parentSubjectRfCode":"","subjectRfType":"","celectComCode":null},"isUnchecked":false,"isProtected":false,"kca":"62T013","subjectFullName":"ЦИК: Избирательные комиссии (ИК) 00C000, ТИК: Избирательные комиссии (ИК) Избирательная комиссия Рязанской области, ТИК: Избирательные комиссии (ИК) Территориальная избирательная комиссия Рыбновского района, УИК: Избирательные комиссии (ИК) Участковая избирательная комиссия №366","lvl":4,"leftCount":null,"rightCount":null,"electionCompanyNameId":null},"nameIk":"Участок №366","vidIk":46,"districtNum":366,"districtType":"постоянный","subjectRf":{"subjectRfId":21636,"createDate":"1999-12-30","subjectRfName":"Рязанская область","genetiveSName":"Рязанской области","subjectRfCode":"62","subjectRfCenter":"г.Рязань","timeZone":"0.00","host":"@S77.msg.ru","kcaNumber":"62S000","replaceDate":null,"holder":"        ","electComName":"Избирательная комиссия Рязанской области","genetiveEcName":"Избирательной комиссии Рязанской области","fedDistrictCode":"6","mtoCode":null,"subjectRfNumber":null,"electorCount":null,"fciMail":"","parentSubjectRfCode":"","subjectRfType":"","celectComCode":null},"vcprTech":"","numbersResId":null,"slicingResId":null,"dateout":null,"notes":"135637827259064320000011354","kca":"62T013","isActual":true,"electorDistrictCategory":{"vrn":100100025537261,"vrnCls":116,"znachatr":"городские","vnkod":"10","sortirovka":1,"prretro":"N         ","prim":"городские участки (избирательные участки, образуемые на территории городских округов, городских поселений и городов федерального значения)","dateadd":"2010-06-10T10:00:00","vnkodok":"","stok":"","dateretro":null,"vrnstok":null},"addressString":"Российская Федерация, Рязанская область, Муниципальное образование - Рыбновский муниципальный район,  с. Летово, ул, д. 11 административное здание"},{"createDate":"2020-09-06T18:38:40.829","updateDate":null,"createUserId":null,"updateUserId":null,"plotsTerritoriesId":9292,"subject":{"createDate":"2020-04-03T00:00:00","updateDate":"2020-04-03T00:00:00","createUserId":"28d1bdea-5e04-11ea-bc55-0242ac130003","updateUserId":"28d1bdea-5e04-11ea-bc55-0242ac130003","subjectId":"3846","subjectGlobalId":"108013","subjectGlobalParentId":"90357","isActual":true,"beginDate":null,"endDate":null,"subjectName":"Участковая избирательная комиссия №367","subjectType":{"createDate":"2020-03-04T00:00:00","updateDate":"2020-03-04T00:00:00","createUserId":"28d1bdea-5e04-11ea-bc55-0242ac130003","updateUserId":"28d1bdea-5e04-11ea-bc55-0242ac130003","subjectTypeId":1,"subjectTypeName":"Избирательные комиссии (ИК)","isUnchecked":"f","isProtected":"t","isDoc":"f","beginDate":"2020-03-04","endDate":"2020-03-04","isActive":true,"kca":null},"subjectLevel":{"createDate":"2020-04-03T00:00:00","updateDate":"2020-04-03T00:00:00","createUserId":"28d1bdea-5e04-11ea-bc55-0242ac130003","updateUserId":"28d1bdea-5e04-11ea-bc55-0242ac130003","subjectLevelId":46,"subjectLevelParent":{"createDate":"2020-04-03T00:00:00","updateDate":"2020-04-03T00:00:00","createUserId":"28d1bdea-5e04-11ea-bc55-0242ac130003","updateUserId":"28d1bdea-5e04-11ea-bc55-0242ac130003","subjectLevelId":45,"subjectLevelParent":{"createDate":"2020-04-03T00:00:00","updateDate":"2020-04-03T00:00:00","createUserId":"28d1bdea-5e04-11ea-bc55-0242ac130003","updateUserId":"28d1bdea-5e04-11ea-bc55-0242ac130003","subjectLevelId":43,"subjectLevelParent":{"createDate":"2020-04-03T00:00:00","updateDate":"2020-04-03T00:00:00","createUserId":"28d1bdea-5e04-11ea-bc55-0242ac130003","updateUserId":"28d1bdea-5e04-11ea-bc55-0242ac130003","subjectLevelId":42,"subjectLevelParent":{"createDate":"2020-04-03T00:00:00","updateDate":"2020-04-03T00:00:00","createUserId":"28d1bdea-5e04-11ea-bc55-0242ac130003","updateUserId":"28d1bdea-5e04-11ea-bc55-0242ac130003","subjectLevelId":41,"subjectLevelParent":null,"beginDate":null,"endDate":null,"isActive":true,"isUnchecked":false,"subjectLevelName":"ЦИК","isProtected":true,"kca":null,"subjectType":{"createDate":"2020-03-04T00:00:00","updateDate":"2020-03-04T00:00:00","createUserId":"28d1bdea-5e04-11ea-bc55-0242ac130003","updateUserId":"28d1bdea-5e04-11ea-bc55-0242ac130003","subjectTypeId":1,"subjectTypeName":"Избирательные комиссии (ИК)","isUnchecked":"f","isProtected":"t","isDoc":"f","beginDate":"2020-03-04","endDate":"2020-03-04","isActive":true,"kca":null},"lvl":1},"beginDate":null,"endDate":null,"isActive":true,"isUnchecked":false,"subjectLevelName":"ИКСРФ","isProtected":true,"kca":null,"subjectType":{"createDate":"2020-03-04T00:00:00","updateDate":"2020-03-04T00:00:00","createUserId":"28d1bdea-5e04-11ea-bc55-0242ac130003","updateUserId":"28d1bdea-5e04-11ea-bc55-0242ac130003","subjectTypeId":1,"subjectTypeName":"Избирательные комиссии (ИК)","isUnchecked":"f","isProtected":"t","isDoc":"f","beginDate":"2020-03-04","endDate":"2020-03-04","isActive":true,"kca":null},"lvl":2},"beginDate":null,"endDate":null,"isActive":true,"isUnchecked":false,"subjectLevelName":"ОИК","isProtected":true,"kca":null,"subjectType":{"createDate":"2020-03-04T00:00:00","updateDate":"2020-03-04T00:00:00","createUserId":"28d1bdea-5e04-11ea-bc55-0242ac130003","updateUserId":"28d1bdea-5e04-11ea-bc55-0242ac130003","subjectTypeId":1,"subjectTypeName":"Избирательные комиссии (ИК)","isUnchecked":"f","isProtected":"t","isDoc":"f","beginDate":"2020-03-04","endDate":"2020-03-04","isActive":true,"kca":null},"lvl":3},"beginDate":null,"endDate":null,"isActive":true,"isUnchecked":false,"subjectLevelName":"ТИК","isProtected":true,"kca":null,"subjectType":{"createDate":"2020-03-04T00:00:00","updateDate":"2020-03-04T00:00:00","createUserId":"28d1bdea-5e04-11ea-bc55-0242ac130003","updateUserId":"28d1bdea-5e04-11ea-bc55-0242ac130003","subjectTypeId":1,"subjectTypeName":"Избирательные комиссии (ИК)","isUnchecked":"f","isProtected":"t","isDoc":"f","beginDate":"2020-03-04","endDate":"2020-03-04","isActive":true,"kca":null},"lvl":4},"beginDate":null,"endDate":null,"isActive":true,"isUnchecked":false,"subjectLevelName":"УИК","isProtected":true,"kca":null,"subjectType":{"createDate":"2020-03-04T00:00:00","updateDate":"2020-03-04T00:00:00","createUserId":"28d1bdea-5e04-11ea-bc55-0242ac130003","updateUserId":"28d1bdea-5e04-11ea-bc55-0242ac130003","subjectTypeId":1,"subjectTypeName":"Избирательные комиссии (ИК)","isUnchecked":"f","isProtected":"t","isDoc":"f","beginDate":"2020-03-04","endDate":"2020-03-04","isActive":true,"kca":null},"lvl":5},"municipalType":null,"electionLevel":null,"subjectRf":{"subjectRfId":21636,"createDate":"1999-12-30","subjectRfName":"Рязанская область","genetiveSName":"Рязанской области","subjectRfCode":"62","subjectRfCenter":"г.Рязань","timeZone":"0.00","host":"@S77.msg.ru","kcaNumber":"62S000","replaceDate":null,"holder":"        ","electComName":"Избирательная комиссия Рязанской области","genetiveEcName":"Избирательной комиссии Рязанской области","fedDistrictCode":"6","mtoCode":null,"subjectRfNumber":null,"electorCount":null,"fciMail":"","parentSubjectRfCode":"","subjectRfType":"","celectComCode":null},"isUnchecked":false,"isProtected":false,"kca":"62T013","subjectFullName":"ЦИК: Избирательные комиссии (ИК) 00C000, ТИК: Избирательные комиссии (ИК) Избирательная комиссия Рязанской области, ТИК: Избирательные комиссии (ИК) Территориальная избирательная комиссия Рыбновского района, УИК: Избирательные комиссии (ИК) Участковая избирательная комиссия №367","lvl":4,"leftCount":null,"rightCount":null,"electionCompanyNameId":null},"nameIk":"Участок №367","vidIk":46,"districtNum":367,"districtType":"постоянный","subjectRf":{"subjectRfId":21636,"createDate":"1999-12-30","subjectRfName":"Рязанская область","genetiveSName":"Рязанской области","subjectRfCode":"62","subjectRfCenter":"г.Рязань","timeZone":"0.00","host":"@S77.msg.ru","kcaNumber":"62S000","replaceDate":null,"holder":"        ","electComName":"Избирательная комиссия Рязанской области","genetiveEcName":"Избирательной комиссии Рязанской области","fedDistrictCode":"6","mtoCode":null,"subjectRfNumber":null,"electorCount":null,"fciMail":"","parentSubjectRfCode":"","subjectRfType":"","celectComCode":null},"vcprTech":"","numbersResId":null,"slicingResId":null,"dateout":null,"notes":"135637827259064320000011354","kca":"62T013","isActual":true,"electorDistrictCategory":{"vrn":100100025537261,"vrnCls":116,"znachatr":"городские","vnkod":"10","sortirovka":1,"prretro":"N         ","prim":"городские участки (избирательные участки, образуемые на территории городских округов, городских поселений и городов федерального значения)","dateadd":"2010-06-10T10:00:00","vnkodok":"","stok":"","dateretro":null,"vrnstok":null},"addressString":"Российская Федерация, Рязанская область, Муниципальное образование - Рыбновский муниципальный район,  с.  Житово, ул, здание сельского дома культуры"},{"createDate":"2020-09-06T18:38:40.829","updateDate":null,"createUserId":null,"updateUserId":null,"plotsTerritoriesId":9295,"subject":{"createDate":"2020-04-03T00:00:00","updateDate":"2020-04-03T00:00:00","createUserId":"28d1bdea-5e04-11ea-bc55-0242ac130003","updateUserId":"28d1bdea-5e04-11ea-bc55-0242ac130003","subjectId":"16470","subjectGlobalId":"108014","subjectGlobalParentId":"90357","isActual":true,"beginDate":null,"endDate":null,"subjectName":"Участковая избирательная комиссия №368","subjectType":{"createDate":"2020-03-04T00:00:00","updateDate":"2020-03-04T00:00:00","createUserId":"28d1bdea-5e04-11ea-bc55-0242ac130003","updateUserId":"28d1bdea-5e04-11ea-bc55-0242ac130003","subjectTypeId":1,"subjectTypeName":"Избирательные комиссии (ИК)","isUnchecked":"f","isProtected":"t","isDoc":"f","beginDate":"2020-03-04","endDate":"2020-03-04","isActive":true,"kca":null},"subjectLevel":{"createDate":"2020-04-03T00:00:00","updateDate":"2020-04-03T00:00:00","createUserId":"28d1bdea-5e04-11ea-bc55-0242ac130003","updateUserId":"28d1bdea-5e04-11ea-bc55-0242ac130003","subjectLevelId":46,"subjectLevelParent":{"createDate":"2020-04-03T00:00:00","updateDate":"2020-04-03T00:00:00","createUserId":"28d1bdea-5e04-11ea-bc55-0242ac130003","updateUserId":"28d1bdea-5e04-11ea-bc55-0242ac130003","subjectLevelId":45,"subjectLevelParent":{"createDate":"2020-04-03T00:00:00","updateDate":"2020-04-03T00:00:00","createUserId":"28d1bdea-5e04-11ea-bc55-0242ac130003","updateUserId":"28d1bdea-5e04-11ea-bc55-0242ac130003","subjectLevelId":43,"subjectLevelParent":{"createDate":"2020-04-03T00:00:00","updateDate":"2020-04-03T00:00:00","createUserId":"28d1bdea-5e04-11ea-bc55-0242ac130003","updateUserId":"28d1bdea-5e04-11ea-bc55-0242ac130003","subjectLevelId":42,"subjectLevelParent":{"createDate":"2020-04-03T00:00:00","updateDate":"2020-04-03T00:00:00","createUserId":"28d1bdea-5e04-11ea-bc55-0242ac130003","updateUserId":"28d1bdea-5e04-11ea-bc55-0242ac130003","subjectLevelId":41,"subjectLevelParent":null,"beginDate":null,"endDate":null,"isActive":true,"isUnchecked":false,"subjectLevelName":"ЦИК","isProtected":true,"kca":null,"subjectType":{"createDate":"2020-03-04T00:00:00","updateDate":"2020-03-04T00:00:00","createUserId":"28d1bdea-5e04-11ea-bc55-0242ac130003","updateUserId":"28d1bdea-5e04-11ea-bc55-0242ac130003","subjectTypeId":1,"subjectTypeName":"Избирательные комиссии (ИК)","isUnchecked":"f","isProtected":"t","isDoc":"f","beginDate":"2020-03-04","endDate":"2020-03-04","isActive":true,"kca":null},"lvl":1},"beginDate":null,"endDate":null,"isActive":true,"isUnchecked":false,"subjectLevelName":"ИКСРФ","isProtected":true,"kca":null,"subjectType":{"createDate":"2020-03-04T00:00:00","updateDate":"2020-03-04T00:00:00","createUserId":"28d1bdea-5e04-11ea-bc55-0242ac130003","updateUserId":"28d1bdea-5e04-11ea-bc55-0242ac130003","subjectTypeId":1,"subjectTypeName":"Избирательные комиссии (ИК)","isUnchecked":"f","isProtected":"t","isDoc":"f","beginDate":"2020-03-04","endDate":"2020-03-04","isActive":true,"kca":null},"lvl":2},"beginDate":null,"endDate":null,"isActive":true,"isUnchecked":false,"subjectLevelName":"ОИК","isProtected":true,"kca":null,"subjectType":{"createDate":"2020-03-04T00:00:00","updateDate":"2020-03-04T00:00:00","createUserId":"28d1bdea-5e04-11ea-bc55-0242ac130003","updateUserId":"28d1bdea-5e04-11ea-bc55-0242ac130003","subjectTypeId":1,"subjectTypeName":"Избирательные комиссии (ИК)","isUnchecked":"f","isProtected":"t","isDoc":"f","beginDate":"2020-03-04","endDate":"2020-03-04","isActive":true,"kca":null},"lvl":3},"beginDate":null,"endDate":null,"isActive":true,"isUnchecked":false,"subjectLevelName":"ТИК","isProtected":true,"kca":null,"subjectType":{"createDate":"2020-03-04T00:00:00","updateDate":"2020-03-04T00:00:00","createUserId":"28d1bdea-5e04-11ea-bc55-0242ac130003","updateUserId":"28d1bdea-5e04-11ea-bc55-0242ac130003","subjectTypeId":1,"subjectTypeName":"Избирательные комиссии (ИК)","isUnchecked":"f","isProtected":"t","isDoc":"f","beginDate":"2020-03-04","endDate":"2020-03-04","isActive":true,"kca":null},"lvl":4},"beginDate":null,"endDate":null,"isActive":true,"isUnchecked":false,"subjectLevelName":"УИК","isProtected":true,"kca":null,"subjectType":{"createDate":"2020-03-04T00:00:00","updateDate":"2020-03-04T00:00:00","createUserId":"28d1bdea-5e04-11ea-bc55-0242ac130003","updateUserId":"28d1bdea-5e04-11ea-bc55-0242ac130003","subjectTypeId":1,"subjectTypeName":"Избирательные комиссии (ИК)","isUnchecked":"f","isProtected":"t","isDoc":"f","beginDate":"2020-03-04","endDate":"2020-03-04","isActive":true,"kca":null},"lvl":5},"municipalType":null,"electionLevel":null,"subjectRf":{"subjectRfId":21636,"createDate":"1999-12-30","subjectRfName":"Рязанская область","genetiveSName":"Рязанской области","subjectRfCode":"62","subjectRfCenter":"г.Рязань","timeZone":"0.00","host":"@S77.msg.ru","kcaNumber":"62S000","replaceDate":null,"holder":"        ","electComName":"Избирательная комиссия Рязанской области","genetiveEcName":"Избирательной комиссии Рязанской области","fedDistrictCode":"6","mtoCode":null,"subjectRfNumber":null,"electorCount":null,"fciMail":"","parentSubjectRfCode":"","subjectRfType":"","celectComCode":null},"isUnchecked":false,"isProtected":false,"kca":"62T013","subjectFullName":"ЦИК: Избирательные комиссии (ИК) 00C000, ТИК: Избирательные комиссии (ИК) Избирательная комиссия Рязанской области, ТИК: Избирательные комиссии (ИК) Территориальная избирательная комиссия Рыбновского района, УИК: Избирательные комиссии (ИК) Участковая избирательная комиссия №368","lvl":4,"leftCount":null,"rightCount":null,"electionCompanyNameId":null},"nameIk":"Участок №368","vidIk":46,"districtNum":368,"districtType":"постоянный","subjectRf":{"subjectRfId":21636,"createDate":"1999-12-30","subjectRfName":"Рязанская область","genetiveSName":"Рязанской области","subjectRfCode":"62","subjectRfCenter":"г.Рязань","timeZone":"0.00","host":"@S77.msg.ru","kcaNumber":"62S000","replaceDate":null,"holder":"        ","electComName":"Избирательная комиссия Рязанской области","genetiveEcName":"Избирательной комиссии Рязанской области","fedDistrictCode":"6","mtoCode":null,"subjectRfNumber":null,"electorCount":null,"fciMail":"","parentSubjectRfCode":"","subjectRfType":"","celectComCode":null},"vcprTech":"","numbersResId":null,"slicingResId":null,"dateout":null,"notes":"135637827259064320000011354","kca":"62T013","isActual":true,"electorDistrictCategory":{"vrn":100100025537261,"vrnCls":116,"znachatr":"городские","vnkod":"10","sortirovka":1,"prretro":"N         ","prim":"городские участки (избирательные участки, образуемые на территории городских округов, городских поселений и городов федерального значения)","dateadd":"2010-06-10T10:00:00","vnkodok":"","stok":"","dateretro":null,"vrnstok":null},"addressString":"Российская Федерация, Рязанская область, Муниципальное образование - Рыбновский муниципальный район,  п. Комсомольский, ул. Широкая, д.4 здание сельского дома культуры"},{"createDate":"2020-09-06T18:38:40.829","updateDate":null,"createUserId":null,"updateUserId":null,"plotsTerritoriesId":9298,"subject":{"createDate":"2020-04-03T00:00:00","updateDate":"2020-04-03T00:00:00","createUserId":"28d1bdea-5e04-11ea-bc55-0242ac130003","updateUserId":"28d1bdea-5e04-11ea-bc55-0242ac130003","subjectId":"21776","subjectGlobalId":"108015","subjectGlobalParentId":"90357","isActual":true,"beginDate":null,"endDate":null,"subjectName":"Участковая избирательная комиссия №369","subjectType":{"createDate":"2020-03-04T00:00:00","updateDate":"2020-03-04T00:00:00","createUserId":"28d1bdea-5e04-11ea-bc55-0242ac130003","updateUserId":"28d1bdea-5e04-11ea-bc55-0242ac130003","subjectTypeId":1,"subjectTypeName":"Избирательные комиссии (ИК)","isUnchecked":"f","isProtected":"t","isDoc":"f","beginDate":"2020-03-04","endDate":"2020-03-04","isActive":true,"kca":null},"subjectLevel":{"createDate":"2020-04-03T00:00:00","updateDate":"2020-04-03T00:00:00","createUserId":"28d1bdea-5e04-11ea-bc55-0242ac130003","updateUserId":"28d1bdea-5e04-11ea-bc55-0242ac130003","subjectLevelId":46,"subjectLevelParent":{"createDate":"2020-04-03T00:00:00","updateDate":"2020-04-03T00:00:00","createUserId":"28d1bdea-5e04-11ea-bc55-0242ac130003","updateUserId":"28d1bdea-5e04-11ea-bc55-0242ac130003","subjectLevelId":45,"subjectLevelParent":{"createDate":"2020-04-03T00:00:00","updateDate":"2020-04-03T00:00:00","createUserId":"28d1bdea-5e04-11ea-bc55-0242ac130003","updateUserId":"28d1bdea-5e04-11ea-bc55-0242ac130003","subjectLevelId":43,"subjectLevelParent":{"createDate":"2020-04-03T00:00:00","updateDate":"2020-04-03T00:00:00","createUserId":"28d1bdea-5e04-11ea-bc55-0242ac130003","updateUserId":"28d1bdea-5e04-11ea-bc55-0242ac130003","subjectLevelId":42,"subjectLevelParent":{"createDate":"2020-04-03T00:00:00","updateDate":"2020-04-03T00:00:00","createUserId":"28d1bdea-5e04-11ea-bc55-0242ac130003","updateUserId":"28d1bdea-5e04-11ea-bc55-0242ac130003","subjectLevelId":41,"subjectLevelParent":null,"beginDate":null,"endDate":null,"isActive":true,"isUnchecked":false,"subjectLevelName":"ЦИК","isProtected":true,"kca":null,"subjectType":{"createDate":"2020-03-04T00:00:00","updateDate":"2020-03-04T00:00:00","createUserId":"28d1bdea-5e04-11ea-bc55-0242ac130003","updateUserId":"28d1bdea-5e04-11ea-bc55-0242ac130003","subjectTypeId":1,"subjectTypeName":"Избирательные комиссии (ИК)","isUnchecked":"f","isProtected":"t","isDoc":"f","beginDate":"2020-03-04","endDate":"2020-03-04","isActive":true,"kca":null},"lvl":1},"beginDate":null,"endDate":null,"isActive":true,"isUnchecked":false,"subjectLevelName":"ИКСРФ","isProtected":true,"kca":null,"subjectType":{"createDate":"2020-03-04T00:00:00","updateDate":"2020-03-04T00:00:00","createUserId":"28d1bdea-5e04-11ea-bc55-0242ac130003","updateUserId":"28d1bdea-5e04-11ea-bc55-0242ac130003","subjectTypeId":1,"subjectTypeName":"Избирательные комиссии (ИК)","isUnchecked":"f","isProtected":"t","isDoc":"f","beginDate":"2020-03-04","endDate":"2020-03-04","isActive":true,"kca":null},"lvl":2},"beginDate":null,"endDate":null,"isActive":true,"isUnchecked":false,"subjectLevelName":"ОИК","isProtected":true,"kca":null,"subjectType":{"createDate":"2020-03-04T00:00:00","updateDate":"2020-03-04T00:00:00","createUserId":"28d1bdea-5e04-11ea-bc55-0242ac130003","updateUserId":"28d1bdea-5e04-11ea-bc55-0242ac130003","subjectTypeId":1,"subjectTypeName":"Избирательные комиссии (ИК)","isUnchecked":"f","isProtected":"t","isDoc":"f","beginDate":"2020-03-04","endDate":"2020-03-04","isActive":true,"kca":null},"lvl":3},"beginDate":null,"endDate":null,"isActive":true,"isUnchecked":false,"subjectLevelName":"ТИК","isProtected":true,"kca":null,"subjectType":{"createDate":"2020-03-04T00:00:00","updateDate":"2020-03-04T00:00:00","createUserId":"28d1bdea-5e04-11ea-bc55-0242ac130003","updateUserId":"28d1bdea-5e04-11ea-bc55-0242ac130003","subjectTypeId":1,"subjectTypeName":"Избирательные комиссии (ИК)","isUnchecked":"f","isProtected":"t","isDoc":"f","beginDate":"2020-03-04","endDate":"2020-03-04","isActive":true,"kca":null},"lvl":4},"beginDate":null,"endDate":null,"isActive":true,"isUnchecked":false,"subjectLevelName":"УИК","isProtected":true,"kca":null,"subjectType":{"createDate":"2020-03-04T00:00:00","updateDate":"2020-03-04T00:00:00","createUserId":"28d1bdea-5e04-11ea-bc55-0242ac130003","updateUserId":"28d1bdea-5e04-11ea-bc55-0242ac130003","subjectTypeId":1,"subjectTypeName":"Избирательные комиссии (ИК)","isUnchecked":"f","isProtected":"t","isDoc":"f","beginDate":"2020-03-04","endDate":"2020-03-04","isActive":true,"kca":null},"lvl":5},"municipalType":null,"electionLevel":null,"subjectRf":{"subjectRfId":21636,"createDate":"1999-12-30","subjectRfName":"Рязанская область","genetiveSName":"Рязанской области","subjectRfCode":"62","subjectRfCenter":"г.Рязань","timeZone":"0.00","host":"@S77.msg.ru","kcaNumber":"62S000","replaceDate":null,"holder":"        ","electComName":"Избирательная комиссия Рязанской области","genetiveEcName":"Избирательной комиссии Рязанской области","fedDistrictCode":"6","mtoCode":null,"subjectRfNumber":null,"electorCount":null,"fciMail":"","parentSubjectRfCode":"","subjectRfType":"","celectComCode":null},"isUnchecked":false,"isProtected":false,"kca":"62T013","subjectFullName":"ЦИК: Избирательные комиссии (ИК) 00C000, ТИК: Избирательные комиссии (ИК) Избирательная комиссия Рязанской области, ТИК: Избирательные комиссии (ИК) Территориальная избирательная комиссия Рыбновского района, УИК: Избирательные комиссии (ИК) Участковая избирательная комиссия №369","lvl":4,"leftCount":null,"rightCount":null,"electionCompanyNameId":null},"nameIk":"Участок №369","vidIk":46,"districtNum":369,"districtType":"постоянный","subjectRf":{"subjectRfId":21636,"createDate":"1999-12-30","subjectRfName":"Рязанская область","genetiveSName":"Рязанской области","subjectRfCode":"62","subjectRfCenter":"г.Рязань","timeZone":"0.00","host":"@S77.msg.ru","kcaNumber":"62S000","replaceDate":null,"holder":"        ","electComName":"Избирательная комиссия Рязанской области","genetiveEcName":"Избирательной комиссии Рязанской области","fedDistrictCode":"6","mtoCode":null,"subjectRfNumber":null,"electorCount":null,"fciMail":"","parentSubjectRfCode":"","subjectRfType":"","celectComCode":null},"vcprTech":"","numbersResId":null,"slicingResId":null,"dateout":null,"notes":"135637827259064320000011354","kca":"62T013","isActual":true,"electorDistrictCategory":{"vrn":100100025537261,"vrnCls":116,"znachatr":"городские","vnkod":"10","sortirovka":1,"prretro":"N         ","prim":"городские участки (избирательные участки, образуемые на территории городских округов, городских поселений и городов федерального значения)","dateadd":"2010-06-10T10:00:00","vnkodok":"","stok":"","dateretro":null,"vrnstok":null},"addressString":"Российская Федерация, Рязанская область, Муниципальное образование - Рыбновский муниципальный район,  с. Константиново, ул. Привольная, д. 34 здание Государственного музея-заповедника С.А. Есенина"},{"createDate":"2020-09-06T18:38:40.829","updateDate":null,"createUserId":null,"updateUserId":null,"plotsTerritoriesId":9304,"subject":{"createDate":"2020-04-03T00:00:00","updateDate":"2020-04-03T00:00:00","createUserId":"28d1bdea-5e04-11ea-bc55-0242ac130003","updateUserId":"28d1bdea-5e04-11ea-bc55-0242ac130003","subjectId":"9202","subjectGlobalId":"108016","subjectGlobalParentId":"90357","isActual":true,"beginDate":null,"endDate":null,"subjectName":"Участковая избирательная комиссия №370","subjectType":{"createDate":"2020-03-04T00:00:00","updateDate":"2020-03-04T00:00:00","createUserId":"28d1bdea-5e04-11ea-bc55-0242ac130003","updateUserId":"28d1bdea-5e04-11ea-bc55-0242ac130003","subjectTypeId":1,"subjectTypeName":"Избирательные комиссии (ИК)","isUnchecked":"f","isProtected":"t","isDoc":"f","beginDate":"2020-03-04","endDate":"2020-03-04","isActive":true,"kca":null},"subjectLevel":{"createDate":"2020-04-03T00:00:00","updateDate":"2020-04-03T00:00:00","createUserId":"28d1bdea-5e04-11ea-bc55-0242ac130003","updateUserId":"28d1bdea-5e04-11ea-bc55-0242ac130003","subjectLevelId":46,"subjectLevelParent":{"createDate":"2020-04-03T00:00:00","updateDate":"2020-04-03T00:00:00","createUserId":"28d1bdea-5e04-11ea-bc55-0242ac130003","updateUserId":"28d1bdea-5e04-11ea-bc55-0242ac130003","subjectLevelId":45,"subjectLevelParent":{"createDate":"2020-04-03T00:00:00","updateDate":"2020-04-03T00:00:00","createUserId":"28d1bdea-5e04-11ea-bc55-0242ac130003","updateUserId":"28d1bdea-5e04-11ea-bc55-0242ac130003","subjectLevelId":43,"subjectLevelParent":{"createDate":"2020-04-03T00:00:00","updateDate":"2020-04-03T00:00:00","createUserId":"28d1bdea-5e04-11ea-bc55-0242ac130003","updateUserId":"28d1bdea-5e04-11ea-bc55-0242ac130003","subjectLevelId":42,"subjectLevelParent":{"createDate":"2020-04-03T00:00:00","updateDate":"2020-04-03T00:00:00","createUserId":"28d1bdea-5e04-11ea-bc55-0242ac130003","updateUserId":"28d1bdea-5e04-11ea-bc55-0242ac130003","subjectLevelId":41,"subjectLevelParent":null,"beginDate":null,"endDate":null,"isActive":true,"isUnchecked":false,"subjectLevelName":"ЦИК","isProtected":true,"kca":null,"subjectType":{"createDate":"2020-03-04T00:00:00","updateDate":"2020-03-04T00:00:00","createUserId":"28d1bdea-5e04-11ea-bc55-0242ac130003","updateUserId":"28d1bdea-5e04-11ea-bc55-0242ac130003","subjectTypeId":1,"subjectTypeName":"Избирательные комиссии (ИК)","isUnchecked":"f","isProtected":"t","isDoc":"f","beginDate":"2020-03-04","endDate":"2020-03-04","isActive":true,"kca":null},"lvl":1},"beginDate":null,"endDate":null,"isActive":true,"isUnchecked":false,"subjectLevelName":"ИКСРФ","isProtected":true,"kca":null,"subjectType":{"createDate":"2020-03-04T00:00:00","updateDate":"2020-03-04T00:00:00","createUserId":"28d1bdea-5e04-11ea-bc55-0242ac130003","updateUserId":"28d1bdea-5e04-11ea-bc55-0242ac130003","subjectTypeId":1,"subjectTypeName":"Избирательные комиссии (ИК)","isUnchecked":"f","isProtected":"t","isDoc":"f","beginDate":"2020-03-04","endDate":"2020-03-04","isActive":true,"kca":null},"lvl":2},"beginDate":null,"endDate":null,"isActive":true,"isUnchecked":false,"subjectLevelName":"ОИК","isProtected":true,"kca":null,"subjectType":{"createDate":"2020-03-04T00:00:00","updateDate":"2020-03-04T00:00:00","createUserId":"28d1bdea-5e04-11ea-bc55-0242ac130003","updateUserId":"28d1bdea-5e04-11ea-bc55-0242ac130003","subjectTypeId":1,"subjectTypeName":"Избирательные комиссии (ИК)","isUnchecked":"f","isProtected":"t","isDoc":"f","beginDate":"2020-03-04","endDate":"2020-03-04","isActive":true,"kca":null},"lvl":3},"beginDate":null,"endDate":null,"isActive":true,"isUnchecked":false,"subjectLevelName":"ТИК","isProtected":true,"kca":null,"subjectType":{"createDate":"2020-03-04T00:00:00","updateDate":"2020-03-04T00:00:00","createUserId":"28d1bdea-5e04-11ea-bc55-0242ac130003","updateUserId":"28d1bdea-5e04-11ea-bc55-0242ac130003","subjectTypeId":1,"subjectTypeName":"Избирательные комиссии (ИК)","isUnchecked":"f","isProtected":"t","isDoc":"f","beginDate":"2020-03-04","endDate":"2020-03-04","isActive":true,"kca":null},"lvl":4},"beginDate":null,"endDate":null,"isActive":true,"isUnchecked":false,"subjectLevelName":"УИК","isProtected":true,"kca":null,"subjectType":{"createDate":"2020-03-04T00:00:00","updateDate":"2020-03-04T00:00:00","createUserId":"28d1bdea-5e04-11ea-bc55-0242ac130003","updateUserId":"28d1bdea-5e04-11ea-bc55-0242ac130003","subjectTypeId":1,"subjectTypeName":"Избирательные комиссии (ИК)","isUnchecked":"f","isProtected":"t","isDoc":"f","beginDate":"2020-03-04","endDate":"2020-03-04","isActive":true,"kca":null},"lvl":5},"municipalType":null,"electionLevel":null,"subjectRf":{"subjectRfId":21636,"createDate":"1999-12-30","subjectRfName":"Рязанская область","genetiveSName":"Рязанской области","subjectRfCode":"62","subjectRfCenter":"г.Рязань","timeZone":"0.00","host":"@S77.msg.ru","kcaNumber":"62S000","replaceDate":null,"holder":"        ","electComName":"Избирательная комиссия Рязанской области","genetiveEcName":"Избирательной комиссии Рязанской области","fedDistrictCode":"6","mtoCode":null,"subjectRfNumber":null,"electorCount":null,"fciMail":"","parentSubjectRfCode":"","subjectRfType":"","celectComCode":null},"isUnchecked":false,"isProtected":false,"kca":"62T013","subjectFullName":"ЦИК: Избирательные комиссии (ИК) 00C000, ТИК: Избирательные комиссии (ИК) Избирательная комиссия Рязанской области, ТИК: Избирательные комиссии (ИК) Территориальная избирательная комиссия Рыбновского района, УИК: Избирательные комиссии (ИК) Участковая избирательная комиссия №370","lvl":4,"leftCount":null,"rightCount":null,"electionCompanyNameId":null},"nameIk":"Участок №370","vidIk":46,"districtNum":370,"districtType":"постоянный","subjectRf":{"subjectRfId":21636,"createDate":"1999-12-30","subjectRfName":"Рязанская область","genetiveSName":"Рязанской области","subjectRfCode":"62","subjectRfCenter":"г.Рязань","timeZone":"0.00","host":"@S77.msg.ru","kcaNumber":"62S000","replaceDate":null,"holder":"        ","electComName":"Избирательная комиссия Рязанской области","genetiveEcName":"Избирательной комиссии Рязанской области","fedDistrictCode":"6","mtoCode":null,"subjectRfNumber":null,"electorCount":null,"fciMail":"","parentSubjectRfCode":"","subjectRfType":"","celectComCode":null},"vcprTech":"","numbersResId":null,"slicingResId":null,"dateout":null,"notes":"135637827259064320000011354","kca":"62T013","isActual":true,"electorDistrictCategory":{"vrn":100100025537261,"vrnCls":116,"znachatr":"городские","vnkod":"10","sortirovka":1,"prretro":"N         ","prim":"городские участки (избирательные участки, образуемые на территории городских округов, городских поселений и городов федерального значения)","dateadd":"2010-06-10T10:00:00","vnkodok":"","stok":"","dateretro":null,"vrnstok":null},"addressString":"Российская Федерация, Рязанская область, Муниципальное образование - Рыбновский муниципальный район,  с. Кузьминское, ул. Есенинская, здание СПК колхоза \"Есененский\""},{"createDate":"2020-09-06T18:38:40.829","updateDate":null,"createUserId":null,"updateUserId":null,"plotsTerritoriesId":9306,"subject":{"createDate":"2020-04-03T00:00:00","updateDate":"2020-04-03T00:00:00","createUserId":"28d1bdea-5e04-11ea-bc55-0242ac130003","updateUserId":"28d1bdea-5e04-11ea-bc55-0242ac130003","subjectId":"22728","subjectGlobalId":"108017","subjectGlobalParentId":"90357","isActual":true,"beginDate":null,"endDate":null,"subjectName":"Участковая избирательная комиссия №371","subjectType":{"createDate":"2020-03-04T00:00:00","updateDate":"2020-03-04T00:00:00","createUserId":"28d1bdea-5e04-11ea-bc55-0242ac130003","updateUserId":"28d1bdea-5e04-11ea-bc55-0242ac130003","subjectTypeId":1,"subjectTypeName":"Избирательные комиссии (ИК)","isUnchecked":"f","isProtected":"t","isDoc":"f","beginDate":"2020-03-04","endDate":"2020-03-04","isActive":true,"kca":null},"subjectLevel":{"createDate":"2020-04-03T00:00:00","updateDate":"2020-04-03T00:00:00","createUserId":"28d1bdea-5e04-11ea-bc55-0242ac130003","updateUserId":"28d1bdea-5e04-11ea-bc55-0242ac130003","subjectLevelId":46,"subjectLevelParent":{"createDate":"2020-04-03T00:00:00","updateDate":"2020-04-03T00:00:00","createUserId":"28d1bdea-5e04-11ea-bc55-0242ac130003","updateUserId":"28d1bdea-5e04-11ea-bc55-0242ac130003","subjectLevelId":45,"subjectLevelParent":{"createDate":"2020-04-03T00:00:00","updateDate":"2020-04-03T00:00:00","createUserId":"28d1bdea-5e04-11ea-bc55-0242ac130003","updateUserId":"28d1bdea-5e04-11ea-bc55-0242ac130003","subjectLevelId":43,"subjectLevelParent":{"createDate":"2020-04-03T00:00:00","updateDate":"2020-04-03T00:00:00","createUserId":"28d1bdea-5e04-11ea-bc55-0242ac130003","updateUserId":"28d1bdea-5e04-11ea-bc55-0242ac130003","subjectLevelId":42,"subjectLevelParent":{"createDate":"2020-04-03T00:00:00","updateDate":"2020-04-03T00:00:00","createUserId":"28d1bdea-5e04-11ea-bc55-0242ac130003","updateUserId":"28d1bdea-5e04-11ea-bc55-0242ac130003","subjectLevelId":41,"subjectLevelParent":null,"beginDate":null,"endDate":null,"isActive":true,"isUnchecked":false,"subjectLevelName":"ЦИК","isProtected":true,"kca":null,"subjectType":{"createDate":"2020-03-04T00:00:00","updateDate":"2020-03-04T00:00:00","createUserId":"28d1bdea-5e04-11ea-bc55-0242ac130003","updateUserId":"28d1bdea-5e04-11ea-bc55-0242ac130003","subjectTypeId":1,"subjectTypeName":"Избирательные комиссии (ИК)","isUnchecked":"f","isProtected":"t","isDoc":"f","beginDate":"2020-03-04","endDate":"2020-03-04","isActive":true,"kca":null},"lvl":1},"beginDate":null,"endDate":null,"isActive":true,"isUnchecked":false,"subjectLevelName":"ИКСРФ","isProtected":true,"kca":null,"subjectType":{"createDate":"2020-03-04T00:00:00","updateDate":"2020-03-04T00:00:00","createUserId":"28d1bdea-5e04-11ea-bc55-0242ac130003","updateUserId":"28d1bdea-5e04-11ea-bc55-0242ac130003","subjectTypeId":1,"subjectTypeName":"Избирательные комиссии (ИК)","isUnchecked":"f","isProtected":"t","isDoc":"f","beginDate":"2020-03-04","endDate":"2020-03-04","isActive":true,"kca":null},"lvl":2},"beginDate":null,"endDate":null,"isActive":true,"isUnchecked":false,"subjectLevelName":"ОИК","isProtected":true,"kca":null,"subjectType":{"createDate":"2020-03-04T00:00:00","updateDate":"2020-03-04T00:00:00","createUserId":"28d1bdea-5e04-11ea-bc55-0242ac130003","updateUserId":"28d1bdea-5e04-11ea-bc55-0242ac130003","subjectTypeId":1,"subjectTypeName":"Избирательные комиссии (ИК)","isUnchecked":"f","isProtected":"t","isDoc":"f","beginDate":"2020-03-04","endDate":"2020-03-04","isActive":true,"kca":null},"lvl":3},"beginDate":null,"endDate":null,"isActive":true,"isUnchecked":false,"subjectLevelName":"ТИК","isProtected":true,"kca":null,"subjectType":{"createDate":"2020-03-04T00:00:00","updateDate":"2020-03-04T00:00:00","createUserId":"28d1bdea-5e04-11ea-bc55-0242ac130003","updateUserId":"28d1bdea-5e04-11ea-bc55-0242ac130003","subjectTypeId":1,"subjectTypeName":"Избирательные комиссии (ИК)","isUnchecked":"f","isProtected":"t","isDoc":"f","beginDate":"2020-03-04","endDate":"2020-03-04","isActive":true,"kca":null},"lvl":4},"beginDate":null,"endDate":null,"isActive":true,"isUnchecked":false,"subjectLevelName":"УИК","isProtected":true,"kca":null,"subjectType":{"createDate":"2020-03-04T00:00:00","updateDate":"2020-03-04T00:00:00","createUserId":"28d1bdea-5e04-11ea-bc55-0242ac130003","updateUserId":"28d1bdea-5e04-11ea-bc55-0242ac130003","subjectTypeId":1,"subjectTypeName":"Избирательные комиссии (ИК)","isUnchecked":"f","isProtected":"t","isDoc":"f","beginDate":"2020-03-04","endDate":"2020-03-04","isActive":true,"kca":null},"lvl":5},"municipalType":null,"electionLevel":null,"subjectRf":{"subjectRfId":21636,"createDate":"1999-12-30","subjectRfName":"Рязанская область","genetiveSName":"Рязанской области","subjectRfCode":"62","subjectRfCenter":"г.Рязань","timeZone":"0.00","host":"@S77.msg.ru","kcaNumber":"62S000","replaceDate":null,"holder":"        ","electComName":"Избирательная комиссия Рязанской области","genetiveEcName":"Избирательной комиссии Рязанской области","fedDistrictCode":"6","mtoCode":null,"subjectRfNumber":null,"electorCount":null,"fciMail":"","parentSubjectRfCode":"","subjectRfType":"","celectComCode":null},"isUnchecked":false,"isProtected":false,"kca":"62T013","subjectFullName":"ЦИК: Избирательные комиссии (ИК) 00C000, ТИК: Избирательные комиссии (ИК) Избирательная комиссия Рязанской области, ТИК: Избирательные комиссии (ИК) Территориальная избирательная комиссия Рыбновского района, УИК: Избирательные комиссии (ИК) Участковая избирательная комиссия №371","lvl":4,"leftCount":null,"rightCount":null,"electionCompanyNameId":null},"nameIk":"Участок №371","vidIk":46,"districtNum":371,"districtType":"постоянный","subjectRf":{"subjectRfId":21636,"createDate":"1999-12-30","subjectRfName":"Рязанская область","genetiveSName":"Рязанской области","subjectRfCode":"62","subjectRfCenter":"г.Рязань","timeZone":"0.00","host":"@S77.msg.ru","kcaNumber":"62S000","replaceDate":null,"holder":"        ","electComName":"Избирательная комиссия Рязанской области","genetiveEcName":"Избирательной комиссии Рязанской области","fedDistrictCode":"6","mtoCode":null,"subjectRfNumber":null,"electorCount":null,"fciMail":"","parentSubjectRfCode":"","subjectRfType":"","celectComCode":null},"vcprTech":"","numbersResId":null,"slicingResId":null,"dateout":null,"notes":"135637827259064320000011354","kca":"62T013","isActual":true,"electorDistrictCategory":{"vrn":100100025537261,"vrnCls":116,"znachatr":"городские","vnkod":"10","sortirovka":1,"prretro":"N         ","prim":"городские участки (избирательные участки, образуемые на территории городских округов, городских поселений и городов федерального значения)","dateadd":"2010-06-10T10:00:00","vnkodok":"","stok":"","dateretro":null,"vrnstok":null},"addressString":"Российская Федерация, Рязанская область, Муниципальное образование - Рыбновский муниципальный район,  д. Марково, ул. Светлая, д. 5 здание администрации сельского поселения"}],"pageable":{"sort":{"sorted":true,"unsorted":false},"pageSize":10,"pageNumber":1,"offset":10,"paged":true,"unpaged":false},"totalElements":42,"last":false,"totalPages":5,"first":false,"sort":{"sorted":true,"unsorted":false},"number":1,"numberOfElements":10,"size":10}