{"content":[{"createDate":"2020-09-06T18:38:40.829","updateDate":null,"createUserId":null,"updateUserId":null,"plotsTerritoriesId":9329,"subject":{"createDate":"2020-04-03T00:00:00","updateDate":"2020-04-03T00:00:00","createUserId":"28d1bdea-5e04-11ea-bc55-0242ac130003","updateUserId":"28d1bdea-5e04-11ea-bc55-0242ac130003","subjectId":"11895","subjectGlobalId":"108028","subjectGlobalParentId":"90357","isActual":true,"beginDate":null,"endDate":null,"subjectName":"Участковая избирательная комиссия №382","subjectType":{"createDate":"2020-03-04T00:00:00","updateDate":"2020-03-04T00:00:00","createUserId":"28d1bdea-5e04-11ea-bc55-0242ac130003","updateUserId":"28d1bdea-5e04-11ea-bc55-0242ac130003","subjectTypeId":1,"subjectTypeName":"Избирательные комиссии (ИК)","isUnchecked":"f","isProtected":"t","isDoc":"f","beginDate":"2020-03-04","endDate":"2020-03-04","isActive":true,"kca":null},"subjectLevel":{"createDate":"2020-04-03T00:00:00","updateDate":"2020-04-03T00:00:00","createUserId":"28d1bdea-5e04-11ea-bc55-0242ac130003","updateUserId":"28d1bdea-5e04-11ea-bc55-0242ac130003","subjectLevelId":46,"subjectLevelParent":{"createDate":"2020-04-03T00:00:00","updateDate":"2020-04-03T00:00:00","createUserId":"28d1bdea-5e04-11ea-bc55-0242ac130003","updateUserId":"28d1bdea-5e04-11ea-bc55-0242ac130003","subjectLevelId":45,"subjectLevelParent":{"createDate":"2020-04-03T00:00:00","updateDate":"2020-04-03T00:00:00","createUserId":"28d1bdea-5e04-11ea-bc55-0242ac130003","updateUserId":"28d1bdea-5e04-11ea-bc55-0242ac130003","subjectLevelId":43,"subjectLevelParent":{"createDate":"2020-04-03T00:00:00","updateDate":"2020-04-03T00:00:00","createUserId":"28d1bdea-5e04-11ea-bc55-0242ac130003","updateUserId":"28d1bdea-5e04-11ea-bc55-0242ac130003","subjectLevelId":42,"subjectLevelParent":{"createDate":"2020-04-03T00:00:00","updateDate":"2020-04-03T00:00:00","createUserId":"28d1bdea-5e04-11ea-bc55-0242ac130003","updateUserId":"28d1bdea-5e04-11ea-bc55-0242ac130003","subjectLevelId":41,"subjectLevelParent":null,"beginDate":null,"endDate":null,"isActive":true,"isUnchecked":false,"subjectLevelName":"ЦИК","isProtected":true,"kca":null,"subjectType":{"createDate":"2020-03-04T00:00:00","updateDate":"2020-03-04T00:00:00","createUserId":"28d1bdea-5e04-11ea-bc55-0242ac130003","updateUserId":"28d1bdea-5e04-11ea-bc55-0242ac130003","subjectTypeId":1,"subjectTypeName":"Избирательные комиссии (ИК)","isUnchecked":"f","isProtected":"t","isDoc":"f","beginDate":"2020-03-04","endDate":"2020-03-04","isActive":true,"kca":null},"lvl":1},"beginDate":null,"endDate":null,"isActive":true,"isUnchecked":false,"subjectLevelName":"ИКСРФ","isProtected":true,"kca":null,"subjectType":{"createDate":"2020-03-04T00:00:00","updateDate":"2020-03-04T00:00:00","createUserId":"28d1bdea-5e04-11ea-bc55-0242ac130003","updateUserId":"28d1bdea-5e04-11ea-bc55-0242ac130003","subjectTypeId":1,"subjectTypeName":"Избирательные комиссии (ИК)","isUnchecked":"f","isProtected":"t","isDoc":"f","beginDate":"2020-03-04","endDate":"2020-03-04","isActive":true,"kca":null},"lvl":2},"beginDate":null,"endDate":null,"isActive":true,"isUnchecked":false,"subjectLevelName":"ОИК","isProtected":true,"kca":null,"subjectType":{"createDate":"2020-03-04T00:00:00","updateDate":"2020-03-04T00:00:00","createUserId":"28d1bdea-5e04-11ea-bc55-0242ac130003","updateUserId":"28d1bdea-5e04-11ea-bc55-0242ac130003","subjectTypeId":1,"subjectTypeName":"Избирательные комиссии (ИК)","isUnchecked":"f","isProtected":"t","isDoc":"f","beginDate":"2020-03-04","endDate":"2020-03-04","isActive":true,"kca":null},"lvl":3},"beginDate":null,"endDate":null,"isActive":true,"isUnchecked":false,"subjectLevelName":"ТИК","isProtected":true,"kca":null,"subjectType":{"createDate":"2020-03-04T00:00:00","updateDate":"2020-03-04T00:00:00","createUserId":"28d1bdea-5e04-11ea-bc55-0242ac130003","updateUserId":"28d1bdea-5e04-11ea-bc55-0242ac130003","subjectTypeId":1,"subjectTypeName":"Избирательные комиссии (ИК)","isUnchecked":"f","isProtected":"t","isDoc":"f","beginDate":"2020-03-04","endDate":"2020-03-04","isActive":true,"kca":null},"lvl":4},"beginDate":null,"endDate":null,"isActive":true,"isUnchecked":false,"subjectLevelName":"УИК","isProtected":true,"kca":null,"subjectType":{"createDate":"2020-03-04T00:00:00","updateDate":"2020-03-04T00:00:00","createUserId":"28d1bdea-5e04-11ea-bc55-0242ac130003","updateUserId":"28d1bdea-5e04-11ea-bc55-0242ac130003","subjectTypeId":1,"subjectTypeName":"Избирательные комиссии (ИК)","isUnchecked":"f","isProtected":"t","isDoc":"f","beginDate":"2020-03-04","endDate":"2020-03-04","isActive":true,"kca":null},"lvl":5},"municipalType":null,"electionLevel":null,"subjectRf":{"subjectRfId":21636,"createDate":"1999-12-30","subjectRfName":"Рязанская область","genetiveSName":"Рязанской области","subjectRfCode":"62","subjectRfCenter":"г.Рязань","timeZone":"0.00","host":"@S77.msg.ru","kcaNumber":"62S000","replaceDate":null,"holder":"        ","electComName":"Избирательная комиссия Рязанской области","genetiveEcName":"Избирательной комиссии Рязанской области","fedDistrictCode":"6","mtoCode":null,"subjectRfNumber":null,"electorCount":null,"fciMail":"","parentSubjectRfCode":"","subjectRfType":"","celectComCode":null},"isUnchecked":false,"isProtected":false,"kca":"62T013","subjectFullName":"ЦИК: Избирательные комиссии (ИК) 00C000, ТИК: Избирательные комиссии (ИК) Избирательная комиссия Рязанской области, ТИК: Избирательные комиссии (ИК) Территориальная избирательная комиссия Рыбновского района, УИК: Избирательные комиссии (ИК) Участковая избирательная комиссия №382","lvl":4,"leftCount":null,"rightCount":null,"electionCompanyNameId":null},"nameIk":"Участок №382","vidIk":46,"districtNum":382,"districtType":"постоянный","subjectRf":{"subjectRfId":21636,"createDate":"1999-12-30","subjectRfName":"Рязанская область","genetiveSName":"Рязанской области","subjectRfCode":"62","subjectRfCenter":"г.Рязань","timeZone":"0.00","host":"@S77.msg.ru","kcaNumber":"62S000","replaceDate":null,"holder":"        ","electComName":"Избирательная комиссия Рязанской области","genetiveEcName":"Избирательной комиссии Рязанской области","fedDistrictCode":"6","mtoCode":null,"subjectRfNumber":null,"electorCount":null,"fciMail":"","parentSubjectRfCode":"","subjectRfType":"","celectComCode":null},"vcprTech":"","numbersResId":null,"slicingResId":null,"dateout":null,"notes":"135637827259064320000011354","kca":"62T013","isActual":true,"electorDistrictCategory":{"vrn":100100025537261,"vrnCls":116,"znachatr":"городские","vnkod":"10","sortirovka":1,"prretro":"N         ","prim":"городские участки (избирательные участки, образуемые на территории городских округов, городских поселений и городов федерального значения)","dateadd":"2010-06-10T10:00:00","vnkodok":"","stok":"","dateretro":null,"vrnstok":null},"addressString":"Российская Федерация, Рязанская область, Муниципальное образование - Рыбновский муниципальный район,  п. завода \"Ветзоотехника\",  , здание завода"},{"createDate":"2020-09-06T18:38:40.829","updateDate":null,"createUserId":null,"updateUserId":null,"plotsTerritoriesId":9331,"subject":{"createDate":"2020-04-03T00:00:00","updateDate":"2020-04-03T00:00:00","createUserId":"28d1bdea-5e04-11ea-bc55-0242ac130003","updateUserId":"28d1bdea-5e04-11ea-bc55-0242ac130003","subjectId":"11896","subjectGlobalId":"108029","subjectGlobalParentId":"90357","isActual":true,"beginDate":null,"endDate":null,"subjectName":"Участковая избирательная комиссия №383","subjectType":{"createDate":"2020-03-04T00:00:00","updateDate":"2020-03-04T00:00:00","createUserId":"28d1bdea-5e04-11ea-bc55-0242ac130003","updateUserId":"28d1bdea-5e04-11ea-bc55-0242ac130003","subjectTypeId":1,"subjectTypeName":"Избирательные комиссии (ИК)","isUnchecked":"f","isProtected":"t","isDoc":"f","beginDate":"2020-03-04","endDate":"2020-03-04","isActive":true,"kca":null},"subjectLevel":{"createDate":"2020-04-03T00:00:00","updateDate":"2020-04-03T00:00:00","createUserId":"28d1bdea-5e04-11ea-bc55-0242ac130003","updateUserId":"28d1bdea-5e04-11ea-bc55-0242ac130003","subjectLevelId":46,"subjectLevelParent":{"createDate":"2020-04-03T00:00:00","updateDate":"2020-04-03T00:00:00","createUserId":"28d1bdea-5e04-11ea-bc55-0242ac130003","updateUserId":"28d1bdea-5e04-11ea-bc55-0242ac130003","subjectLevelId":45,"subjectLevelParent":{"createDate":"2020-04-03T00:00:00","updateDate":"2020-04-03T00:00:00","createUserId":"28d1bdea-5e04-11ea-bc55-0242ac130003","updateUserId":"28d1bdea-5e04-11ea-bc55-0242ac130003","subjectLevelId":43,"subjectLevelParent":{"createDate":"2020-04-03T00:00:00","updateDate":"2020-04-03T00:00:00","createUserId":"28d1bdea-5e04-11ea-bc55-0242ac130003","updateUserId":"28d1bdea-5e04-11ea-bc55-0242ac130003","subjectLevelId":42,"subjectLevelParent":{"createDate":"2020-04-03T00:00:00","updateDate":"2020-04-03T00:00:00","createUserId":"28d1bdea-5e04-11ea-bc55-0242ac130003","updateUserId":"28d1bdea-5e04-11ea-bc55-0242ac130003","subjectLevelId":41,"subjectLevelParent":null,"beginDate":null,"endDate":null,"isActive":true,"isUnchecked":false,"subjectLevelName":"ЦИК","isProtected":true,"kca":null,"subjectType":{"createDate":"2020-03-04T00:00:00","updateDate":"2020-03-04T00:00:00","createUserId":"28d1bdea-5e04-11ea-bc55-0242ac130003","updateUserId":"28d1bdea-5e04-11ea-bc55-0242ac130003","subjectTypeId":1,"subjectTypeName":"Избирательные комиссии (ИК)","isUnchecked":"f","isProtected":"t","isDoc":"f","beginDate":"2020-03-04","endDate":"2020-03-04","isActive":true,"kca":null},"lvl":1},"beginDate":null,"endDate":null,"isActive":true,"isUnchecked":false,"subjectLevelName":"ИКСРФ","isProtected":true,"kca":null,"subjectType":{"createDate":"2020-03-04T00:00:00","updateDate":"2020-03-04T00:00:00","createUserId":"28d1bdea-5e04-11ea-bc55-0242ac130003","updateUserId":"28d1bdea-5e04-11ea-bc55-0242ac130003","subjectTypeId":1,"subjectTypeName":"Избирательные комиссии (ИК)","isUnchecked":"f","isProtected":"t","isDoc":"f","beginDate":"2020-03-04","endDate":"2020-03-04","isActive":true,"kca":null},"lvl":2},"beginDate":null,"endDate":null,"isActive":true,"isUnchecked":false,"subjectLevelName":"ОИК","isProtected":true,"kca":null,"subjectType":{"createDate":"2020-03-04T00:00:00","updateDate":"2020-03-04T00:00:00","createUserId":"28d1bdea-5e04-11ea-bc55-0242ac130003","updateUserId":"28d1bdea-5e04-11ea-bc55-0242ac130003","subjectTypeId":1,"subjectTypeName":"Избирательные комиссии (ИК)","isUnchecked":"f","isProtected":"t","isDoc":"f","beginDate":"2020-03-04","endDate":"2020-03-04","isActive":true,"kca":null},"lvl":3},"beginDate":null,"endDate":null,"isActive":true,"isUnchecked":false,"subjectLevelName":"ТИК","isProtected":true,"kca":null,"subjectType":{"createDate":"2020-03-04T00:00:00","updateDate":"2020-03-04T00:00:00","createUserId":"28d1bdea-5e04-11ea-bc55-0242ac130003","updateUserId":"28d1bdea-5e04-11ea-bc55-0242ac130003","subjectTypeId":1,"subjectTypeName":"Избирательные комиссии (ИК)","isUnchecked":"f","isProtected":"t","isDoc":"f","beginDate":"2020-03-04","endDate":"2020-03-04","isActive":true,"kca":null},"lvl":4},"beginDate":null,"endDate":null,"isActive":true,"isUnchecked":false,"subjectLevelName":"УИК","isProtected":true,"kca":null,"subjectType":{"createDate":"2020-03-04T00:00:00","updateDate":"2020-03-04T00:00:00","createUserId":"28d1bdea-5e04-11ea-bc55-0242ac130003","updateUserId":"28d1bdea-5e04-11ea-bc55-0242ac130003","subjectTypeId":1,"subjectTypeName":"Избирательные комиссии (ИК)","isUnchecked":"f","isProtected":"t","isDoc":"f","beginDate":"2020-03-04","endDate":"2020-03-04","isActive":true,"kca":null},"lvl":5},"municipalType":null,"electionLevel":null,"subjectRf":{"subjectRfId":21636,"createDate":"1999-12-30","subjectRfName":"Рязанская область","genetiveSName":"Рязанской области","subjectRfCode":"62","subjectRfCenter":"г.Рязань","timeZone":"0.00","host":"@S77.msg.ru","kcaNumber":"62S000","replaceDate":null,"holder":"        ","electComName":"Избирательная комиссия Рязанской области","genetiveEcName":"Избирательной комиссии Рязанской области","fedDistrictCode":"6","mtoCode":null,"subjectRfNumber":null,"electorCount":null,"fciMail":"","parentSubjectRfCode":"","subjectRfType":"","celectComCode":null},"isUnchecked":false,"isProtected":false,"kca":"62T013","subjectFullName":"ЦИК: Избирательные комиссии (ИК) 00C000, ТИК: Избирательные комиссии (ИК) Избирательная комиссия Рязанской области, ТИК: Избирательные комиссии (ИК) Территориальная избирательная комиссия Рыбновского района, УИК: Избирательные комиссии (ИК) Участковая избирательная комиссия №383","lvl":4,"leftCount":null,"rightCount":null,"electionCompanyNameId":null},"nameIk":"Участок №383","vidIk":46,"districtNum":383,"districtType":"постоянный","subjectRf":{"subjectRfId":21636,"createDate":"1999-12-30","subjectRfName":"Рязанская область","genetiveSName":"Рязанской области","subjectRfCode":"62","subjectRfCenter":"г.Рязань","timeZone":"0.00","host":"@S77.msg.ru","kcaNumber":"62S000","replaceDate":null,"holder":"        ","electComName":"Избирательная комиссия Рязанской области","genetiveEcName":"Избирательной комиссии Рязанской области","fedDistrictCode":"6","mtoCode":null,"subjectRfNumber":null,"electorCount":null,"fciMail":"","parentSubjectRfCode":"","subjectRfType":"","celectComCode":null},"vcprTech":"","numbersResId":null,"slicingResId":null,"dateout":null,"notes":"135637827259064320000011354","kca":"62T013","isActual":true,"electorDistrictCategory":{"vrn":100100025537261,"vrnCls":116,"znachatr":"городские","vnkod":"10","sortirovka":1,"prretro":"N         ","prim":"городские участки (избирательные участки, образуемые на территории городских округов, городских поселений и городов федерального значения)","dateadd":"2010-06-10T10:00:00","vnkodok":"","stok":"","dateretro":null,"vrnstok":null},"addressString":"Российская Федерация, Рязанская область, Муниципальное образование - Рыбновский муниципальный район,  д. Чурилково,  , здание средней общеобразовательной школы"},{"createDate":"2020-09-06T18:38:40.829","updateDate":null,"createUserId":null,"updateUserId":null,"plotsTerritoriesId":9333,"subject":{"createDate":"2020-04-03T00:00:00","updateDate":"2020-04-03T00:00:00","createUserId":"28d1bdea-5e04-11ea-bc55-0242ac130003","updateUserId":"28d1bdea-5e04-11ea-bc55-0242ac130003","subjectId":"3082","subjectGlobalId":"108030","subjectGlobalParentId":"90357","isActual":true,"beginDate":null,"endDate":null,"subjectName":"Участковая избирательная комиссия №384","subjectType":{"createDate":"2020-03-04T00:00:00","updateDate":"2020-03-04T00:00:00","createUserId":"28d1bdea-5e04-11ea-bc55-0242ac130003","updateUserId":"28d1bdea-5e04-11ea-bc55-0242ac130003","subjectTypeId":1,"subjectTypeName":"Избирательные комиссии (ИК)","isUnchecked":"f","isProtected":"t","isDoc":"f","beginDate":"2020-03-04","endDate":"2020-03-04","isActive":true,"kca":null},"subjectLevel":{"createDate":"2020-04-03T00:00:00","updateDate":"2020-04-03T00:00:00","createUserId":"28d1bdea-5e04-11ea-bc55-0242ac130003","updateUserId":"28d1bdea-5e04-11ea-bc55-0242ac130003","subjectLevelId":46,"subjectLevelParent":{"createDate":"2020-04-03T00:00:00","updateDate":"2020-04-03T00:00:00","createUserId":"28d1bdea-5e04-11ea-bc55-0242ac130003","updateUserId":"28d1bdea-5e04-11ea-bc55-0242ac130003","subjectLevelId":45,"subjectLevelParent":{"createDate":"2020-04-03T00:00:00","updateDate":"2020-04-03T00:00:00","createUserId":"28d1bdea-5e04-11ea-bc55-0242ac130003","updateUserId":"28d1bdea-5e04-11ea-bc55-0242ac130003","subjectLevelId":43,"subjectLevelParent":{"createDate":"2020-04-03T00:00:00","updateDate":"2020-04-03T00:00:00","createUserId":"28d1bdea-5e04-11ea-bc55-0242ac130003","updateUserId":"28d1bdea-5e04-11ea-bc55-0242ac130003","subjectLevelId":42,"subjectLevelParent":{"createDate":"2020-04-03T00:00:00","updateDate":"2020-04-03T00:00:00","createUserId":"28d1bdea-5e04-11ea-bc55-0242ac130003","updateUserId":"28d1bdea-5e04-11ea-bc55-0242ac130003","subjectLevelId":41,"subjectLevelParent":null,"beginDate":null,"endDate":null,"isActive":true,"isUnchecked":false,"subjectLevelName":"ЦИК","isProtected":true,"kca":null,"subjectType":{"createDate":"2020-03-04T00:00:00","updateDate":"2020-03-04T00:00:00","createUserId":"28d1bdea-5e04-11ea-bc55-0242ac130003","updateUserId":"28d1bdea-5e04-11ea-bc55-0242ac130003","subjectTypeId":1,"subjectTypeName":"Избирательные комиссии (ИК)","isUnchecked":"f","isProtected":"t","isDoc":"f","beginDate":"2020-03-04","endDate":"2020-03-04","isActive":true,"kca":null},"lvl":1},"beginDate":null,"endDate":null,"isActive":true,"isUnchecked":false,"subjectLevelName":"ИКСРФ","isProtected":true,"kca":null,"subjectType":{"createDate":"2020-03-04T00:00:00","updateDate":"2020-03-04T00:00:00","createUserId":"28d1bdea-5e04-11ea-bc55-0242ac130003","updateUserId":"28d1bdea-5e04-11ea-bc55-0242ac130003","subjectTypeId":1,"subjectTypeName":"Избирательные комиссии (ИК)","isUnchecked":"f","isProtected":"t","isDoc":"f","beginDate":"2020-03-04","endDate":"2020-03-04","isActive":true,"kca":null},"lvl":2},"beginDate":null,"endDate":null,"isActive":true,"isUnchecked":false,"subjectLevelName":"ОИК","isProtected":true,"kca":null,"subjectType":{"createDate":"2020-03-04T00:00:00","updateDate":"2020-03-04T00:00:00","createUserId":"28d1bdea-5e04-11ea-bc55-0242ac130003","updateUserId":"28d1bdea-5e04-11ea-bc55-0242ac130003","subjectTypeId":1,"subjectTypeName":"Избирательные комиссии (ИК)","isUnchecked":"f","isProtected":"t","isDoc":"f","beginDate":"2020-03-04","endDate":"2020-03-04","isActive":true,"kca":null},"lvl":3},"beginDate":null,"endDate":null,"isActive":true,"isUnchecked":false,"subjectLevelName":"ТИК","isProtected":true,"kca":null,"subjectType":{"createDate":"2020-03-04T00:00:00","updateDate":"2020-03-04T00:00:00","createUserId":"28d1bdea-5e04-11ea-bc55-0242ac130003","updateUserId":"28d1bdea-5e04-11ea-bc55-0242ac130003","subjectTypeId":1,"subjectTypeName":"Избирательные комиссии (ИК)","isUnchecked":"f","isProtected":"t","isDoc":"f","beginDate":"2020-03-04","endDate":"2020-03-04","isActive":true,"kca":null},"lvl":4},"beginDate":null,"endDate":null,"isActive":true,"isUnchecked":false,"subjectLevelName":"УИК","isProtected":true,"kca":null,"subjectType":{"createDate":"2020-03-04T00:00:00","updateDate":"2020-03-04T00:00:00","createUserId":"28d1bdea-5e04-11ea-bc55-0242ac130003","updateUserId":"28d1bdea-5e04-11ea-bc55-0242ac130003","subjectTypeId":1,"subjectTypeName":"Избирательные комиссии (ИК)","isUnchecked":"f","isProtected":"t","isDoc":"f","beginDate":"2020-03-04","endDate":"2020-03-04","isActive":true,"kca":null},"lvl":5},"municipalType":null,"electionLevel":null,"subjectRf":{"subjectRfId":21636,"createDate":"1999-12-30","subjectRfName":"Рязанская область","genetiveSName":"Рязанской области","subjectRfCode":"62","subjectRfCenter":"г.Рязань","timeZone":"0.00","host":"@S77.msg.ru","kcaNumber":"62S000","replaceDate":null,"holder":"        ","electComName":"Избирательная комиссия Рязанской области","genetiveEcName":"Избирательной комиссии Рязанской области","fedDistrictCode":"6","mtoCode":null,"subjectRfNumber":null,"electorCount":null,"fciMail":"","parentSubjectRfCode":"","subjectRfType":"","celectComCode":null},"isUnchecked":false,"isProtected":false,"kca":"62T013","subjectFullName":"ЦИК: Избирательные комиссии (ИК) 00C000, ТИК: Избирательные комиссии (ИК) Избирательная комиссия Рязанской области, ТИК: Избирательные комиссии (ИК) Территориальная избирательная комиссия Рыбновского района, УИК: Избирательные комиссии (ИК) Участковая избирательная комиссия №384","lvl":4,"leftCount":null,"rightCount":null,"electionCompanyNameId":null},"nameIk":"Участок №384","vidIk":46,"districtNum":384,"districtType":"постоянный","subjectRf":{"subjectRfId":21636,"createDate":"1999-12-30","subjectRfName":"Рязанская область","genetiveSName":"Рязанской области","subjectRfCode":"62","subjectRfCenter":"г.Рязань","timeZone":"0.00","host":"@S77.msg.ru","kcaNumber":"62S000","replaceDate":null,"holder":"        ","electComName":"Избирательная комиссия Рязанской области","genetiveEcName":"Избирательной комиссии Рязанской области","fedDistrictCode":"6","mtoCode":null,"subjectRfNumber":null,"electorCount":null,"fciMail":"","parentSubjectRfCode":"","subjectRfType":"","celectComCode":null},"vcprTech":"","numbersResId":null,"slicingResId":null,"dateout":null,"notes":"135637827259064320000011354","kca":"62T013","isActual":true,"electorDistrictCategory":{"vrn":100100025537261,"vrnCls":116,"znachatr":"городские","vnkod":"10","sortirovka":1,"prretro":"N         ","prim":"городские участки (избирательные участки, образуемые на территории городских округов, городских поселений и городов федерального значения)","dateadd":"2010-06-10T10:00:00","vnkodok":"","stok":"","dateretro":null,"vrnstok":null},"addressString":"Российская Федерация, Рязанская область, Муниципальное образование - Рыбновский муниципальный район,  с. Шехмино,  , здание администрации сельского поселения"},{"createDate":"2020-09-06T18:38:40.829","updateDate":null,"createUserId":null,"updateUserId":null,"plotsTerritoriesId":9336,"subject":{"createDate":"2020-04-03T00:00:00","updateDate":"2020-04-03T00:00:00","createUserId":"28d1bdea-5e04-11ea-bc55-0242ac130003","updateUserId":"28d1bdea-5e04-11ea-bc55-0242ac130003","subjectId":"12835","subjectGlobalId":"108031","subjectGlobalParentId":"90357","isActual":true,"beginDate":null,"endDate":null,"subjectName":"Участковая избирательная комиссия №385","subjectType":{"createDate":"2020-03-04T00:00:00","updateDate":"2020-03-04T00:00:00","createUserId":"28d1bdea-5e04-11ea-bc55-0242ac130003","updateUserId":"28d1bdea-5e04-11ea-bc55-0242ac130003","subjectTypeId":1,"subjectTypeName":"Избирательные комиссии (ИК)","isUnchecked":"f","isProtected":"t","isDoc":"f","beginDate":"2020-03-04","endDate":"2020-03-04","isActive":true,"kca":null},"subjectLevel":{"createDate":"2020-04-03T00:00:00","updateDate":"2020-04-03T00:00:00","createUserId":"28d1bdea-5e04-11ea-bc55-0242ac130003","updateUserId":"28d1bdea-5e04-11ea-bc55-0242ac130003","subjectLevelId":46,"subjectLevelParent":{"createDate":"2020-04-03T00:00:00","updateDate":"2020-04-03T00:00:00","createUserId":"28d1bdea-5e04-11ea-bc55-0242ac130003","updateUserId":"28d1bdea-5e04-11ea-bc55-0242ac130003","subjectLevelId":45,"subjectLevelParent":{"createDate":"2020-04-03T00:00:00","updateDate":"2020-04-03T00:00:00","createUserId":"28d1bdea-5e04-11ea-bc55-0242ac130003","updateUserId":"28d1bdea-5e04-11ea-bc55-0242ac130003","subjectLevelId":43,"subjectLevelParent":{"createDate":"2020-04-03T00:00:00","updateDate":"2020-04-03T00:00:00","createUserId":"28d1bdea-5e04-11ea-bc55-0242ac130003","updateUserId":"28d1bdea-5e04-11ea-bc55-0242ac130003","subjectLevelId":42,"subjectLevelParent":{"createDate":"2020-04-03T00:00:00","updateDate":"2020-04-03T00:00:00","createUserId":"28d1bdea-5e04-11ea-bc55-0242ac130003","updateUserId":"28d1bdea-5e04-11ea-bc55-0242ac130003","subjectLevelId":41,"subjectLevelParent":null,"beginDate":null,"endDate":null,"isActive":true,"isUnchecked":false,"subjectLevelName":"ЦИК","isProtected":true,"kca":null,"subjectType":{"createDate":"2020-03-04T00:00:00","updateDate":"2020-03-04T00:00:00","createUserId":"28d1bdea-5e04-11ea-bc55-0242ac130003","updateUserId":"28d1bdea-5e04-11ea-bc55-0242ac130003","subjectTypeId":1,"subjectTypeName":"Избирательные комиссии (ИК)","isUnchecked":"f","isProtected":"t","isDoc":"f","beginDate":"2020-03-04","endDate":"2020-03-04","isActive":true,"kca":null},"lvl":1},"beginDate":null,"endDate":null,"isActive":true,"isUnchecked":false,"subjectLevelName":"ИКСРФ","isProtected":true,"kca":null,"subjectType":{"createDate":"2020-03-04T00:00:00","updateDate":"2020-03-04T00:00:00","createUserId":"28d1bdea-5e04-11ea-bc55-0242ac130003","updateUserId":"28d1bdea-5e04-11ea-bc55-0242ac130003","subjectTypeId":1,"subjectTypeName":"Избирательные комиссии (ИК)","isUnchecked":"f","isProtected":"t","isDoc":"f","beginDate":"2020-03-04","endDate":"2020-03-04","isActive":true,"kca":null},"lvl":2},"beginDate":null,"endDate":null,"isActive":true,"isUnchecked":false,"subjectLevelName":"ОИК","isProtected":true,"kca":null,"subjectType":{"createDate":"2020-03-04T00:00:00","updateDate":"2020-03-04T00:00:00","createUserId":"28d1bdea-5e04-11ea-bc55-0242ac130003","updateUserId":"28d1bdea-5e04-11ea-bc55-0242ac130003","subjectTypeId":1,"subjectTypeName":"Избирательные комиссии (ИК)","isUnchecked":"f","isProtected":"t","isDoc":"f","beginDate":"2020-03-04","endDate":"2020-03-04","isActive":true,"kca":null},"lvl":3},"beginDate":null,"endDate":null,"isActive":true,"isUnchecked":false,"subjectLevelName":"ТИК","isProtected":true,"kca":null,"subjectType":{"createDate":"2020-03-04T00:00:00","updateDate":"2020-03-04T00:00:00","createUserId":"28d1bdea-5e04-11ea-bc55-0242ac130003","updateUserId":"28d1bdea-5e04-11ea-bc55-0242ac130003","subjectTypeId":1,"subjectTypeName":"Избирательные комиссии (ИК)","isUnchecked":"f","isProtected":"t","isDoc":"f","beginDate":"2020-03-04","endDate":"2020-03-04","isActive":true,"kca":null},"lvl":4},"beginDate":null,"endDate":null,"isActive":true,"isUnchecked":false,"subjectLevelName":"УИК","isProtected":true,"kca":null,"subjectType":{"createDate":"2020-03-04T00:00:00","updateDate":"2020-03-04T00:00:00","createUserId":"28d1bdea-5e04-11ea-bc55-0242ac130003","updateUserId":"28d1bdea-5e04-11ea-bc55-0242ac130003","subjectTypeId":1,"subjectTypeName":"Избирательные комиссии (ИК)","isUnchecked":"f","isProtected":"t","isDoc":"f","beginDate":"2020-03-04","endDate":"2020-03-04","isActive":true,"kca":null},"lvl":5},"municipalType":null,"electionLevel":null,"subjectRf":{"subjectRfId":21636,"createDate":"1999-12-30","subjectRfName":"Рязанская область","genetiveSName":"Рязанской области","subjectRfCode":"62","subjectRfCenter":"г.Рязань","timeZone":"0.00","host":"@S77.msg.ru","kcaNumber":"62S000","replaceDate":null,"holder":"        ","electComName":"Избирательная комиссия Рязанской области","genetiveEcName":"Избирательной комиссии Рязанской области","fedDistrictCode":"6","mtoCode":null,"subjectRfNumber":null,"electorCount":null,"fciMail":"","parentSubjectRfCode":"","subjectRfType":"","celectComCode":null},"isUnchecked":false,"isProtected":false,"kca":"62T013","subjectFullName":"ЦИК: Избирательные комиссии (ИК) 00C000, ТИК: Избирательные комиссии (ИК) Избирательная комиссия Рязанской области, ТИК: Избирательные комиссии (ИК) Территориальная избирательная комиссия Рыбновского района, УИК: Избирательные комиссии (ИК) Участковая избирательная комиссия №385","lvl":4,"leftCount":null,"rightCount":null,"electionCompanyNameId":null},"nameIk":"Участок №385","vidIk":46,"districtNum":385,"districtType":"постоянный","subjectRf":{"subjectRfId":21636,"createDate":"1999-12-30","subjectRfName":"Рязанская область","genetiveSName":"Рязанской области","subjectRfCode":"62","subjectRfCenter":"г.Рязань","timeZone":"0.00","host":"@S77.msg.ru","kcaNumber":"62S000","replaceDate":null,"holder":"        ","electComName":"Избирательная комиссия Рязанской области","genetiveEcName":"Избирательной комиссии Рязанской области","fedDistrictCode":"6","mtoCode":null,"subjectRfNumber":null,"electorCount":null,"fciMail":"","parentSubjectRfCode":"","subjectRfType":"","celectComCode":null},"vcprTech":"","numbersResId":null,"slicingResId":null,"dateout":null,"notes":"135637827259064320000011354","kca":"62T013","isActual":true,"electorDistrictCategory":{"vrn":100100025537261,"vrnCls":116,"znachatr":"городские","vnkod":"10","sortirovka":1,"prretro":"N         ","prim":"городские участки (избирательные участки, образуемые на территории городских округов, городских поселений и городов федерального значения)","dateadd":"2010-06-10T10:00:00","vnkodok":"","stok":"","dateretro":null,"vrnstok":null},"addressString":"Российская Федерация, Рязанская область, Муниципальное образование - Рыбновский муниципальный район,  г. Рыбное, Почтовая, здание НИИП, 22"},{"createDate":"2020-09-06T18:38:40.829","updateDate":null,"createUserId":null,"updateUserId":null,"plotsTerritoriesId":9339,"subject":{"createDate":"2020-04-03T00:00:00","updateDate":"2020-04-03T00:00:00","createUserId":"28d1bdea-5e04-11ea-bc55-0242ac130003","updateUserId":"28d1bdea-5e04-11ea-bc55-0242ac130003","subjectId":"12836","subjectGlobalId":"108032","subjectGlobalParentId":"90357","isActual":true,"beginDate":null,"endDate":null,"subjectName":"Участковая избирательная комиссия №386","subjectType":{"createDate":"2020-03-04T00:00:00","updateDate":"2020-03-04T00:00:00","createUserId":"28d1bdea-5e04-11ea-bc55-0242ac130003","updateUserId":"28d1bdea-5e04-11ea-bc55-0242ac130003","subjectTypeId":1,"subjectTypeName":"Избирательные комиссии (ИК)","isUnchecked":"f","isProtected":"t","isDoc":"f","beginDate":"2020-03-04","endDate":"2020-03-04","isActive":true,"kca":null},"subjectLevel":{"createDate":"2020-04-03T00:00:00","updateDate":"2020-04-03T00:00:00","createUserId":"28d1bdea-5e04-11ea-bc55-0242ac130003","updateUserId":"28d1bdea-5e04-11ea-bc55-0242ac130003","subjectLevelId":46,"subjectLevelParent":{"createDate":"2020-04-03T00:00:00","updateDate":"2020-04-03T00:00:00","createUserId":"28d1bdea-5e04-11ea-bc55-0242ac130003","updateUserId":"28d1bdea-5e04-11ea-bc55-0242ac130003","subjectLevelId":45,"subjectLevelParent":{"createDate":"2020-04-03T00:00:00","updateDate":"2020-04-03T00:00:00","createUserId":"28d1bdea-5e04-11ea-bc55-0242ac130003","updateUserId":"28d1bdea-5e04-11ea-bc55-0242ac130003","subjectLevelId":43,"subjectLevelParent":{"createDate":"2020-04-03T00:00:00","updateDate":"2020-04-03T00:00:00","createUserId":"28d1bdea-5e04-11ea-bc55-0242ac130003","updateUserId":"28d1bdea-5e04-11ea-bc55-0242ac130003","subjectLevelId":42,"subjectLevelParent":{"createDate":"2020-04-03T00:00:00","updateDate":"2020-04-03T00:00:00","createUserId":"28d1bdea-5e04-11ea-bc55-0242ac130003","updateUserId":"28d1bdea-5e04-11ea-bc55-0242ac130003","subjectLevelId":41,"subjectLevelParent":null,"beginDate":null,"endDate":null,"isActive":true,"isUnchecked":false,"subjectLevelName":"ЦИК","isProtected":true,"kca":null,"subjectType":{"createDate":"2020-03-04T00:00:00","updateDate":"2020-03-04T00:00:00","createUserId":"28d1bdea-5e04-11ea-bc55-0242ac130003","updateUserId":"28d1bdea-5e04-11ea-bc55-0242ac130003","subjectTypeId":1,"subjectTypeName":"Избирательные комиссии (ИК)","isUnchecked":"f","isProtected":"t","isDoc":"f","beginDate":"2020-03-04","endDate":"2020-03-04","isActive":true,"kca":null},"lvl":1},"beginDate":null,"endDate":null,"isActive":true,"isUnchecked":false,"subjectLevelName":"ИКСРФ","isProtected":true,"kca":null,"subjectType":{"createDate":"2020-03-04T00:00:00","updateDate":"2020-03-04T00:00:00","createUserId":"28d1bdea-5e04-11ea-bc55-0242ac130003","updateUserId":"28d1bdea-5e04-11ea-bc55-0242ac130003","subjectTypeId":1,"subjectTypeName":"Избирательные комиссии (ИК)","isUnchecked":"f","isProtected":"t","isDoc":"f","beginDate":"2020-03-04","endDate":"2020-03-04","isActive":true,"kca":null},"lvl":2},"beginDate":null,"endDate":null,"isActive":true,"isUnchecked":false,"subjectLevelName":"ОИК","isProtected":true,"kca":null,"subjectType":{"createDate":"2020-03-04T00:00:00","updateDate":"2020-03-04T00:00:00","createUserId":"28d1bdea-5e04-11ea-bc55-0242ac130003","updateUserId":"28d1bdea-5e04-11ea-bc55-0242ac130003","subjectTypeId":1,"subjectTypeName":"Избирательные комиссии (ИК)","isUnchecked":"f","isProtected":"t","isDoc":"f","beginDate":"2020-03-04","endDate":"2020-03-04","isActive":true,"kca":null},"lvl":3},"beginDate":null,"endDate":null,"isActive":true,"isUnchecked":false,"subjectLevelName":"ТИК","isProtected":true,"kca":null,"subjectType":{"createDate":"2020-03-04T00:00:00","updateDate":"2020-03-04T00:00:00","createUserId":"28d1bdea-5e04-11ea-bc55-0242ac130003","updateUserId":"28d1bdea-5e04-11ea-bc55-0242ac130003","subjectTypeId":1,"subjectTypeName":"Избирательные комиссии (ИК)","isUnchecked":"f","isProtected":"t","isDoc":"f","beginDate":"2020-03-04","endDate":"2020-03-04","isActive":true,"kca":null},"lvl":4},"beginDate":null,"endDate":null,"isActive":true,"isUnchecked":false,"subjectLevelName":"УИК","isProtected":true,"kca":null,"subjectType":{"createDate":"2020-03-04T00:00:00","updateDate":"2020-03-04T00:00:00","createUserId":"28d1bdea-5e04-11ea-bc55-0242ac130003","updateUserId":"28d1bdea-5e04-11ea-bc55-0242ac130003","subjectTypeId":1,"subjectTypeName":"Избирательные комиссии (ИК)","isUnchecked":"f","isProtected":"t","isDoc":"f","beginDate":"2020-03-04","endDate":"2020-03-04","isActive":true,"kca":null},"lvl":5},"municipalType":null,"electionLevel":null,"subjectRf":{"subjectRfId":21636,"createDate":"1999-12-30","subjectRfName":"Рязанская область","genetiveSName":"Рязанской области","subjectRfCode":"62","subjectRfCenter":"г.Рязань","timeZone":"0.00","host":"@S77.msg.ru","kcaNumber":"62S000","replaceDate":null,"holder":"        ","electComName":"Избирательная комиссия Рязанской области","genetiveEcName":"Избирательной комиссии Рязанской области","fedDistrictCode":"6","mtoCode":null,"subjectRfNumber":null,"electorCount":null,"fciMail":"","parentSubjectRfCode":"","subjectRfType":"","celectComCode":null},"isUnchecked":false,"isProtected":false,"kca":"62T013","subjectFullName":"ЦИК: Избирательные комиссии (ИК) 00C000, ТИК: Избирательные комиссии (ИК) Избирательная комиссия Рязанской области, ТИК: Избирательные комиссии (ИК) Территориальная избирательная комиссия Рыбновского района, УИК: Избирательные комиссии (ИК) Участковая избирательная комиссия №386","lvl":4,"leftCount":null,"rightCount":null,"electionCompanyNameId":null},"nameIk":"Участок №386","vidIk":46,"districtNum":386,"districtType":"постоянный","subjectRf":{"subjectRfId":21636,"createDate":"1999-12-30","subjectRfName":"Рязанская область","genetiveSName":"Рязанской области","subjectRfCode":"62","subjectRfCenter":"г.Рязань","timeZone":"0.00","host":"@S77.msg.ru","kcaNumber":"62S000","replaceDate":null,"holder":"        ","electComName":"Избирательная комиссия Рязанской области","genetiveEcName":"Избирательной комиссии Рязанской области","fedDistrictCode":"6","mtoCode":null,"subjectRfNumber":null,"electorCount":null,"fciMail":"","parentSubjectRfCode":"","subjectRfType":"","celectComCode":null},"vcprTech":"","numbersResId":null,"slicingResId":null,"dateout":null,"notes":"135637827259064320000011354","kca":"62T013","isActual":true,"electorDistrictCategory":{"vrn":100100025537261,"vrnCls":116,"znachatr":"городские","vnkod":"10","sortirovka":1,"prretro":"N         ","prim":"городские участки (избирательные участки, образуемые на территории городских округов, городских поселений и городов федерального значения)","dateadd":"2010-06-10T10:00:00","vnkodok":"","stok":"","dateretro":null,"vrnstok":null},"addressString":"Российская Федерация, Рязанская область, Муниципальное образование - Рыбновский муниципальный район,  г. Рыбное, пер. Набережный, 2 (здание средней общеобразовательной школы №1)"},{"createDate":"2020-09-06T18:38:40.829","updateDate":null,"createUserId":null,"updateUserId":null,"plotsTerritoriesId":9342,"subject":{"createDate":"2020-04-03T00:00:00","updateDate":"2020-04-03T00:00:00","createUserId":"28d1bdea-5e04-11ea-bc55-0242ac130003","updateUserId":"28d1bdea-5e04-11ea-bc55-0242ac130003","subjectId":"11897","subjectGlobalId":"108033","subjectGlobalParentId":"90357","isActual":true,"beginDate":null,"endDate":null,"subjectName":"Участковая избирательная комиссия №387","subjectType":{"createDate":"2020-03-04T00:00:00","updateDate":"2020-03-04T00:00:00","createUserId":"28d1bdea-5e04-11ea-bc55-0242ac130003","updateUserId":"28d1bdea-5e04-11ea-bc55-0242ac130003","subjectTypeId":1,"subjectTypeName":"Избирательные комиссии (ИК)","isUnchecked":"f","isProtected":"t","isDoc":"f","beginDate":"2020-03-04","endDate":"2020-03-04","isActive":true,"kca":null},"subjectLevel":{"createDate":"2020-04-03T00:00:00","updateDate":"2020-04-03T00:00:00","createUserId":"28d1bdea-5e04-11ea-bc55-0242ac130003","updateUserId":"28d1bdea-5e04-11ea-bc55-0242ac130003","subjectLevelId":46,"subjectLevelParent":{"createDate":"2020-04-03T00:00:00","updateDate":"2020-04-03T00:00:00","createUserId":"28d1bdea-5e04-11ea-bc55-0242ac130003","updateUserId":"28d1bdea-5e04-11ea-bc55-0242ac130003","subjectLevelId":45,"subjectLevelParent":{"createDate":"2020-04-03T00:00:00","updateDate":"2020-04-03T00:00:00","createUserId":"28d1bdea-5e04-11ea-bc55-0242ac130003","updateUserId":"28d1bdea-5e04-11ea-bc55-0242ac130003","subjectLevelId":43,"subjectLevelParent":{"createDate":"2020-04-03T00:00:00","updateDate":"2020-04-03T00:00:00","createUserId":"28d1bdea-5e04-11ea-bc55-0242ac130003","updateUserId":"28d1bdea-5e04-11ea-bc55-0242ac130003","subjectLevelId":42,"subjectLevelParent":{"createDate":"2020-04-03T00:00:00","updateDate":"2020-04-03T00:00:00","createUserId":"28d1bdea-5e04-11ea-bc55-0242ac130003","updateUserId":"28d1bdea-5e04-11ea-bc55-0242ac130003","subjectLevelId":41,"subjectLevelParent":null,"beginDate":null,"endDate":null,"isActive":true,"isUnchecked":false,"subjectLevelName":"ЦИК","isProtected":true,"kca":null,"subjectType":{"createDate":"2020-03-04T00:00:00","updateDate":"2020-03-04T00:00:00","createUserId":"28d1bdea-5e04-11ea-bc55-0242ac130003","updateUserId":"28d1bdea-5e04-11ea-bc55-0242ac130003","subjectTypeId":1,"subjectTypeName":"Избирательные комиссии (ИК)","isUnchecked":"f","isProtected":"t","isDoc":"f","beginDate":"2020-03-04","endDate":"2020-03-04","isActive":true,"kca":null},"lvl":1},"beginDate":null,"endDate":null,"isActive":true,"isUnchecked":false,"subjectLevelName":"ИКСРФ","isProtected":true,"kca":null,"subjectType":{"createDate":"2020-03-04T00:00:00","updateDate":"2020-03-04T00:00:00","createUserId":"28d1bdea-5e04-11ea-bc55-0242ac130003","updateUserId":"28d1bdea-5e04-11ea-bc55-0242ac130003","subjectTypeId":1,"subjectTypeName":"Избирательные комиссии (ИК)","isUnchecked":"f","isProtected":"t","isDoc":"f","beginDate":"2020-03-04","endDate":"2020-03-04","isActive":true,"kca":null},"lvl":2},"beginDate":null,"endDate":null,"isActive":true,"isUnchecked":false,"subjectLevelName":"ОИК","isProtected":true,"kca":null,"subjectType":{"createDate":"2020-03-04T00:00:00","updateDate":"2020-03-04T00:00:00","createUserId":"28d1bdea-5e04-11ea-bc55-0242ac130003","updateUserId":"28d1bdea-5e04-11ea-bc55-0242ac130003","subjectTypeId":1,"subjectTypeName":"Избирательные комиссии (ИК)","isUnchecked":"f","isProtected":"t","isDoc":"f","beginDate":"2020-03-04","endDate":"2020-03-04","isActive":true,"kca":null},"lvl":3},"beginDate":null,"endDate":null,"isActive":true,"isUnchecked":false,"subjectLevelName":"ТИК","isProtected":true,"kca":null,"subjectType":{"createDate":"2020-03-04T00:00:00","updateDate":"2020-03-04T00:00:00","createUserId":"28d1bdea-5e04-11ea-bc55-0242ac130003","updateUserId":"28d1bdea-5e04-11ea-bc55-0242ac130003","subjectTypeId":1,"subjectTypeName":"Избирательные комиссии (ИК)","isUnchecked":"f","isProtected":"t","isDoc":"f","beginDate":"2020-03-04","endDate":"2020-03-04","isActive":true,"kca":null},"lvl":4},"beginDate":null,"endDate":null,"isActive":true,"isUnchecked":false,"subjectLevelName":"УИК","isProtected":true,"kca":null,"subjectType":{"createDate":"2020-03-04T00:00:00","updateDate":"2020-03-04T00:00:00","createUserId":"28d1bdea-5e04-11ea-bc55-0242ac130003","updateUserId":"28d1bdea-5e04-11ea-bc55-0242ac130003","subjectTypeId":1,"subjectTypeName":"Избирательные комиссии (ИК)","isUnchecked":"f","isProtected":"t","isDoc":"f","beginDate":"2020-03-04","endDate":"2020-03-04","isActive":true,"kca":null},"lvl":5},"municipalType":null,"electionLevel":null,"subjectRf":{"subjectRfId":21636,"createDate":"1999-12-30","subjectRfName":"Рязанская область","genetiveSName":"Рязанской области","subjectRfCode":"62","subjectRfCenter":"г.Рязань","timeZone":"0.00","host":"@S77.msg.ru","kcaNumber":"62S000","replaceDate":null,"holder":"        ","electComName":"Избирательная комиссия Рязанской области","genetiveEcName":"Избирательной комиссии Рязанской области","fedDistrictCode":"6","mtoCode":null,"subjectRfNumber":null,"electorCount":null,"fciMail":"","parentSubjectRfCode":"","subjectRfType":"","celectComCode":null},"isUnchecked":false,"isProtected":false,"kca":"62T013","subjectFullName":"ЦИК: Избирательные комиссии (ИК) 00C000, ТИК: Избирательные комиссии (ИК) Избирательная комиссия Рязанской области, ТИК: Избирательные комиссии (ИК) Территориальная избирательная комиссия Рыбновского района, УИК: Избирательные комиссии (ИК) Участковая избирательная комиссия №387","lvl":4,"leftCount":null,"rightCount":null,"electionCompanyNameId":null},"nameIk":"Участок №387","vidIk":46,"districtNum":387,"districtType":"постоянный","subjectRf":{"subjectRfId":21636,"createDate":"1999-12-30","subjectRfName":"Рязанская область","genetiveSName":"Рязанской области","subjectRfCode":"62","subjectRfCenter":"г.Рязань","timeZone":"0.00","host":"@S77.msg.ru","kcaNumber":"62S000","replaceDate":null,"holder":"        ","electComName":"Избирательная комиссия Рязанской области","genetiveEcName":"Избирательной комиссии Рязанской области","fedDistrictCode":"6","mtoCode":null,"subjectRfNumber":null,"electorCount":null,"fciMail":"","parentSubjectRfCode":"","subjectRfType":"","celectComCode":null},"vcprTech":"","numbersResId":null,"slicingResId":null,"dateout":null,"notes":"135637827259064320000011354","kca":"62T013","isActual":true,"electorDistrictCategory":{"vrn":100100025537261,"vrnCls":116,"znachatr":"городские","vnkod":"10","sortirovka":1,"prretro":"N         ","prim":"городские участки (избирательные участки, образуемые на территории городских округов, городских поселений и городов федерального значения)","dateadd":"2010-06-10T10:00:00","vnkodok":"","stok":"","dateretro":null,"vrnstok":null},"addressString":"Российская Федерация, Рязанская область, Муниципальное образование - Рыбновский муниципальный район,  г. Рыбное, Электротяговая, 16 (здание ФГОУ ДПОС \"Академия пчеловодства\""},{"createDate":"2020-09-06T18:38:40.829","updateDate":null,"createUserId":null,"updateUserId":null,"plotsTerritoriesId":9345,"subject":{"createDate":"2020-04-03T00:00:00","updateDate":"2020-04-03T00:00:00","createUserId":"28d1bdea-5e04-11ea-bc55-0242ac130003","updateUserId":"28d1bdea-5e04-11ea-bc55-0242ac130003","subjectId":"31594","subjectGlobalId":"108034","subjectGlobalParentId":"90357","isActual":true,"beginDate":null,"endDate":null,"subjectName":"Участковая избирательная комиссия №388","subjectType":{"createDate":"2020-03-04T00:00:00","updateDate":"2020-03-04T00:00:00","createUserId":"28d1bdea-5e04-11ea-bc55-0242ac130003","updateUserId":"28d1bdea-5e04-11ea-bc55-0242ac130003","subjectTypeId":1,"subjectTypeName":"Избирательные комиссии (ИК)","isUnchecked":"f","isProtected":"t","isDoc":"f","beginDate":"2020-03-04","endDate":"2020-03-04","isActive":true,"kca":null},"subjectLevel":{"createDate":"2020-04-03T00:00:00","updateDate":"2020-04-03T00:00:00","createUserId":"28d1bdea-5e04-11ea-bc55-0242ac130003","updateUserId":"28d1bdea-5e04-11ea-bc55-0242ac130003","subjectLevelId":46,"subjectLevelParent":{"createDate":"2020-04-03T00:00:00","updateDate":"2020-04-03T00:00:00","createUserId":"28d1bdea-5e04-11ea-bc55-0242ac130003","updateUserId":"28d1bdea-5e04-11ea-bc55-0242ac130003","subjectLevelId":45,"subjectLevelParent":{"createDate":"2020-04-03T00:00:00","updateDate":"2020-04-03T00:00:00","createUserId":"28d1bdea-5e04-11ea-bc55-0242ac130003","updateUserId":"28d1bdea-5e04-11ea-bc55-0242ac130003","subjectLevelId":43,"subjectLevelParent":{"createDate":"2020-04-03T00:00:00","updateDate":"2020-04-03T00:00:00","createUserId":"28d1bdea-5e04-11ea-bc55-0242ac130003","updateUserId":"28d1bdea-5e04-11ea-bc55-0242ac130003","subjectLevelId":42,"subjectLevelParent":{"createDate":"2020-04-03T00:00:00","updateDate":"2020-04-03T00:00:00","createUserId":"28d1bdea-5e04-11ea-bc55-0242ac130003","updateUserId":"28d1bdea-5e04-11ea-bc55-0242ac130003","subjectLevelId":41,"subjectLevelParent":null,"beginDate":null,"endDate":null,"isActive":true,"isUnchecked":false,"subjectLevelName":"ЦИК","isProtected":true,"kca":null,"subjectType":{"createDate":"2020-03-04T00:00:00","updateDate":"2020-03-04T00:00:00","createUserId":"28d1bdea-5e04-11ea-bc55-0242ac130003","updateUserId":"28d1bdea-5e04-11ea-bc55-0242ac130003","subjectTypeId":1,"subjectTypeName":"Избирательные комиссии (ИК)","isUnchecked":"f","isProtected":"t","isDoc":"f","beginDate":"2020-03-04","endDate":"2020-03-04","isActive":true,"kca":null},"lvl":1},"beginDate":null,"endDate":null,"isActive":true,"isUnchecked":false,"subjectLevelName":"ИКСРФ","isProtected":true,"kca":null,"subjectType":{"createDate":"2020-03-04T00:00:00","updateDate":"2020-03-04T00:00:00","createUserId":"28d1bdea-5e04-11ea-bc55-0242ac130003","updateUserId":"28d1bdea-5e04-11ea-bc55-0242ac130003","subjectTypeId":1,"subjectTypeName":"Избирательные комиссии (ИК)","isUnchecked":"f","isProtected":"t","isDoc":"f","beginDate":"2020-03-04","endDate":"2020-03-04","isActive":true,"kca":null},"lvl":2},"beginDate":null,"endDate":null,"isActive":true,"isUnchecked":false,"subjectLevelName":"ОИК","isProtected":true,"kca":null,"subjectType":{"createDate":"2020-03-04T00:00:00","updateDate":"2020-03-04T00:00:00","createUserId":"28d1bdea-5e04-11ea-bc55-0242ac130003","updateUserId":"28d1bdea-5e04-11ea-bc55-0242ac130003","subjectTypeId":1,"subjectTypeName":"Избирательные комиссии (ИК)","isUnchecked":"f","isProtected":"t","isDoc":"f","beginDate":"2020-03-04","endDate":"2020-03-04","isActive":true,"kca":null},"lvl":3},"beginDate":null,"endDate":null,"isActive":true,"isUnchecked":false,"subjectLevelName":"ТИК","isProtected":true,"kca":null,"subjectType":{"createDate":"2020-03-04T00:00:00","updateDate":"2020-03-04T00:00:00","createUserId":"28d1bdea-5e04-11ea-bc55-0242ac130003","updateUserId":"28d1bdea-5e04-11ea-bc55-0242ac130003","subjectTypeId":1,"subjectTypeName":"Избирательные комиссии (ИК)","isUnchecked":"f","isProtected":"t","isDoc":"f","beginDate":"2020-03-04","endDate":"2020-03-04","isActive":true,"kca":null},"lvl":4},"beginDate":null,"endDate":null,"isActive":true,"isUnchecked":false,"subjectLevelName":"УИК","isProtected":true,"kca":null,"subjectType":{"createDate":"2020-03-04T00:00:00","updateDate":"2020-03-04T00:00:00","createUserId":"28d1bdea-5e04-11ea-bc55-0242ac130003","updateUserId":"28d1bdea-5e04-11ea-bc55-0242ac130003","subjectTypeId":1,"subjectTypeName":"Избирательные комиссии (ИК)","isUnchecked":"f","isProtected":"t","isDoc":"f","beginDate":"2020-03-04","endDate":"2020-03-04","isActive":true,"kca":null},"lvl":5},"municipalType":null,"electionLevel":null,"subjectRf":{"subjectRfId":21636,"createDate":"1999-12-30","subjectRfName":"Рязанская область","genetiveSName":"Рязанской области","subjectRfCode":"62","subjectRfCenter":"г.Рязань","timeZone":"0.00","host":"@S77.msg.ru","kcaNumber":"62S000","replaceDate":null,"holder":"        ","electComName":"Избирательная комиссия Рязанской области","genetiveEcName":"Избирательной комиссии Рязанской области","fedDistrictCode":"6","mtoCode":null,"subjectRfNumber":null,"electorCount":null,"fciMail":"","parentSubjectRfCode":"","subjectRfType":"","celectComCode":null},"isUnchecked":false,"isProtected":false,"kca":"62T013","subjectFullName":"ЦИК: Избирательные комиссии (ИК) 00C000, ТИК: Избирательные комиссии (ИК) Избирательная комиссия Рязанской области, ТИК: Избирательные комиссии (ИК) Территориальная избирательная комиссия Рыбновского района, УИК: Избирательные комиссии (ИК) Участковая избирательная комиссия №388","lvl":4,"leftCount":null,"rightCount":null,"electionCompanyNameId":null},"nameIk":"Участок №388","vidIk":46,"districtNum":388,"districtType":"постоянный","subjectRf":{"subjectRfId":21636,"createDate":"1999-12-30","subjectRfName":"Рязанская область","genetiveSName":"Рязанской области","subjectRfCode":"62","subjectRfCenter":"г.Рязань","timeZone":"0.00","host":"@S77.msg.ru","kcaNumber":"62S000","replaceDate":null,"holder":"        ","electComName":"Избирательная комиссия Рязанской области","genetiveEcName":"Избирательной комиссии Рязанской области","fedDistrictCode":"6","mtoCode":null,"subjectRfNumber":null,"electorCount":null,"fciMail":"","parentSubjectRfCode":"","subjectRfType":"","celectComCode":null},"vcprTech":"","numbersResId":null,"slicingResId":null,"dateout":null,"notes":"135637827259064320000011354","kca":"62T013","isActual":true,"electorDistrictCategory":{"vrn":100100025537261,"vrnCls":116,"znachatr":"городские","vnkod":"10","sortirovka":1,"prretro":"N         ","prim":"городские участки (избирательные участки, образуемые на территории городских округов, городских поселений и городов федерального значения)","dateadd":"2010-06-10T10:00:00","vnkodok":"","stok":"","dateretro":null,"vrnstok":null},"addressString":"Российская Федерация, Рязанская область, Муниципальное образование - Рыбновский муниципальный район,  г. Рыбное, Куйбышева, 96 (здание основной общеобразовательной школы №5)"},{"createDate":"2020-09-06T18:38:40.829","updateDate":null,"createUserId":null,"updateUserId":null,"plotsTerritoriesId":9348,"subject":{"createDate":"2020-04-03T00:00:00","updateDate":"2020-04-03T00:00:00","createUserId":"28d1bdea-5e04-11ea-bc55-0242ac130003","updateUserId":"28d1bdea-5e04-11ea-bc55-0242ac130003","subjectId":"25423","subjectGlobalId":"108035","subjectGlobalParentId":"90357","isActual":true,"beginDate":null,"endDate":null,"subjectName":"Участковая избирательная комиссия №389","subjectType":{"createDate":"2020-03-04T00:00:00","updateDate":"2020-03-04T00:00:00","createUserId":"28d1bdea-5e04-11ea-bc55-0242ac130003","updateUserId":"28d1bdea-5e04-11ea-bc55-0242ac130003","subjectTypeId":1,"subjectTypeName":"Избирательные комиссии (ИК)","isUnchecked":"f","isProtected":"t","isDoc":"f","beginDate":"2020-03-04","endDate":"2020-03-04","isActive":true,"kca":null},"subjectLevel":{"createDate":"2020-04-03T00:00:00","updateDate":"2020-04-03T00:00:00","createUserId":"28d1bdea-5e04-11ea-bc55-0242ac130003","updateUserId":"28d1bdea-5e04-11ea-bc55-0242ac130003","subjectLevelId":46,"subjectLevelParent":{"createDate":"2020-04-03T00:00:00","updateDate":"2020-04-03T00:00:00","createUserId":"28d1bdea-5e04-11ea-bc55-0242ac130003","updateUserId":"28d1bdea-5e04-11ea-bc55-0242ac130003","subjectLevelId":45,"subjectLevelParent":{"createDate":"2020-04-03T00:00:00","updateDate":"2020-04-03T00:00:00","createUserId":"28d1bdea-5e04-11ea-bc55-0242ac130003","updateUserId":"28d1bdea-5e04-11ea-bc55-0242ac130003","subjectLevelId":43,"subjectLevelParent":{"createDate":"2020-04-03T00:00:00","updateDate":"2020-04-03T00:00:00","createUserId":"28d1bdea-5e04-11ea-bc55-0242ac130003","updateUserId":"28d1bdea-5e04-11ea-bc55-0242ac130003","subjectLevelId":42,"subjectLevelParent":{"createDate":"2020-04-03T00:00:00","updateDate":"2020-04-03T00:00:00","createUserId":"28d1bdea-5e04-11ea-bc55-0242ac130003","updateUserId":"28d1bdea-5e04-11ea-bc55-0242ac130003","subjectLevelId":41,"subjectLevelParent":null,"beginDate":null,"endDate":null,"isActive":true,"isUnchecked":false,"subjectLevelName":"ЦИК","isProtected":true,"kca":null,"subjectType":{"createDate":"2020-03-04T00:00:00","updateDate":"2020-03-04T00:00:00","createUserId":"28d1bdea-5e04-11ea-bc55-0242ac130003","updateUserId":"28d1bdea-5e04-11ea-bc55-0242ac130003","subjectTypeId":1,"subjectTypeName":"Избирательные комиссии (ИК)","isUnchecked":"f","isProtected":"t","isDoc":"f","beginDate":"2020-03-04","endDate":"2020-03-04","isActive":true,"kca":null},"lvl":1},"beginDate":null,"endDate":null,"isActive":true,"isUnchecked":false,"subjectLevelName":"ИКСРФ","isProtected":true,"kca":null,"subjectType":{"createDate":"2020-03-04T00:00:00","updateDate":"2020-03-04T00:00:00","createUserId":"28d1bdea-5e04-11ea-bc55-0242ac130003","updateUserId":"28d1bdea-5e04-11ea-bc55-0242ac130003","subjectTypeId":1,"subjectTypeName":"Избирательные комиссии (ИК)","isUnchecked":"f","isProtected":"t","isDoc":"f","beginDate":"2020-03-04","endDate":"2020-03-04","isActive":true,"kca":null},"lvl":2},"beginDate":null,"endDate":null,"isActive":true,"isUnchecked":false,"subjectLevelName":"ОИК","isProtected":true,"kca":null,"subjectType":{"createDate":"2020-03-04T00:00:00","updateDate":"2020-03-04T00:00:00","createUserId":"28d1bdea-5e04-11ea-bc55-0242ac130003","updateUserId":"28d1bdea-5e04-11ea-bc55-0242ac130003","subjectTypeId":1,"subjectTypeName":"Избирательные комиссии (ИК)","isUnchecked":"f","isProtected":"t","isDoc":"f","beginDate":"2020-03-04","endDate":"2020-03-04","isActive":true,"kca":null},"lvl":3},"beginDate":null,"endDate":null,"isActive":true,"isUnchecked":false,"subjectLevelName":"ТИК","isProtected":true,"kca":null,"subjectType":{"createDate":"2020-03-04T00:00:00","updateDate":"2020-03-04T00:00:00","createUserId":"28d1bdea-5e04-11ea-bc55-0242ac130003","updateUserId":"28d1bdea-5e04-11ea-bc55-0242ac130003","subjectTypeId":1,"subjectTypeName":"Избирательные комиссии (ИК)","isUnchecked":"f","isProtected":"t","isDoc":"f","beginDate":"2020-03-04","endDate":"2020-03-04","isActive":true,"kca":null},"lvl":4},"beginDate":null,"endDate":null,"isActive":true,"isUnchecked":false,"subjectLevelName":"УИК","isProtected":true,"kca":null,"subjectType":{"createDate":"2020-03-04T00:00:00","updateDate":"2020-03-04T00:00:00","createUserId":"28d1bdea-5e04-11ea-bc55-0242ac130003","updateUserId":"28d1bdea-5e04-11ea-bc55-0242ac130003","subjectTypeId":1,"subjectTypeName":"Избирательные комиссии (ИК)","isUnchecked":"f","isProtected":"t","isDoc":"f","beginDate":"2020-03-04","endDate":"2020-03-04","isActive":true,"kca":null},"lvl":5},"municipalType":null,"electionLevel":null,"subjectRf":{"subjectRfId":21636,"createDate":"1999-12-30","subjectRfName":"Рязанская область","genetiveSName":"Рязанской области","subjectRfCode":"62","subjectRfCenter":"г.Рязань","timeZone":"0.00","host":"@S77.msg.ru","kcaNumber":"62S000","replaceDate":null,"holder":"        ","electComName":"Избирательная комиссия Рязанской области","genetiveEcName":"Избирательной комиссии Рязанской области","fedDistrictCode":"6","mtoCode":null,"subjectRfNumber":null,"electorCount":null,"fciMail":"","parentSubjectRfCode":"","subjectRfType":"","celectComCode":null},"isUnchecked":false,"isProtected":false,"kca":"62T013","subjectFullName":"ЦИК: Избирательные комиссии (ИК) 00C000, ТИК: Избирательные комиссии (ИК) Избирательная комиссия Рязанской области, ТИК: Избирательные комиссии (ИК) Территориальная избирательная комиссия Рыбновского района, УИК: Избирательные комиссии (ИК) Участковая избирательная комиссия №389","lvl":4,"leftCount":null,"rightCount":null,"electionCompanyNameId":null},"nameIk":"Участок №389","vidIk":46,"districtNum":389,"districtType":"постоянный","subjectRf":{"subjectRfId":21636,"createDate":"1999-12-30","subjectRfName":"Рязанская область","genetiveSName":"Рязанской области","subjectRfCode":"62","subjectRfCenter":"г.Рязань","timeZone":"0.00","host":"@S77.msg.ru","kcaNumber":"62S000","replaceDate":null,"holder":"        ","electComName":"Избирательная комиссия Рязанской области","genetiveEcName":"Избирательной комиссии Рязанской области","fedDistrictCode":"6","mtoCode":null,"subjectRfNumber":null,"electorCount":null,"fciMail":"","parentSubjectRfCode":"","subjectRfType":"","celectComCode":null},"vcprTech":"","numbersResId":null,"slicingResId":null,"dateout":null,"notes":"135637827259064320000011354","kca":"62T013","isActual":true,"electorDistrictCategory":{"vrn":100100025537261,"vrnCls":116,"znachatr":"городские","vnkod":"10","sortirovka":1,"prretro":"N         ","prim":"городские участки (избирательные участки, образуемые на территории городских округов, городских поселений и городов федерального значения)","dateadd":"2010-06-10T10:00:00","vnkodok":"","stok":"","dateretro":null,"vrnstok":null},"addressString":"Российская Федерация, Рязанская область, Муниципальное образование - Рыбновский муниципальный район,  г. Рыбное, Театральная, 1 (здание социально-культурного центра)"},{"createDate":"2020-09-06T18:38:40.829","updateDate":null,"createUserId":null,"updateUserId":null,"plotsTerritoriesId":9352,"subject":{"createDate":"2020-04-03T00:00:00","updateDate":"2020-04-03T00:00:00","createUserId":"28d1bdea-5e04-11ea-bc55-0242ac130003","updateUserId":"28d1bdea-5e04-11ea-bc55-0242ac130003","subjectId":"25266","subjectGlobalId":"108036","subjectGlobalParentId":"90357","isActual":true,"beginDate":null,"endDate":null,"subjectName":"Участковая избирательная комиссия №390","subjectType":{"createDate":"2020-03-04T00:00:00","updateDate":"2020-03-04T00:00:00","createUserId":"28d1bdea-5e04-11ea-bc55-0242ac130003","updateUserId":"28d1bdea-5e04-11ea-bc55-0242ac130003","subjectTypeId":1,"subjectTypeName":"Избирательные комиссии (ИК)","isUnchecked":"f","isProtected":"t","isDoc":"f","beginDate":"2020-03-04","endDate":"2020-03-04","isActive":true,"kca":null},"subjectLevel":{"createDate":"2020-04-03T00:00:00","updateDate":"2020-04-03T00:00:00","createUserId":"28d1bdea-5e04-11ea-bc55-0242ac130003","updateUserId":"28d1bdea-5e04-11ea-bc55-0242ac130003","subjectLevelId":46,"subjectLevelParent":{"createDate":"2020-04-03T00:00:00","updateDate":"2020-04-03T00:00:00","createUserId":"28d1bdea-5e04-11ea-bc55-0242ac130003","updateUserId":"28d1bdea-5e04-11ea-bc55-0242ac130003","subjectLevelId":45,"subjectLevelParent":{"createDate":"2020-04-03T00:00:00","updateDate":"2020-04-03T00:00:00","createUserId":"28d1bdea-5e04-11ea-bc55-0242ac130003","updateUserId":"28d1bdea-5e04-11ea-bc55-0242ac130003","subjectLevelId":43,"subjectLevelParent":{"createDate":"2020-04-03T00:00:00","updateDate":"2020-04-03T00:00:00","createUserId":"28d1bdea-5e04-11ea-bc55-0242ac130003","updateUserId":"28d1bdea-5e04-11ea-bc55-0242ac130003","subjectLevelId":42,"subjectLevelParent":{"createDate":"2020-04-03T00:00:00","updateDate":"2020-04-03T00:00:00","createUserId":"28d1bdea-5e04-11ea-bc55-0242ac130003","updateUserId":"28d1bdea-5e04-11ea-bc55-0242ac130003","subjectLevelId":41,"subjectLevelParent":null,"beginDate":null,"endDate":null,"isActive":true,"isUnchecked":false,"subjectLevelName":"ЦИК","isProtected":true,"kca":null,"subjectType":{"createDate":"2020-03-04T00:00:00","updateDate":"2020-03-04T00:00:00","createUserId":"28d1bdea-5e04-11ea-bc55-0242ac130003","updateUserId":"28d1bdea-5e04-11ea-bc55-0242ac130003","subjectTypeId":1,"subjectTypeName":"Избирательные комиссии (ИК)","isUnchecked":"f","isProtected":"t","isDoc":"f","beginDate":"2020-03-04","endDate":"2020-03-04","isActive":true,"kca":null},"lvl":1},"beginDate":null,"endDate":null,"isActive":true,"isUnchecked":false,"subjectLevelName":"ИКСРФ","isProtected":true,"kca":null,"subjectType":{"createDate":"2020-03-04T00:00:00","updateDate":"2020-03-04T00:00:00","createUserId":"28d1bdea-5e04-11ea-bc55-0242ac130003","updateUserId":"28d1bdea-5e04-11ea-bc55-0242ac130003","subjectTypeId":1,"subjectTypeName":"Избирательные комиссии (ИК)","isUnchecked":"f","isProtected":"t","isDoc":"f","beginDate":"2020-03-04","endDate":"2020-03-04","isActive":true,"kca":null},"lvl":2},"beginDate":null,"endDate":null,"isActive":true,"isUnchecked":false,"subjectLevelName":"ОИК","isProtected":true,"kca":null,"subjectType":{"createDate":"2020-03-04T00:00:00","updateDate":"2020-03-04T00:00:00","createUserId":"28d1bdea-5e04-11ea-bc55-0242ac130003","updateUserId":"28d1bdea-5e04-11ea-bc55-0242ac130003","subjectTypeId":1,"subjectTypeName":"Избирательные комиссии (ИК)","isUnchecked":"f","isProtected":"t","isDoc":"f","beginDate":"2020-03-04","endDate":"2020-03-04","isActive":true,"kca":null},"lvl":3},"beginDate":null,"endDate":null,"isActive":true,"isUnchecked":false,"subjectLevelName":"ТИК","isProtected":true,"kca":null,"subjectType":{"createDate":"2020-03-04T00:00:00","updateDate":"2020-03-04T00:00:00","createUserId":"28d1bdea-5e04-11ea-bc55-0242ac130003","updateUserId":"28d1bdea-5e04-11ea-bc55-0242ac130003","subjectTypeId":1,"subjectTypeName":"Избирательные комиссии (ИК)","isUnchecked":"f","isProtected":"t","isDoc":"f","beginDate":"2020-03-04","endDate":"2020-03-04","isActive":true,"kca":null},"lvl":4},"beginDate":null,"endDate":null,"isActive":true,"isUnchecked":false,"subjectLevelName":"УИК","isProtected":true,"kca":null,"subjectType":{"createDate":"2020-03-04T00:00:00","updateDate":"2020-03-04T00:00:00","createUserId":"28d1bdea-5e04-11ea-bc55-0242ac130003","updateUserId":"28d1bdea-5e04-11ea-bc55-0242ac130003","subjectTypeId":1,"subjectTypeName":"Избирательные комиссии (ИК)","isUnchecked":"f","isProtected":"t","isDoc":"f","beginDate":"2020-03-04","endDate":"2020-03-04","isActive":true,"kca":null},"lvl":5},"municipalType":null,"electionLevel":null,"subjectRf":{"subjectRfId":21636,"createDate":"1999-12-30","subjectRfName":"Рязанская область","genetiveSName":"Рязанской области","subjectRfCode":"62","subjectRfCenter":"г.Рязань","timeZone":"0.00","host":"@S77.msg.ru","kcaNumber":"62S000","replaceDate":null,"holder":"        ","electComName":"Избирательная комиссия Рязанской области","genetiveEcName":"Избирательной комиссии Рязанской области","fedDistrictCode":"6","mtoCode":null,"subjectRfNumber":null,"electorCount":null,"fciMail":"","parentSubjectRfCode":"","subjectRfType":"","celectComCode":null},"isUnchecked":false,"isProtected":false,"kca":"62T013","subjectFullName":"ЦИК: Избирательные комиссии (ИК) 00C000, ТИК: Избирательные комиссии (ИК) Избирательная комиссия Рязанской области, ТИК: Избирательные комиссии (ИК) Территориальная избирательная комиссия Рыбновского района, УИК: Избирательные комиссии (ИК) Участковая избирательная комиссия №390","lvl":4,"leftCount":null,"rightCount":null,"electionCompanyNameId":null},"nameIk":"Участок №390","vidIk":46,"districtNum":390,"districtType":"постоянный","subjectRf":{"subjectRfId":21636,"createDate":"1999-12-30","subjectRfName":"Рязанская область","genetiveSName":"Рязанской области","subjectRfCode":"62","subjectRfCenter":"г.Рязань","timeZone":"0.00","host":"@S77.msg.ru","kcaNumber":"62S000","replaceDate":null,"holder":"        ","electComName":"Избирательная комиссия Рязанской области","genetiveEcName":"Избирательной комиссии Рязанской области","fedDistrictCode":"6","mtoCode":null,"subjectRfNumber":null,"electorCount":null,"fciMail":"","parentSubjectRfCode":"","subjectRfType":"","celectComCode":null},"vcprTech":"","numbersResId":null,"slicingResId":null,"dateout":null,"notes":"135637827259064320000011354","kca":"62T013","isActual":true,"electorDistrictCategory":{"vrn":100100025537261,"vrnCls":116,"znachatr":"городские","vnkod":"10","sortirovka":1,"prretro":"N         ","prim":"городские участки (избирательные участки, образуемые на территории городских округов, городских поселений и городов федерального значения)","dateadd":"2010-06-10T10:00:00","vnkodok":"","stok":"","dateretro":null,"vrnstok":null},"addressString":"Российская Федерация, Рязанская область, Муниципальное образование - Рыбновский муниципальный район, г. Рыбное, Мира, 18 (здание средней общеобразовательной школы №4)"},{"createDate":"2020-09-06T18:38:40.829","updateDate":null,"createUserId":null,"updateUserId":null,"plotsTerritoriesId":9355,"subject":{"createDate":"2020-04-03T00:00:00","updateDate":"2020-04-03T00:00:00","createUserId":"28d1bdea-5e04-11ea-bc55-0242ac130003","updateUserId":"28d1bdea-5e04-11ea-bc55-0242ac130003","subjectId":"19104","subjectGlobalId":"108037","subjectGlobalParentId":"90357","isActual":true,"beginDate":null,"endDate":null,"subjectName":"Участковая избирательная комиссия №391","subjectType":{"createDate":"2020-03-04T00:00:00","updateDate":"2020-03-04T00:00:00","createUserId":"28d1bdea-5e04-11ea-bc55-0242ac130003","updateUserId":"28d1bdea-5e04-11ea-bc55-0242ac130003","subjectTypeId":1,"subjectTypeName":"Избирательные комиссии (ИК)","isUnchecked":"f","isProtected":"t","isDoc":"f","beginDate":"2020-03-04","endDate":"2020-03-04","isActive":true,"kca":null},"subjectLevel":{"createDate":"2020-04-03T00:00:00","updateDate":"2020-04-03T00:00:00","createUserId":"28d1bdea-5e04-11ea-bc55-0242ac130003","updateUserId":"28d1bdea-5e04-11ea-bc55-0242ac130003","subjectLevelId":46,"subjectLevelParent":{"createDate":"2020-04-03T00:00:00","updateDate":"2020-04-03T00:00:00","createUserId":"28d1bdea-5e04-11ea-bc55-0242ac130003","updateUserId":"28d1bdea-5e04-11ea-bc55-0242ac130003","subjectLevelId":45,"subjectLevelParent":{"createDate":"2020-04-03T00:00:00","updateDate":"2020-04-03T00:00:00","createUserId":"28d1bdea-5e04-11ea-bc55-0242ac130003","updateUserId":"28d1bdea-5e04-11ea-bc55-0242ac130003","subjectLevelId":43,"subjectLevelParent":{"createDate":"2020-04-03T00:00:00","updateDate":"2020-04-03T00:00:00","createUserId":"28d1bdea-5e04-11ea-bc55-0242ac130003","updateUserId":"28d1bdea-5e04-11ea-bc55-0242ac130003","subjectLevelId":42,"subjectLevelParent":{"createDate":"2020-04-03T00:00:00","updateDate":"2020-04-03T00:00:00","createUserId":"28d1bdea-5e04-11ea-bc55-0242ac130003","updateUserId":"28d1bdea-5e04-11ea-bc55-0242ac130003","subjectLevelId":41,"subjectLevelParent":null,"beginDate":null,"endDate":null,"isActive":true,"isUnchecked":false,"subjectLevelName":"ЦИК","isProtected":true,"kca":null,"subjectType":{"createDate":"2020-03-04T00:00:00","updateDate":"2020-03-04T00:00:00","createUserId":"28d1bdea-5e04-11ea-bc55-0242ac130003","updateUserId":"28d1bdea-5e04-11ea-bc55-0242ac130003","subjectTypeId":1,"subjectTypeName":"Избирательные комиссии (ИК)","isUnchecked":"f","isProtected":"t","isDoc":"f","beginDate":"2020-03-04","endDate":"2020-03-04","isActive":true,"kca":null},"lvl":1},"beginDate":null,"endDate":null,"isActive":true,"isUnchecked":false,"subjectLevelName":"ИКСРФ","isProtected":true,"kca":null,"subjectType":{"createDate":"2020-03-04T00:00:00","updateDate":"2020-03-04T00:00:00","createUserId":"28d1bdea-5e04-11ea-bc55-0242ac130003","updateUserId":"28d1bdea-5e04-11ea-bc55-0242ac130003","subjectTypeId":1,"subjectTypeName":"Избирательные комиссии (ИК)","isUnchecked":"f","isProtected":"t","isDoc":"f","beginDate":"2020-03-04","endDate":"2020-03-04","isActive":true,"kca":null},"lvl":2},"beginDate":null,"endDate":null,"isActive":true,"isUnchecked":false,"subjectLevelName":"ОИК","isProtected":true,"kca":null,"subjectType":{"createDate":"2020-03-04T00:00:00","updateDate":"2020-03-04T00:00:00","createUserId":"28d1bdea-5e04-11ea-bc55-0242ac130003","updateUserId":"28d1bdea-5e04-11ea-bc55-0242ac130003","subjectTypeId":1,"subjectTypeName":"Избирательные комиссии (ИК)","isUnchecked":"f","isProtected":"t","isDoc":"f","beginDate":"2020-03-04","endDate":"2020-03-04","isActive":true,"kca":null},"lvl":3},"beginDate":null,"endDate":null,"isActive":true,"isUnchecked":false,"subjectLevelName":"ТИК","isProtected":true,"kca":null,"subjectType":{"createDate":"2020-03-04T00:00:00","updateDate":"2020-03-04T00:00:00","createUserId":"28d1bdea-5e04-11ea-bc55-0242ac130003","updateUserId":"28d1bdea-5e04-11ea-bc55-0242ac130003","subjectTypeId":1,"subjectTypeName":"Избирательные комиссии (ИК)","isUnchecked":"f","isProtected":"t","isDoc":"f","beginDate":"2020-03-04","endDate":"2020-03-04","isActive":true,"kca":null},"lvl":4},"beginDate":null,"endDate":null,"isActive":true,"isUnchecked":false,"subjectLevelName":"УИК","isProtected":true,"kca":null,"subjectType":{"createDate":"2020-03-04T00:00:00","updateDate":"2020-03-04T00:00:00","createUserId":"28d1bdea-5e04-11ea-bc55-0242ac130003","updateUserId":"28d1bdea-5e04-11ea-bc55-0242ac130003","subjectTypeId":1,"subjectTypeName":"Избирательные комиссии (ИК)","isUnchecked":"f","isProtected":"t","isDoc":"f","beginDate":"2020-03-04","endDate":"2020-03-04","isActive":true,"kca":null},"lvl":5},"municipalType":null,"electionLevel":null,"subjectRf":{"subjectRfId":21636,"createDate":"1999-12-30","subjectRfName":"Рязанская область","genetiveSName":"Рязанской области","subjectRfCode":"62","subjectRfCenter":"г.Рязань","timeZone":"0.00","host":"@S77.msg.ru","kcaNumber":"62S000","replaceDate":null,"holder":"        ","electComName":"Избирательная комиссия Рязанской области","genetiveEcName":"Избирательной комиссии Рязанской области","fedDistrictCode":"6","mtoCode":null,"subjectRfNumber":null,"electorCount":null,"fciMail":"","parentSubjectRfCode":"","subjectRfType":"","celectComCode":null},"isUnchecked":false,"isProtected":false,"kca":"62T013","subjectFullName":"ЦИК: Избирательные комиссии (ИК) 00C000, ТИК: Избирательные комиссии (ИК) Избирательная комиссия Рязанской области, ТИК: Избирательные комиссии (ИК) Территориальная избирательная комиссия Рыбновского района, УИК: Избирательные комиссии (ИК) Участковая избирательная комиссия №391","lvl":4,"leftCount":null,"rightCount":null,"electionCompanyNameId":null},"nameIk":"Участок №391","vidIk":46,"districtNum":391,"districtType":"постоянный","subjectRf":{"subjectRfId":21636,"createDate":"1999-12-30","subjectRfName":"Рязанская область","genetiveSName":"Рязанской области","subjectRfCode":"62","subjectRfCenter":"г.Рязань","timeZone":"0.00","host":"@S77.msg.ru","kcaNumber":"62S000","replaceDate":null,"holder":"        ","electComName":"Избирательная комиссия Рязанской области","genetiveEcName":"Избирательной комиссии Рязанской области","fedDistrictCode":"6","mtoCode":null,"subjectRfNumber":null,"electorCount":null,"fciMail":"","parentSubjectRfCode":"","subjectRfType":"","celectComCode":null},"vcprTech":"","numbersResId":null,"slicingResId":null,"dateout":null,"notes":"135637827259064320000011354","kca":"62T013","isActual":true,"electorDistrictCategory":{"vrn":100100025537261,"vrnCls":116,"znachatr":"городские","vnkod":"10","sortirovka":1,"prretro":"N         ","prim":"городские участки (избирательные участки, образуемые на территории городских округов, городских поселений и городов федерального значения)","dateadd":"2010-06-10T10:00:00","vnkodok":"","stok":"","dateretro":null,"vrnstok":null},"addressString":"Российская Федерация, Рязанская область, Муниципальное образование - Рыбновский муниципальный район, г. Рыбное, Новосельская, 17 (здание средней общеобразовательной школы №3)"}],"pageable":{"sort":{"sorted":true,"unsorted":false},"pageSize":10,"pageNumber":3,"offset":30,"paged":true,"unpaged":false},"totalElements":42,"last":false,"totalPages":5,"first":false,"sort":{"sorted":true,"unsorted":false},"number":3,"numberOfElements":10,"size":10}