[{"id":"1842","dateBegin":null,"dateEnd":null,"address":null,"subject":null,"serverId":null,"createDate":null,"updateDate":null,"createUserId":null,"updateUserId":null,"addrNodeName":null,"isActual":null,"addressNode":null,"addressId":"1198731","name":"Подлуг деревня","fullName":"Рязанская область, Рыбновский, Подлуг Д","level":6,"levelString":"Населенный пункт","electorsCount":8,"nodes":["дом 7","дом 25"]},{"id":"1840","dateBegin":null,"dateEnd":null,"address":null,"subject":null,"serverId":null,"createDate":null,"updateDate":null,"createUserId":null,"updateUserId":null,"addrNodeName":null,"isActual":null,"addressNode":null,"addressId":"1198640","name":"Поселок Зав Ветзоотехника","fullName":"Рязанская область, Рыбновский, П Зав Ветзоотехника","level":6,"levelString":"Населенный пункт","electorsCount":650,"nodes":["дом 1","дом 1А","дом 2","дом 3","дом 4А","дом 4","дом 5","дом 6","дом 7","дом 8","дом 9","дом 10","дом 11","дом 12","дом 14","дом 16","дом 21","дом 24","дом 25","дом 34"]},{"id":"1839","dateBegin":null,"dateEnd":null,"address":null,"subject":null,"serverId":null,"createDate":null,"updateDate":null,"createUserId":null,"updateUserId":null,"addrNodeName":null,"isActual":null,"addressNode":null,"addressId":"1198477","name":"Пощупово село","fullName":"Рязанская область, Рыбновский, Пощупово С","level":6,"levelString":"Населенный пункт","electorsCount":440,"nodes":["дом 4","дом 5","дом 10","дом 14","дом 16","дом 20","дом 25","дом 28","дом 61","дом 123","дом б/н","улица Новая","улица Почтовая","улица Рябиновая","улица Приокская","улица Центральная","улица Чистопрудная","улица Зеленые дворики"]},{"id":"1841","dateBegin":null,"dateEnd":null,"address":null,"subject":null,"serverId":null,"createDate":null,"updateDate":null,"createUserId":null,"updateUserId":null,"addrNodeName":null,"isActual":null,"addressNode":null,"addressId":"1198732","name":"Путково деревня","fullName":"Рязанская область, Рыбновский, Путково Д","level":6,"levelString":"Населенный пункт","electorsCount":22,"nodes":["дом 1","дом 11","дом 22","дом 29","дом 52"]}]