[{"id":973234,"beginDate":null,"endDate":null,"name":"Алтайский край","addressLevel":{"id":8,"name":"Субъект Федерации","startDate":null,"endDate":null,"isProtected":false,"isRoot":false,"addressLevelHierarchList":[]},"writingType":null,"posInAddressName":null,"fullName":"Страна: Россия, Субъект Федерации: Алтайский","isProtected":false,"isUnchecked":false,"isDefaultCountry":false,"isBomzh":false},{"id":971517,"beginDate":null,"endDate":null,"name":"Амурская область","addressLevel":{"id":8,"name":"Субъект Федерации","startDate":null,"endDate":null,"isProtected":false,"isRoot":false,"addressLevelHierarchList":[]},"writingType":null,"posInAddressName":null,"fullName":"Страна: Россия, Субъект Федерации: Амурская","isProtected":false,"isUnchecked":false,"isDefaultCountry":false,"isBomzh":false},{"id":980653,"beginDate":null,"endDate":null,"name":"Архангельская область","addressLevel":{"id":8,"name":"Субъект Федерации","startDate":null,"endDate":null,"isProtected":false,"isRoot":false,"addressLevelHierarchList":[]},"writingType":null,"posInAddressName":null,"fullName":"Страна: Россия, Субъект Федерации: Архангельская","isProtected":false,"isUnchecked":false,"isDefaultCountry":false,"isBomzh":false},{"id":971136,"beginDate":null,"endDate":null,"name":"Астраханская область","addressLevel":{"id":8,"name":"Субъект Федерации","startDate":null,"endDate":null,"isProtected":false,"isRoot":false,"addressLevelHierarchList":[]},"writingType":null,"posInAddressName":null,"fullName":"Страна: Россия, Субъект Федерации: Астраханская","isProtected":false,"isUnchecked":false,"isDefaultCountry":false,"isBomzh":false},{"id":971177,"beginDate":null,"endDate":null,"name":"Белгородская область","addressLevel":{"id":8,"name":"Субъект Федерации","startDate":null,"endDate":null,"isProtected":false,"isRoot":false,"addressLevelHierarchList":[]},"writingType":null,"posInAddressName":null,"fullName":"Страна: Россия, Субъект Федерации: Белгородская","isProtected":false,"isUnchecked":false,"isDefaultCountry":false,"isBomzh":false},{"id":971838,"beginDate":null,"endDate":null,"name":"Брянская область","addressLevel":{"id":8,"name":"Субъект Федерации","startDate":null,"endDate":null,"isProtected":false,"isRoot":false,"addressLevelHierarchList":[]},"writingType":null,"posInAddressName":null,"fullName":"Страна: Россия, Субъект Федерации: Брянская","isProtected":true,"isUnchecked":false,"isDefaultCountry":false,"isBomzh":false},{"id":972008,"beginDate":null,"endDate":null,"name":"Владимирская область","addressLevel":{"id":8,"name":"Субъект Федерации","startDate":null,"endDate":null,"isProtected":false,"isRoot":false,"addressLevelHierarchList":[]},"writingType":null,"posInAddressName":null,"fullName":"Страна: Россия, Субъект Федерации: Владимирская","isProtected":false,"isUnchecked":false,"isDefaultCountry":false,"isBomzh":false},{"id":974709,"beginDate":null,"endDate":null,"name":"Волгоградская область","addressLevel":{"id":8,"name":"Субъект Федерации","startDate":null,"endDate":null,"isProtected":false,"isRoot":false,"addressLevelHierarchList":[]},"writingType":null,"posInAddressName":null,"fullName":"Страна: Россия, Субъект Федерации: Волгоградская","isProtected":false,"isUnchecked":false,"isDefaultCountry":false,"isBomzh":false},{"id":974680,"beginDate":null,"endDate":null,"name":"Вологодская область","addressLevel":{"id":8,"name":"Субъект Федерации","startDate":null,"endDate":null,"isProtected":false,"isRoot":false,"addressLevelHierarchList":[]},"writingType":null,"posInAddressName":null,"fullName":"Страна: Россия, Субъект Федерации: Вологодская","isProtected":false,"isUnchecked":false,"isDefaultCountry":false,"isBomzh":false},{"id":974613,"beginDate":null,"endDate":null,"name":"Воронежская область","addressLevel":{"id":8,"name":"Субъект Федерации","startDate":null,"endDate":null,"isProtected":false,"isRoot":false,"addressLevelHierarchList":[]},"writingType":null,"posInAddressName":null,"fullName":"Страна: Россия, Субъект Федерации: Воронежская","isProtected":false,"isUnchecked":false,"isDefaultCountry":false,"isBomzh":false},{"id":978458,"beginDate":null,"endDate":null,"name":"Город Москва","addressLevel":{"id":10,"name":"Город","startDate":null,"endDate":null,"isProtected":false,"isRoot":false,"addressLevelHierarchList":[]},"writingType":null,"posInAddressName":null,"fullName":"Страна: Россия, Город: Город Москва","isProtected":false,"isUnchecked":false,"isDefaultCountry":false,"isBomzh":false},{"id":978329,"beginDate":null,"endDate":null,"name":"Город Санкт-Петербург","addressLevel":{"id":10,"name":"Город","startDate":null,"endDate":null,"isProtected":false,"isRoot":false,"addressLevelHierarchList":[]},"writingType":null,"posInAddressName":null,"fullName":"Страна: Россия, Город: Город Санкт-Петербург","isProtected":false,"isUnchecked":false,"isDefaultCountry":false,"isBomzh":false},{"id":991927,"beginDate":null,"endDate":null,"name":"Город Севастополь","addressLevel":{"id":10,"name":"Город","startDate":null,"endDate":null,"isProtected":false,"isRoot":false,"addressLevelHierarchList":[]},"writingType":null,"posInAddressName":null,"fullName":"Страна: Россия, Город: Город Севастополь","isProtected":false,"isUnchecked":false,"isDefaultCountry":false,"isBomzh":false},{"id":978322,"beginDate":null,"endDate":null,"name":"Еврейская автономная область","addressLevel":{"id":8,"name":"Субъект Федерации","startDate":null,"endDate":null,"isProtected":false,"isRoot":false,"addressLevelHierarchList":[]},"writingType":null,"posInAddressName":null,"fullName":"Страна: Россия, Субъект Федерации: Еврейская автономная","isProtected":false,"isUnchecked":false,"isDefaultCountry":false,"isBomzh":false},{"id":974464,"beginDate":null,"endDate":null,"name":"Забайкальский край","addressLevel":{"id":8,"name":"Субъект Федерации","startDate":null,"endDate":null,"isProtected":false,"isRoot":false,"addressLevelHierarchList":[]},"writingType":null,"posInAddressName":null,"fullName":"Страна: Россия, Субъект Федерации: Забайкальский","isProtected":false,"isUnchecked":false,"isDefaultCountry":false,"isBomzh":false},{"id":974581,"beginDate":null,"endDate":null,"name":"Ивановская область","addressLevel":{"id":8,"name":"Субъект Федерации","startDate":null,"endDate":null,"isProtected":false,"isRoot":false,"addressLevelHierarchList":[]},"writingType":null,"posInAddressName":null,"fullName":"Страна: Россия, Субъект Федерации: Ивановская","isProtected":false,"isUnchecked":false,"isDefaultCountry":false,"isBomzh":false},{"id":976458,"beginDate":null,"endDate":null,"name":"Иркутская область","addressLevel":{"id":8,"name":"Субъект Федерации","startDate":null,"endDate":null,"isProtected":false,"isRoot":false,"addressLevelHierarchList":[]},"writingType":null,"posInAddressName":null,"fullName":"Страна: Россия, Субъект Федерации: Иркутская","isProtected":false,"isUnchecked":false,"isDefaultCountry":false,"isBomzh":false},{"id":973111,"beginDate":null,"endDate":null,"name":"Кабардино-Балкарская Республика","addressLevel":{"id":8,"name":"Субъект Федерации","startDate":null,"endDate":null,"isProtected":false,"isRoot":false,"addressLevelHierarchList":[]},"writingType":null,"posInAddressName":null,"fullName":"Страна: Россия, Субъект Федерации: Кабардино-Балкарская Р","isProtected":false,"isUnchecked":false,"isDefaultCountry":false,"isBomzh":false},{"id":975267,"beginDate":null,"endDate":null,"name":"Калининградская область","addressLevel":{"id":8,"name":"Субъект Федерации","startDate":null,"endDate":null,"isProtected":false,"isRoot":false,"addressLevelHierarchList":[]},"writingType":null,"posInAddressName":null,"fullName":"Страна: Россия, Субъект Федерации: Калининградская","isProtected":false,"isUnchecked":false,"isDefaultCountry":false,"isBomzh":false},{"id":975239,"beginDate":null,"endDate":null,"name":"Калужская область","addressLevel":{"id":8,"name":"Субъект Федерации","startDate":null,"endDate":null,"isProtected":false,"isRoot":false,"addressLevelHierarchList":[]},"writingType":null,"posInAddressName":null,"fullName":"Страна: Россия, Субъект Федерации: Калужская","isProtected":false,"isUnchecked":false,"isDefaultCountry":false,"isBomzh":false},{"id":975230,"beginDate":null,"endDate":null,"name":"Камчатский край","addressLevel":{"id":8,"name":"Субъект Федерации","startDate":null,"endDate":null,"isProtected":false,"isRoot":false,"addressLevelHierarchList":[]},"writingType":null,"posInAddressName":null,"fullName":"Страна: Россия, Субъект Федерации: Камчатский","isProtected":false,"isUnchecked":false,"isDefaultCountry":false,"isBomzh":false},{"id":976216,"beginDate":null,"endDate":null,"name":"Карачаево-Черкесская Республика","addressLevel":{"id":8,"name":"Субъект Федерации","startDate":null,"endDate":null,"isProtected":false,"isRoot":false,"addressLevelHierarchList":[]},"writingType":null,"posInAddressName":null,"fullName":"Страна: Россия, Субъект Федерации: Карачаево-Черкесская Р","isProtected":false,"isUnchecked":false,"isDefaultCountry":false,"isBomzh":false},{"id":970612,"beginDate":null,"endDate":null,"name":"Кемеровская область","addressLevel":{"id":8,"name":"Субъект Федерации","startDate":null,"endDate":null,"isProtected":false,"isRoot":false,"addressLevelHierarchList":[]},"writingType":null,"posInAddressName":null,"fullName":"Страна: Россия, Субъект Федерации: Кемеровская","isProtected":false,"isUnchecked":false,"isDefaultCountry":false,"isBomzh":false},{"id":970825,"beginDate":null,"endDate":null,"name":"Кировская область","addressLevel":{"id":8,"name":"Субъект Федерации","startDate":null,"endDate":null,"isProtected":false,"isRoot":false,"addressLevelHierarchList":[]},"writingType":null,"posInAddressName":null,"fullName":"Страна: Россия, Субъект Федерации: Кировская","isProtected":false,"isUnchecked":false,"isDefaultCountry":false,"isBomzh":false},{"id":974062,"beginDate":null,"endDate":null,"name":"Костромская область","addressLevel":{"id":8,"name":"Субъект Федерации","startDate":null,"endDate":null,"isProtected":false,"isRoot":false,"addressLevelHierarchList":[]},"writingType":null,"posInAddressName":null,"fullName":"Страна: Россия, Субъект Федерации: Костромская","isProtected":false,"isUnchecked":false,"isDefaultCountry":false,"isBomzh":false},{"id":978655,"beginDate":null,"endDate":null,"name":"Краснодарский край","addressLevel":{"id":8,"name":"Субъект Федерации","startDate":null,"endDate":null,"isProtected":false,"isRoot":false,"addressLevelHierarchList":[]},"writingType":null,"posInAddressName":null,"fullName":"Страна: Россия, Субъект Федерации: Краснодарский","isProtected":false,"isUnchecked":false,"isDefaultCountry":false,"isBomzh":false},{"id":978715,"beginDate":null,"endDate":null,"name":"Красноярский край","addressLevel":{"id":8,"name":"Субъект Федерации","startDate":null,"endDate":null,"isProtected":false,"isRoot":false,"addressLevelHierarchList":[]},"writingType":null,"posInAddressName":null,"fullName":"Страна: Россия, Субъект Федерации: Красноярский","isProtected":false,"isUnchecked":false,"isDefaultCountry":false,"isBomzh":false},{"id":982713,"beginDate":null,"endDate":null,"name":"Курганская область","addressLevel":{"id":8,"name":"Субъект Федерации","startDate":null,"endDate":null,"isProtected":false,"isRoot":false,"addressLevelHierarchList":[]},"writingType":null,"posInAddressName":null,"fullName":"Страна: Россия, Субъект Федерации: Курганская","isProtected":false,"isUnchecked":false,"isDefaultCountry":false,"isBomzh":false},{"id":974094,"beginDate":null,"endDate":null,"name":"Курская область","addressLevel":{"id":8,"name":"Субъект Федерации","startDate":null,"endDate":null,"isProtected":false,"isRoot":false,"addressLevelHierarchList":[]},"writingType":null,"posInAddressName":null,"fullName":"Страна: Россия, Субъект Федерации: Курская","isProtected":false,"isUnchecked":false,"isDefaultCountry":false,"isBomzh":false},{"id":983483,"beginDate":null,"endDate":null,"name":"Ленинградская область","addressLevel":{"id":8,"name":"Субъект Федерации","startDate":null,"endDate":null,"isProtected":false,"isRoot":false,"addressLevelHierarchList":[]},"writingType":null,"posInAddressName":null,"fullName":"Страна: Россия, Субъект Федерации: Ленинградская","isProtected":false,"isUnchecked":false,"isDefaultCountry":false,"isBomzh":false},{"id":983170,"beginDate":null,"endDate":null,"name":"Липецкая область","addressLevel":{"id":8,"name":"Субъект Федерации","startDate":null,"endDate":null,"isProtected":false,"isRoot":false,"addressLevelHierarchList":[]},"writingType":null,"posInAddressName":null,"fullName":"Страна: Россия, Субъект Федерации: Липецкая","isProtected":false,"isUnchecked":false,"isDefaultCountry":false,"isBomzh":false},{"id":983504,"beginDate":null,"endDate":null,"name":"Магаданская область","addressLevel":{"id":8,"name":"Субъект Федерации","startDate":null,"endDate":null,"isProtected":false,"isRoot":false,"addressLevelHierarchList":[]},"writingType":null,"posInAddressName":null,"fullName":"Страна: Россия, Субъект Федерации: Магаданская","isProtected":false,"isUnchecked":false,"isDefaultCountry":false,"isBomzh":false},{"id":983525,"beginDate":null,"endDate":null,"name":"Московская область","addressLevel":{"id":8,"name":"Субъект Федерации","startDate":null,"endDate":null,"isProtected":false,"isRoot":false,"addressLevelHierarchList":[]},"writingType":null,"posInAddressName":null,"fullName":"Страна: Россия, Субъект Федерации: Московская","isProtected":false,"isUnchecked":false,"isDefaultCountry":false,"isBomzh":false},{"id":974757,"beginDate":null,"endDate":null,"name":"Мурманская область","addressLevel":{"id":8,"name":"Субъект Федерации","startDate":null,"endDate":null,"isProtected":false,"isRoot":false,"addressLevelHierarchList":[]},"writingType":null,"posInAddressName":null,"fullName":"Страна: Россия, Субъект Федерации: Мурманская","isProtected":false,"isUnchecked":false,"isDefaultCountry":false,"isBomzh":false},{"id":974815,"beginDate":null,"endDate":null,"name":"Ненецкий автономный округ","addressLevel":{"id":8,"name":"Субъект Федерации","startDate":null,"endDate":null,"isProtected":false,"isRoot":false,"addressLevelHierarchList":[]},"writingType":null,"posInAddressName":null,"fullName":"Страна: Россия, Субъект Федерации: Ненецки","isProtected":false,"isUnchecked":false,"isDefaultCountry":false,"isBomzh":false},{"id":983595,"beginDate":null,"endDate":null,"name":"Нижегородская область","addressLevel":{"id":8,"name":"Субъект Федерации","startDate":null,"endDate":null,"isProtected":false,"isRoot":false,"addressLevelHierarchList":[]},"writingType":null,"posInAddressName":null,"fullName":"Страна: Россия, Субъект Федерации: Нижегородская","isProtected":false,"isUnchecked":false,"isDefaultCountry":false,"isBomzh":false},{"id":984941,"beginDate":null,"endDate":null,"name":"Новая Земля","addressLevel":{"id":8,"name":"Субъект Федерации","startDate":null,"endDate":null,"isProtected":false,"isRoot":false,"addressLevelHierarchList":[]},"writingType":null,"posInAddressName":{"id":0,"name":"В начале"},"fullName":"Страна: Россия, ","isProtected":false,"isUnchecked":false,"isDefaultCountry":false,"isBomzh":false},{"id":984199,"beginDate":null,"endDate":null,"name":"Новгородская область","addressLevel":{"id":8,"name":"Субъект Федерации","startDate":null,"endDate":null,"isProtected":false,"isRoot":false,"addressLevelHierarchList":[]},"writingType":null,"posInAddressName":null,"fullName":"Страна: Россия, Субъект Федерации: Новгородская","isProtected":false,"isUnchecked":false,"isDefaultCountry":false,"isBomzh":false},{"id":980605,"beginDate":null,"endDate":null,"name":"Новосибирская область","addressLevel":{"id":8,"name":"Субъект Федерации","startDate":null,"endDate":null,"isProtected":false,"isRoot":false,"addressLevelHierarchList":[]},"writingType":null,"posInAddressName":null,"fullName":"Страна: Россия, Субъект Федерации: Новосибирская","isProtected":false,"isUnchecked":false,"isDefaultCountry":false,"isBomzh":false},{"id":974776,"beginDate":null,"endDate":null,"name":"Омская область","addressLevel":{"id":8,"name":"Субъект Федерации","startDate":null,"endDate":null,"isProtected":false,"isRoot":false,"addressLevelHierarchList":[]},"writingType":null,"posInAddressName":null,"fullName":"Страна: Россия, Субъект Федерации: Омская","isProtected":false,"isUnchecked":false,"isDefaultCountry":false,"isBomzh":false},{"id":980029,"beginDate":null,"endDate":null,"name":"Оренбургская область","addressLevel":{"id":8,"name":"Субъект Федерации","startDate":null,"endDate":null,"isProtected":false,"isRoot":false,"addressLevelHierarchList":[]},"writingType":null,"posInAddressName":null,"fullName":"Страна: Россия, Субъект Федерации: Оренбургская","isProtected":false,"isUnchecked":false,"isDefaultCountry":false,"isBomzh":false},{"id":979765,"beginDate":null,"endDate":null,"name":"Орловская область","addressLevel":{"id":8,"name":"Субъект Федерации","startDate":null,"endDate":null,"isProtected":false,"isRoot":false,"addressLevelHierarchList":[]},"writingType":null,"posInAddressName":null,"fullName":"Страна: Россия, Субъект Федерации: Орловская","isProtected":false,"isUnchecked":false,"isDefaultCountry":false,"isBomzh":false},{"id":976503,"beginDate":null,"endDate":null,"name":"Пензенская область","addressLevel":{"id":8,"name":"Субъект Федерации","startDate":null,"endDate":null,"isProtected":false,"isRoot":false,"addressLevelHierarchList":[]},"writingType":null,"posInAddressName":null,"fullName":"Страна: Россия, Субъект Федерации: Пензенская","isProtected":false,"isUnchecked":false,"isDefaultCountry":false,"isBomzh":false},{"id":979718,"beginDate":null,"endDate":null,"name":"Пермский край","addressLevel":{"id":8,"name":"Субъект Федерации","startDate":null,"endDate":null,"isProtected":false,"isRoot":false,"addressLevelHierarchList":[]},"writingType":null,"posInAddressName":null,"fullName":"Страна: Россия, Субъект Федерации: Пермский","isProtected":false,"isUnchecked":false,"isDefaultCountry":false,"isBomzh":false},{"id":975293,"beginDate":null,"endDate":null,"name":"Приморский край","addressLevel":{"id":8,"name":"Субъект Федерации","startDate":null,"endDate":null,"isProtected":false,"isRoot":false,"addressLevelHierarchList":[]},"writingType":null,"posInAddressName":null,"fullName":"Страна: Россия, Субъект Федерации: Приморский","isProtected":false,"isUnchecked":false,"isDefaultCountry":false,"isBomzh":false},{"id":979689,"beginDate":null,"endDate":null,"name":"Псковская область","addressLevel":{"id":8,"name":"Субъект Федерации","startDate":null,"endDate":null,"isProtected":false,"isRoot":false,"addressLevelHierarchList":[]},"writingType":null,"posInAddressName":null,"fullName":"Страна: Россия, Субъект Федерации: Псковская","isProtected":false,"isUnchecked":false,"isDefaultCountry":false,"isBomzh":false},{"id":977098,"beginDate":null,"endDate":null,"name":"Республика Адыгея (Адыгея)","addressLevel":{"id":8,"name":"Субъект Федерации","startDate":null,"endDate":null,"isProtected":false,"isRoot":false,"addressLevelHierarchList":[]},"writingType":null,"posInAddressName":null,"fullName":"Страна: Россия, Субъект Федерации: Республика Адыгея (Адыгея)","isProtected":false,"isUnchecked":false,"isDefaultCountry":false,"isBomzh":false},{"id":984222,"beginDate":null,"endDate":null,"name":"Республика Алтай","addressLevel":{"id":8,"name":"Субъект Федерации","startDate":null,"endDate":null,"isProtected":false,"isRoot":false,"addressLevelHierarchList":[]},"writingType":null,"posInAddressName":null,"fullName":"Страна: Россия, Субъект Федерации: Республика Алтай","isProtected":false,"isUnchecked":false,"isDefaultCountry":false,"isBomzh":false},{"id":981874,"beginDate":null,"endDate":null,"name":"Республика Башкортостан","addressLevel":{"id":8,"name":"Субъект Федерации","startDate":null,"endDate":null,"isProtected":false,"isRoot":false,"addressLevelHierarchList":[]},"writingType":null,"posInAddressName":null,"fullName":"Страна: Россия, Субъект Федерации: Республика Башкортостан","isProtected":false,"isUnchecked":false,"isDefaultCountry":false,"isBomzh":false},{"id":977109,"beginDate":null,"endDate":null,"name":"Республика Бурятия","addressLevel":{"id":8,"name":"Субъект Федерации","startDate":null,"endDate":null,"isProtected":false,"isRoot":false,"addressLevelHierarchList":[]},"writingType":null,"posInAddressName":null,"fullName":"Страна: Россия, Субъект Федерации: Республика Бурятия","isProtected":false,"isUnchecked":false,"isDefaultCountry":false,"isBomzh":false},{"id":975476,"beginDate":null,"endDate":null,"name":"Республика Дагестан","addressLevel":{"id":8,"name":"Субъект Федерации","startDate":null,"endDate":null,"isProtected":false,"isRoot":false,"addressLevelHierarchList":[]},"writingType":null,"posInAddressName":null,"fullName":"Страна: Россия, Субъект Федерации: Республика Дагестан","isProtected":false,"isUnchecked":false,"isDefaultCountry":false,"isBomzh":false},{"id":978609,"beginDate":null,"endDate":null,"name":"Республика Ингушетия","addressLevel":{"id":8,"name":"Субъект Федерации","startDate":null,"endDate":null,"isProtected":false,"isRoot":false,"addressLevelHierarchList":[]},"writingType":null,"posInAddressName":null,"fullName":"Страна: Россия, Субъект Федерации: Республика Ингушетия","isProtected":false,"isUnchecked":false,"isDefaultCountry":false,"isBomzh":false},{"id":975108,"beginDate":null,"endDate":null,"name":"Республика Калмыкия","addressLevel":{"id":8,"name":"Субъект Федерации","startDate":null,"endDate":null,"isProtected":false,"isRoot":false,"addressLevelHierarchList":[]},"writingType":null,"posInAddressName":null,"fullName":"Страна: Россия, Субъект Федерации: Республика Калмыкия","isProtected":false,"isUnchecked":false,"isDefaultCountry":false,"isBomzh":false},{"id":978590,"beginDate":null,"endDate":null,"name":"Республика Карелия","addressLevel":{"id":8,"name":"Субъект Федерации","startDate":null,"endDate":null,"isProtected":false,"isRoot":false,"addressLevelHierarchList":[]},"writingType":null,"posInAddressName":null,"fullName":"Страна: Россия, Субъект Федерации: Республика Карелия","isProtected":false,"isUnchecked":false,"isDefaultCountry":false,"isBomzh":false},{"id":976932,"beginDate":null,"endDate":null,"name":"Республика Коми","addressLevel":{"id":8,"name":"Субъект Федерации","startDate":null,"endDate":null,"isProtected":false,"isRoot":false,"addressLevelHierarchList":[]},"writingType":null,"posInAddressName":null,"fullName":"Страна: Россия, Субъект Федерации: Республика Коми","isProtected":false,"isUnchecked":false,"isDefaultCountry":false,"isBomzh":false},{"id":991928,"beginDate":null,"endDate":null,"name":"Республика Крым","addressLevel":{"id":8,"name":"Субъект Федерации","startDate":null,"endDate":null,"isProtected":false,"isRoot":false,"addressLevelHierarchList":[]},"writingType":null,"posInAddressName":null,"fullName":"Страна: Россия, Субъект Федерации: Республика Крым","isProtected":false,"isUnchecked":false,"isDefaultCountry":false,"isBomzh":false},{"id":976954,"beginDate":null,"endDate":null,"name":"Республика Марий Эл","addressLevel":{"id":8,"name":"Субъект Федерации","startDate":null,"endDate":null,"isProtected":false,"isRoot":false,"addressLevelHierarchList":[]},"writingType":null,"posInAddressName":null,"fullName":"Страна: Россия, Субъект Федерации: Республика Марий Эл","isProtected":false,"isUnchecked":false,"isDefaultCountry":false,"isBomzh":false},{"id":977834,"beginDate":null,"endDate":null,"name":"Республика Мордовия","addressLevel":{"id":8,"name":"Субъект Федерации","startDate":null,"endDate":null,"isProtected":false,"isRoot":false,"addressLevelHierarchList":[]},"writingType":null,"posInAddressName":null,"fullName":"Страна: Россия, Субъект Федерации: Республика Мордовия","isProtected":false,"isUnchecked":false,"isDefaultCountry":false,"isBomzh":false},{"id":978265,"beginDate":null,"endDate":null,"name":"Республика Саха (Якутия)","addressLevel":{"id":8,"name":"Субъект Федерации","startDate":null,"endDate":null,"isProtected":false,"isRoot":false,"addressLevelHierarchList":[]},"writingType":null,"posInAddressName":null,"fullName":"Страна: Россия, Субъект Федерации: Саха (Якутия)","isProtected":false,"isUnchecked":false,"isDefaultCountry":false,"isBomzh":false},{"id":976287,"beginDate":null,"endDate":null,"name":"Республика Северная Осетия - Алания","addressLevel":{"id":8,"name":"Субъект Федерации","startDate":null,"endDate":null,"isProtected":false,"isRoot":false,"addressLevelHierarchList":[]},"writingType":null,"posInAddressName":null,"fullName":"Страна: Россия, Субъект Федерации: Северная Осетия - Алания","isProtected":false,"isUnchecked":false,"isDefaultCountry":false,"isBomzh":false},{"id":972158,"beginDate":null,"endDate":null,"name":"Республика Татарстан (Татарстан)","addressLevel":{"id":8,"name":"Субъект Федерации","startDate":null,"endDate":null,"isProtected":false,"isRoot":false,"addressLevelHierarchList":[]},"writingType":null,"posInAddressName":null,"fullName":"Страна: Россия, Субъект Федерации: Татарстан (Татарстан)","isProtected":false,"isUnchecked":false,"isDefaultCountry":false,"isBomzh":false},{"id":974955,"beginDate":null,"endDate":null,"name":"Республика Тыва","addressLevel":{"id":8,"name":"Субъект Федерации","startDate":null,"endDate":null,"isProtected":false,"isRoot":false,"addressLevelHierarchList":[]},"writingType":null,"posInAddressName":null,"fullName":"Страна: Россия, Субъект Федерации: Тыва","isProtected":false,"isUnchecked":false,"isDefaultCountry":false,"isBomzh":false},{"id":975346,"beginDate":null,"endDate":null,"name":"Республика Хакасия","addressLevel":{"id":8,"name":"Субъект Федерации","startDate":null,"endDate":null,"isProtected":false,"isRoot":false,"addressLevelHierarchList":[]},"writingType":null,"posInAddressName":null,"fullName":"Страна: Россия, Субъект Федерации: Хакасия","isProtected":false,"isUnchecked":false,"isDefaultCountry":false,"isBomzh":false},{"id":979253,"beginDate":null,"endDate":null,"name":"Ростовская область","addressLevel":{"id":8,"name":"Субъект Федерации","startDate":null,"endDate":null,"isProtected":false,"isRoot":false,"addressLevelHierarchList":[]},"writingType":null,"posInAddressName":null,"fullName":"Страна: Россия, Субъект Федерации: Ростовская","isProtected":false,"isUnchecked":false,"isDefaultCountry":false,"isBomzh":false},{"id":974551,"beginDate":null,"endDate":null,"name":"Рязанская область","addressLevel":{"id":8,"name":"Субъект Федерации","startDate":null,"endDate":null,"isProtected":false,"isRoot":false,"addressLevelHierarchList":[]},"writingType":null,"posInAddressName":null,"fullName":"Страна: Россия, Субъект Федерации: Рязанская","isProtected":false,"isUnchecked":false,"isDefaultCountry":false,"isBomzh":false},{"id":974501,"beginDate":null,"endDate":null,"name":"Самарская область","addressLevel":{"id":8,"name":"Субъект Федерации","startDate":null,"endDate":null,"isProtected":false,"isRoot":false,"addressLevelHierarchList":[]},"writingType":null,"posInAddressName":null,"fullName":"Страна: Россия, Субъект Федерации: Самарская","isProtected":false,"isUnchecked":false,"isDefaultCountry":false,"isBomzh":false},{"id":968561,"beginDate":null,"endDate":null,"name":"Саратовская область","addressLevel":{"id":8,"name":"Субъект Федерации","startDate":null,"endDate":null,"isProtected":false,"isRoot":false,"addressLevelHierarchList":[]},"writingType":null,"posInAddressName":null,"fullName":"Страна: Россия, Субъект Федерации: Саратовская","isProtected":false,"isUnchecked":false,"isDefaultCountry":false,"isBomzh":false},{"id":968608,"beginDate":null,"endDate":null,"name":"Сахалинская область","addressLevel":{"id":8,"name":"Субъект Федерации","startDate":null,"endDate":null,"isProtected":false,"isRoot":false,"addressLevelHierarchList":[]},"writingType":null,"posInAddressName":null,"fullName":"Страна: Россия, Субъект Федерации: Сахалинская","isProtected":false,"isUnchecked":false,"isDefaultCountry":false,"isBomzh":false},{"id":968628,"beginDate":null,"endDate":null,"name":"Свердловская область","addressLevel":{"id":8,"name":"Субъект Федерации","startDate":null,"endDate":null,"isProtected":false,"isRoot":false,"addressLevelHierarchList":[]},"writingType":null,"posInAddressName":null,"fullName":"Страна: Россия, Субъект Федерации: Свердловская","isProtected":false,"isUnchecked":false,"isDefaultCountry":false,"isBomzh":false},{"id":968724,"beginDate":null,"endDate":null,"name":"Смоленская область","addressLevel":{"id":8,"name":"Субъект Федерации","startDate":null,"endDate":null,"isProtected":false,"isRoot":false,"addressLevelHierarchList":[]},"writingType":null,"posInAddressName":null,"fullName":"Страна: Россия, Субъект Федерации: Смоленская","isProtected":false,"isUnchecked":false,"isDefaultCountry":false,"isBomzh":false},{"id":980725,"beginDate":null,"endDate":null,"name":"Ставропольский край","addressLevel":{"id":8,"name":"Субъект Федерации","startDate":null,"endDate":null,"isProtected":false,"isRoot":false,"addressLevelHierarchList":[]},"writingType":null,"posInAddressName":null,"fullName":"Страна: Россия, Субъект Федерации: Ставропольский","isProtected":false,"isUnchecked":false,"isDefaultCountry":false,"isBomzh":false},{"id":968224,"beginDate":null,"endDate":null,"name":"Тамбовская область","addressLevel":{"id":8,"name":"Субъект Федерации","startDate":null,"endDate":null,"isProtected":false,"isRoot":false,"addressLevelHierarchList":[]},"writingType":null,"posInAddressName":null,"fullName":"Страна: Россия, Субъект Федерации: Тамбовская","isProtected":false,"isUnchecked":false,"isDefaultCountry":false,"isBomzh":false},{"id":968755,"beginDate":null,"endDate":null,"name":"Тверская область","addressLevel":{"id":8,"name":"Субъект Федерации","startDate":null,"endDate":null,"isProtected":false,"isRoot":false,"addressLevelHierarchList":[]},"writingType":null,"posInAddressName":null,"fullName":"Страна: Россия, Субъект Федерации: Тверская","isProtected":false,"isUnchecked":false,"isDefaultCountry":false,"isBomzh":false},{"id":978301,"beginDate":null,"endDate":null,"name":"Томская область","addressLevel":{"id":8,"name":"Субъект Федерации","startDate":null,"endDate":null,"isProtected":false,"isRoot":false,"addressLevelHierarchList":[]},"writingType":null,"posInAddressName":null,"fullName":"Страна: Россия, Субъект Федерации: Томская","isProtected":false,"isUnchecked":false,"isDefaultCountry":false,"isBomzh":false},{"id":968802,"beginDate":null,"endDate":null,"name":"Тульская область","addressLevel":{"id":8,"name":"Субъект Федерации","startDate":null,"endDate":null,"isProtected":false,"isRoot":false,"addressLevelHierarchList":[]},"writingType":null,"posInAddressName":null,"fullName":"Страна: Россия, Субъект Федерации: Тульская","isProtected":false,"isUnchecked":false,"isDefaultCountry":false,"isBomzh":false},{"id":968834,"beginDate":null,"endDate":null,"name":"Тюменская область","addressLevel":{"id":8,"name":"Субъект Федерации","startDate":null,"endDate":null,"isProtected":false,"isRoot":false,"addressLevelHierarchList":[]},"writingType":null,"posInAddressName":null,"fullName":"Страна: Россия, Субъект Федерации: Тюменская","isProtected":false,"isUnchecked":false,"isDefaultCountry":false,"isBomzh":false},{"id":974919,"beginDate":null,"endDate":null,"name":"Удмуртская Республика","addressLevel":{"id":8,"name":"Субъект Федерации","startDate":null,"endDate":null,"isProtected":false,"isRoot":false,"addressLevelHierarchList":[]},"writingType":null,"posInAddressName":null,"fullName":"Страна: Россия, Субъект Федерации: Удмуртская Р","isProtected":false,"isUnchecked":false,"isDefaultCountry":false,"isBomzh":false},{"id":969086,"beginDate":null,"endDate":null,"name":"Ульяновская область","addressLevel":{"id":8,"name":"Субъект Федерации","startDate":null,"endDate":null,"isProtected":false,"isRoot":false,"addressLevelHierarchList":[]},"writingType":null,"posInAddressName":null,"fullName":"Страна: Россия, Субъект Федерации: Ульяновская","isProtected":false,"isUnchecked":false,"isDefaultCountry":false,"isBomzh":false},{"id":986177,"beginDate":null,"endDate":null,"name":"Усть-Ордынский Бурятский","addressLevel":{"id":8,"name":"Субъект Федерации","startDate":null,"endDate":null,"isProtected":false,"isRoot":false,"addressLevelHierarchList":[]},"writingType":null,"posInAddressName":null,"fullName":"Страна: Россия, Субъект Федерации: Усть-Ордынский Бурятский","isProtected":false,"isUnchecked":false,"isDefaultCountry":false,"isBomzh":false},{"id":981660,"beginDate":null,"endDate":null,"name":"Хабаровский край","addressLevel":{"id":8,"name":"Субъект Федерации","startDate":null,"endDate":null,"isProtected":false,"isRoot":false,"addressLevelHierarchList":[]},"writingType":null,"posInAddressName":null,"fullName":"Страна: Россия, Субъект Федерации: Хабаровский","isProtected":false,"isUnchecked":false,"isDefaultCountry":false,"isBomzh":false},{"id":980682,"beginDate":null,"endDate":null,"name":"Ханты-Мансийский автономный округ - Югра","addressLevel":{"id":8,"name":"Субъект Федерации","startDate":null,"endDate":null,"isProtected":false,"isRoot":false,"addressLevelHierarchList":[]},"writingType":null,"posInAddressName":null,"fullName":"Страна: Россия, Субъект Федерации: Ханты-Мансийский автономный округ - Югра","isProtected":false,"isUnchecked":false,"isDefaultCountry":false,"isBomzh":false},{"id":969113,"beginDate":null,"endDate":null,"name":"Челябинская область","addressLevel":{"id":8,"name":"Субъект Федерации","startDate":null,"endDate":null,"isProtected":false,"isRoot":false,"addressLevelHierarchList":[]},"writingType":null,"posInAddressName":null,"fullName":"Страна: Россия, Субъект Федерации: Челябинская","isProtected":false,"isUnchecked":false,"isDefaultCountry":false,"isBomzh":false},{"id":973974,"beginDate":null,"endDate":null,"name":"Чеченская Республика","addressLevel":{"id":8,"name":"Субъект Федерации","startDate":null,"endDate":null,"isProtected":false,"isRoot":false,"addressLevelHierarchList":[]},"writingType":null,"posInAddressName":null,"fullName":"Страна: Россия, Субъект Федерации: Чеченская Р","isProtected":false,"isUnchecked":false,"isDefaultCountry":false,"isBomzh":false},{"id":975446,"beginDate":null,"endDate":null,"name":"Чувашская Республика - Чувашия","addressLevel":{"id":8,"name":"Субъект Федерации","startDate":null,"endDate":null,"isProtected":false,"isRoot":false,"addressLevelHierarchList":[]},"writingType":null,"posInAddressName":null,"fullName":"Страна: Россия, Субъект Федерации: Чувашская Республика - Чувашия","isProtected":false,"isUnchecked":false,"isDefaultCountry":false,"isBomzh":false},{"id":975336,"beginDate":null,"endDate":null,"name":"Чукотский автономный округ","addressLevel":{"id":8,"name":"Субъект Федерации","startDate":null,"endDate":null,"isProtected":false,"isRoot":false,"addressLevelHierarchList":[]},"writingType":null,"posInAddressName":null,"fullName":"Страна: Россия, Субъект Федерации: Чукотски","isProtected":false,"isUnchecked":false,"isDefaultCountry":false,"isBomzh":false},{"id":975322,"beginDate":null,"endDate":null,"name":"Ямало-Ненецкий автономный округ","addressLevel":{"id":8,"name":"Субъект Федерации","startDate":null,"endDate":null,"isProtected":false,"isRoot":false,"addressLevelHierarchList":[]},"writingType":null,"posInAddressName":null,"fullName":"Страна: Россия, Субъект Федерации: Ямало-Ненецки","isProtected":false,"isUnchecked":false,"isDefaultCountry":false,"isBomzh":false},{"id":974438,"beginDate":null,"endDate":null,"name":"Ярославская область","addressLevel":{"id":8,"name":"Субъект Федерации","startDate":null,"endDate":null,"isProtected":false,"isRoot":false,"addressLevelHierarchList":[]},"writingType":null,"posInAddressName":null,"fullName":"Страна: Россия, Субъект Федерации: Ярославская","isProtected":false,"isUnchecked":false,"isDefaultCountry":false,"isBomzh":false}]