[{"id":66,"name":"Автономная область","startDate":null,"endDate":null,"isProtected":false,"isRoot":false,"addressLevelHierarchList":[]},{"id":65,"name":"Автономная ССР","startDate":null,"endDate":null,"isProtected":false,"isRoot":false,"addressLevelHierarchList":[]},{"id":58,"name":"Автономный округ","startDate":null,"endDate":null,"isProtected":false,"isRoot":false,"addressLevelHierarchList":[]},{"id":37,"name":"Внутригородской округ","startDate":null,"endDate":null,"isProtected":false,"isRoot":false,"addressLevelHierarchList":[]},{"id":64,"name":"Гарнизон","startDate":null,"endDate":null,"isProtected":false,"isRoot":false,"addressLevelHierarchList":[]},{"id":70,"name":"Городское поселение","startDate":null,"endDate":null,"isProtected":false,"isRoot":false,"addressLevelHierarchList":[]},{"id":57,"name":"Деревня","startDate":null,"endDate":null,"isProtected":false,"isRoot":false,"addressLevelHierarchList":[]},{"id":61,"name":"Железнодорожная станция","startDate":null,"endDate":null,"isProtected":false,"isRoot":false,"addressLevelHierarchList":[]},{"id":62,"name":"Железнодорожный разъезд","startDate":null,"endDate":null,"isProtected":false,"isRoot":false,"addressLevelHierarchList":[]},{"id":68,"name":"Комната","startDate":null,"endDate":null,"isProtected":false,"isRoot":false,"addressLevelHierarchList":[]},{"id":67,"name":"Край","startDate":null,"endDate":null,"isProtected":false,"isRoot":false,"addressLevelHierarchList":[]},{"id":43,"name":"местечко","startDate":null,"endDate":null,"isProtected":false,"isRoot":false,"addressLevelHierarchList":[]},{"id":52,"name":"Область","startDate":null,"endDate":null,"isProtected":false,"isRoot":false,"addressLevelHierarchList":[]},{"id":55,"name":"Особый","startDate":null,"endDate":null,"isProtected":false,"isRoot":false,"addressLevelHierarchList":[]},{"id":50,"name":"отделение","startDate":null,"endDate":null,"isProtected":false,"isRoot":false,"addressLevelHierarchList":[]},{"id":69,"name":"Поселок","startDate":null,"endDate":null,"isProtected":false,"isRoot":false,"addressLevelHierarchList":[]},{"id":63,"name":"Поселок городского типа","startDate":null,"endDate":null,"isProtected":false,"isRoot":false,"addressLevelHierarchList":[]},{"id":38,"name":"Проезд","startDate":null,"endDate":null,"isProtected":false,"isRoot":false,"addressLevelHierarchList":[]},{"id":40,"name":"Проспект","startDate":null,"endDate":null,"isProtected":false,"isRoot":false,"addressLevelHierarchList":[]},{"id":53,"name":"район населенного пункта","startDate":null,"endDate":null,"isProtected":false,"isRoot":false,"addressLevelHierarchList":[]},{"id":36,"name":"Район населенного пункта","startDate":null,"endDate":null,"isProtected":false,"isRoot":false,"addressLevelHierarchList":[]},{"id":49,"name":"село","startDate":null,"endDate":null,"isProtected":false,"isRoot":false,"addressLevelHierarchList":[]},{"id":60,"name":"Село","startDate":null,"endDate":null,"isProtected":false,"isRoot":false,"addressLevelHierarchList":[]},{"id":56,"name":"Сельское поселение","startDate":null,"endDate":null,"isProtected":false,"isRoot":false,"addressLevelHierarchList":[]},{"id":51,"name":"Сельское поселение","startDate":null,"endDate":null,"isProtected":false,"isRoot":false,"addressLevelHierarchList":[]},{"id":71,"name":"Страна","startDate":null,"endDate":null,"isProtected":true,"isRoot":true,"addressLevelHierarchList":[]},{"id":8,"name":"Субъект Федерации","startDate":null,"endDate":null,"isProtected":false,"isRoot":false,"addressLevelHierarchList":[]},{"id":10,"name":"Город","startDate":null,"endDate":null,"isProtected":false,"isRoot":false,"addressLevelHierarchList":[]},{"id":13,"name":"ЗАТО (поселок городского типа)","startDate":null,"endDate":null,"isProtected":false,"isRoot":false,"addressLevelHierarchList":[]},{"id":12,"name":"Населенный пункт","startDate":null,"endDate":null,"isProtected":false,"isRoot":false,"addressLevelHierarchList":[]},{"id":9,"name":"Район","startDate":null,"endDate":null,"isProtected":false,"isRoot":false,"addressLevelHierarchList":[]},{"id":11,"name":"Сельское образование (с/с)","startDate":null,"endDate":null,"isProtected":false,"isRoot":false,"addressLevelHierarchList":[]},{"id":15,"name":"Микрорайон","startDate":null,"endDate":null,"isProtected":false,"isRoot":false,"addressLevelHierarchList":[]},{"id":14,"name":"Улица","startDate":null,"endDate":null,"isProtected":false,"isRoot":false,"addressLevelHierarchList":[]},{"id":18,"name":"Дом","startDate":null,"endDate":null,"isProtected":false,"isRoot":false,"addressLevelHierarchList":[]},{"id":17,"name":"Квартира","startDate":null,"endDate":null,"isProtected":false,"isRoot":false,"addressLevelHierarchList":[]},{"id":16,"name":"Корпус","startDate":null,"endDate":null,"isProtected":false,"isRoot":false,"addressLevelHierarchList":[]},{"id":19,"name":"Строение (владение)","startDate":null,"endDate":null,"isProtected":false,"isRoot":false,"addressLevelHierarchList":[]},{"id":34,"name":"автономное образование","startDate":null,"endDate":null,"isProtected":false,"isRoot":false,"addressLevelHierarchList":[]},{"id":22,"name":"Адрес иностранного государства","startDate":null,"endDate":null,"isProtected":true,"isRoot":false,"addressLevelHierarchList":[]},{"id":21,"name":"АО","startDate":null,"endDate":null,"isProtected":false,"isRoot":false,"addressLevelHierarchList":[]},{"id":35,"name":"Область","startDate":null,"endDate":null,"isProtected":false,"isRoot":false,"addressLevelHierarchList":[]},{"id":23,"name":"Пункт регистрации БОМЖ","startDate":null,"endDate":null,"isProtected":false,"isRoot":false,"addressLevelHierarchList":[]},{"id":20,"name":"Район города","startDate":null,"endDate":null,"isProtected":false,"isRoot":false,"addressLevelHierarchList":[]},{"id":33,"name":"союзная республика","startDate":null,"endDate":null,"isProtected":false,"isRoot":false,"addressLevelHierarchList":[]},{"id":24,"name":"Уровень 1","startDate":null,"endDate":null,"isProtected":false,"isRoot":false,"addressLevelHierarchList":[]},{"id":25,"name":"Уровень 2","startDate":null,"endDate":null,"isProtected":false,"isRoot":false,"addressLevelHierarchList":[]},{"id":26,"name":"Уровень 3","startDate":null,"endDate":null,"isProtected":false,"isRoot":false,"addressLevelHierarchList":[]},{"id":27,"name":"Уровень 4","startDate":null,"endDate":null,"isProtected":false,"isRoot":false,"addressLevelHierarchList":[]},{"id":28,"name":"Уровень 5","startDate":null,"endDate":null,"isProtected":false,"isRoot":false,"addressLevelHierarchList":[]},{"id":29,"name":"Уровень 6","startDate":null,"endDate":null,"isProtected":false,"isRoot":false,"addressLevelHierarchList":[]},{"id":30,"name":"Уровень 7","startDate":null,"endDate":null,"isProtected":false,"isRoot":false,"addressLevelHierarchList":[]},{"id":31,"name":"Уровень 8","startDate":null,"endDate":null,"isProtected":false,"isRoot":false,"addressLevelHierarchList":[]},{"id":32,"name":"Уровень 9","startDate":null,"endDate":null,"isProtected":false,"isRoot":false,"addressLevelHierarchList":[]},{"id":72,"name":"ТестовыйУровень1-1","startDate":"2020-08-20","endDate":"2020-08-20","isProtected":true,"isRoot":false,"addressLevelHierarchList":[]},{"id":73,"name":"ТестовыйУровень1-2","startDate":"2020-08-20","endDate":"2020-08-20","isProtected":true,"isRoot":false,"addressLevelHierarchList":[]},{"id":74,"name":"ТестовыйУровень1-3","startDate":"2020-08-20","endDate":"2020-08-20","isProtected":true,"isRoot":false,"addressLevelHierarchList":[]},{"id":75,"name":"ТестовыйУровень2-1","startDate":"2020-08-20","endDate":"2020-08-20","isProtected":true,"isRoot":false,"addressLevelHierarchList":[]},{"id":76,"name":"ТестовыйУровень2-2","startDate":"2020-08-20","endDate":"2020-08-20","isProtected":true,"isRoot":false,"addressLevelHierarchList":[]},{"id":77,"name":"ТестовыйУровень2-3","startDate":"2020-08-20","endDate":"2020-08-20","isProtected":true,"isRoot":false,"addressLevelHierarchList":[]},{"id":78,"name":"ТестовыйУровень2-4","startDate":"2020-08-20","endDate":"2020-08-20","isProtected":true,"isRoot":false,"addressLevelHierarchList":[]},{"id":79,"name":"ТестовыйУровень2-5","startDate":"2020-08-20","endDate":"2020-08-20","isProtected":true,"isRoot":false,"addressLevelHierarchList":[]},{"id":80,"name":"ТестовыйУровень3-1","startDate":"2020-08-20","endDate":"2020-08-20","isProtected":true,"isRoot":false,"addressLevelHierarchList":[]},{"id":81,"name":"ТестовыйУровень3-2","startDate":"2020-08-20","endDate":"2020-08-20","isProtected":true,"isRoot":false,"addressLevelHierarchList":[]},{"id":82,"name":"ТестовыйУровень3-3","startDate":"2020-08-20","endDate":"2020-08-20","isProtected":true,"isRoot":false,"addressLevelHierarchList":[]},{"id":83,"name":"ТестовыйУровень3-4","startDate":"2020-08-20","endDate":"2020-08-20","isProtected":true,"isRoot":false,"addressLevelHierarchList":[]},{"id":84,"name":"ТестовыйУровень3-5","startDate":"2020-08-20","endDate":"2020-08-20","isProtected":true,"isRoot":false,"addressLevelHierarchList":[]}]