[{"id":85,"writing":",","posInAddressName":null,"levelAddressId":15,"isUnchecked":true,"startDate":null,"endDate":null,"shortWriting":","},{"id":11,"writing":"автономная область","posInAddressName":{"id":1,"name":"В конце"},"levelAddressId":8,"isUnchecked":false,"startDate":null,"endDate":null,"shortWriting":"автономная область"},{"id":149,"writing":"Автономная область","posInAddressName":{"id":1,"name":"В конце"},"levelAddressId":66,"isUnchecked":false,"startDate":null,"endDate":null,"shortWriting":"Автономная область"},{"id":177,"writing":"автономная республика","posInAddressName":{"id":1,"name":"В конце"},"levelAddressId":8,"isUnchecked":true,"startDate":null,"endDate":null,"shortWriting":"автономная республика"},{"id":150,"writing":"Автономная ССР","posInAddressName":{"id":1,"name":"В конце"},"levelAddressId":65,"isUnchecked":false,"startDate":null,"endDate":null,"shortWriting":"Автономная ССР"},{"id":157,"writing":"Автономная ССР","posInAddressName":null,"levelAddressId":35,"isUnchecked":false,"startDate":null,"endDate":null,"shortWriting":"Автономная ССР"},{"id":12,"writing":"автономный округ","posInAddressName":{"id":1,"name":"В конце"},"levelAddressId":8,"isUnchecked":false,"startDate":null,"endDate":null,"shortWriting":"автономный округ"},{"id":155,"writing":"Автономный округ","posInAddressName":{"id":1,"name":"В конце"},"levelAddressId":58,"isUnchecked":false,"startDate":null,"endDate":null,"shortWriting":"Автономный округ"},{"id":13,"writing":"административный округ","posInAddressName":{"id":1,"name":"В конце"},"levelAddressId":21,"isUnchecked":false,"startDate":null,"endDate":null,"shortWriting":"административный округ"},{"id":14,"writing":"административный район","posInAddressName":{"id":1,"name":"В конце"},"levelAddressId":21,"isUnchecked":false,"startDate":null,"endDate":null,"shortWriting":"административный район"},{"id":15,"writing":"аллея","posInAddressName":{"id":0,"name":"В начале"},"levelAddressId":14,"isUnchecked":false,"startDate":null,"endDate":null,"shortWriting":"аллея"},{"id":152,"writing":"АССР","posInAddressName":{"id":0,"name":"В начале"},"levelAddressId":8,"isUnchecked":true,"startDate":null,"endDate":null,"shortWriting":"АССР"},{"id":137,"writing":"АССР","posInAddressName":{"id":1,"name":"В конце"},"levelAddressId":35,"isUnchecked":true,"startDate":null,"endDate":null,"shortWriting":"АССР"},{"id":16,"writing":"аул","posInAddressName":{"id":0,"name":"В начале"},"levelAddressId":12,"isUnchecked":false,"startDate":null,"endDate":null,"shortWriting":"аул"},{"id":182,"writing":"белополье","posInAddressName":null,"levelAddressId":36,"isUnchecked":true,"startDate":null,"endDate":null,"shortWriting":"белополье"},{"id":184,"writing":"биробиджан","posInAddressName":null,"levelAddressId":37,"isUnchecked":true,"startDate":null,"endDate":null,"shortWriting":"биробиджан"},{"id":17,"writing":"бульвар","posInAddressName":{"id":0,"name":"В начале"},"levelAddressId":14,"isUnchecked":false,"startDate":null,"endDate":null,"shortWriting":"бульвар"},{"id":189,"writing":"в/ч","posInAddressName":null,"levelAddressId":68,"isUnchecked":true,"startDate":null,"endDate":null,"shortWriting":"в/ч"},{"id":10,"writing":"владение","posInAddressName":{"id":0,"name":"В начале"},"levelAddressId":19,"isUnchecked":false,"startDate":null,"endDate":null,"shortWriting":"владение"},{"id":18,"writing":"волость","posInAddressName":{"id":1,"name":"В конце"},"levelAddressId":11,"isUnchecked":false,"startDate":null,"endDate":null,"shortWriting":"волость"},{"id":19,"writing":"выселок","posInAddressName":{"id":0,"name":"В начале"},"levelAddressId":12,"isUnchecked":false,"startDate":null,"endDate":null,"shortWriting":"выселок"},{"id":161,"writing":"г","posInAddressName":null,"levelAddressId":10,"isUnchecked":true,"startDate":null,"endDate":null,"shortWriting":"г"},{"id":20,"writing":"герцогство","posInAddressName":{"id":0,"name":"В начале"},"levelAddressId":71,"isUnchecked":false,"startDate":null,"endDate":null,"shortWriting":"герцогство"},{"id":21,"writing":"город","posInAddressName":{"id":0,"name":"В начале"},"levelAddressId":10,"isUnchecked":false,"startDate":null,"endDate":null,"shortWriting":"город"},{"id":180,"writing":"город","posInAddressName":{"id":0,"name":"В начале"},"levelAddressId":12,"isUnchecked":true,"startDate":null,"endDate":null,"shortWriting":"город"},{"id":88,"writing":"город","posInAddressName":null,"levelAddressId":35,"isUnchecked":true,"startDate":null,"endDate":null,"shortWriting":"город"},{"id":141,"writing":"город","posInAddressName":{"id":0,"name":"В начале"},"levelAddressId":12,"isUnchecked":true,"startDate":null,"endDate":null,"shortWriting":"город"},{"id":101,"writing":"город","posInAddressName":{"id":1,"name":"В конце"},"levelAddressId":22,"isUnchecked":true,"startDate":null,"endDate":null,"shortWriting":"город"},{"id":22,"writing":"городок","posInAddressName":{"id":0,"name":"В начале"},"levelAddressId":14,"isUnchecked":false,"startDate":null,"endDate":null,"shortWriting":"городок"},{"id":129,"writing":"городское поселение","posInAddressName":{"id":1,"name":"В конце"},"levelAddressId":11,"isUnchecked":true,"startDate":null,"endDate":null,"shortWriting":"городское поселение"},{"id":104,"writing":"городское поселение","posInAddressName":{"id":0,"name":"В начале"},"levelAddressId":11,"isUnchecked":true,"startDate":null,"endDate":null,"shortWriting":"городское поселение"},{"id":106,"writing":"городское поселение","posInAddressName":{"id":1,"name":"В конце"},"levelAddressId":10,"isUnchecked":false,"startDate":null,"endDate":null,"shortWriting":"городское поселение"},{"id":108,"writing":"городское поселение","posInAddressName":{"id":1,"name":"В конце"},"levelAddressId":10,"isUnchecked":true,"startDate":null,"endDate":null,"shortWriting":"городское поселение"},{"id":115,"writing":"городское поселение","posInAddressName":{"id":1,"name":"В конце"},"levelAddressId":11,"isUnchecked":true,"startDate":null,"endDate":null,"shortWriting":"городское поселение"},{"id":120,"writing":"городское поселение","posInAddressName":{"id":1,"name":"В конце"},"levelAddressId":11,"isUnchecked":true,"startDate":null,"endDate":null,"shortWriting":"городское поселение"},{"id":136,"writing":"городское поселение","posInAddressName":null,"levelAddressId":11,"isUnchecked":true,"startDate":null,"endDate":null,"shortWriting":"городское поселение"},{"id":123,"writing":"городское поселение","posInAddressName":{"id":1,"name":"В конце"},"levelAddressId":11,"isUnchecked":true,"startDate":null,"endDate":null,"shortWriting":"городское поселение"},{"id":126,"writing":"городское поселение","posInAddressName":{"id":1,"name":"В конце"},"levelAddressId":11,"isUnchecked":true,"startDate":null,"endDate":null,"shortWriting":"городское поселение"},{"id":190,"writing":"городской округ","posInAddressName":{"id":1,"name":"В конце"},"levelAddressId":26,"isUnchecked":true,"startDate":null,"endDate":null,"shortWriting":"городской округ"},{"id":173,"writing":"городской округ","posInAddressName":{"id":0,"name":"В начале"},"levelAddressId":20,"isUnchecked":false,"startDate":null,"endDate":null,"shortWriting":"городской округ"},{"id":191,"writing":"городской округ","posInAddressName":{"id":1,"name":"В конце"},"levelAddressId":9,"isUnchecked":true,"startDate":null,"endDate":null,"shortWriting":"городской округ"},{"id":192,"writing":"городской округ","posInAddressName":null,"levelAddressId":10,"isUnchecked":true,"startDate":null,"endDate":null,"shortWriting":"городской округ"},{"id":163,"writing":"д","posInAddressName":null,"levelAddressId":18,"isUnchecked":true,"startDate":null,"endDate":null,"shortWriting":"д"},{"id":166,"writing":"д","posInAddressName":{"id":0,"name":"В начале"},"levelAddressId":12,"isUnchecked":true,"startDate":null,"endDate":null,"shortWriting":"д"},{"id":25,"writing":"дачный поселок","posInAddressName":{"id":0,"name":"В начале"},"levelAddressId":12,"isUnchecked":false,"startDate":null,"endDate":null,"shortWriting":"дачный поселок"},{"id":175,"writing":"дачный участок","posInAddressName":{"id":1,"name":"В конце"},"levelAddressId":18,"isUnchecked":true,"startDate":null,"endDate":null,"shortWriting":"дачный участок"},{"id":185,"writing":"деревня","posInAddressName":{"id":0,"name":"В начале"},"levelAddressId":57,"isUnchecked":true,"startDate":null,"endDate":null,"shortWriting":"деревня"},{"id":99,"writing":"деревня","posInAddressName":{"id":1,"name":"В конце"},"levelAddressId":26,"isUnchecked":true,"startDate":null,"endDate":null,"shortWriting":"деревня"},{"id":23,"writing":"деревня","posInAddressName":{"id":0,"name":"В начале"},"levelAddressId":12,"isUnchecked":false,"startDate":null,"endDate":null,"shortWriting":"деревня"},{"id":24,"writing":"дом","posInAddressName":{"id":0,"name":"В начале"},"levelAddressId":18,"isUnchecked":false,"startDate":null,"endDate":null,"shortWriting":"дом"},{"id":181,"writing":"дорога","posInAddressName":{"id":1,"name":"В конце"},"levelAddressId":14,"isUnchecked":true,"startDate":null,"endDate":null,"shortWriting":"дорога"},{"id":142,"writing":"ж/д остановочный пункт","posInAddressName":{"id":0,"name":"В начале"},"levelAddressId":12,"isUnchecked":true,"startDate":null,"endDate":null,"shortWriting":"ж/д остановочный пункт"},{"id":148,"writing":"ж/д разъезд","posInAddressName":{"id":1,"name":"В конце"},"levelAddressId":12,"isUnchecked":true,"startDate":null,"endDate":null,"shortWriting":"ж/д разъезд"},{"id":26,"writing":"ж/д станция","posInAddressName":{"id":0,"name":"В начале"},"levelAddressId":12,"isUnchecked":false,"startDate":null,"endDate":null,"shortWriting":"ж/д станция"},{"id":27,"writing":"заимка","posInAddressName":{"id":0,"name":"В начале"},"levelAddressId":12,"isUnchecked":false,"startDate":null,"endDate":null,"shortWriting":"заимка"},{"id":28,"writing":"исламское государство","posInAddressName":{"id":0,"name":"В начале"},"levelAddressId":71,"isUnchecked":false,"startDate":null,"endDate":null,"shortWriting":"исламское государство"},{"id":29,"writing":"казарма","posInAddressName":{"id":0,"name":"В начале"},"levelAddressId":14,"isUnchecked":false,"startDate":null,"endDate":null,"shortWriting":"казарма"},{"id":147,"writing":"кардон","posInAddressName":{"id":1,"name":"В конце"},"levelAddressId":12,"isUnchecked":true,"startDate":null,"endDate":null,"shortWriting":"кардон"},{"id":164,"writing":"кв","posInAddressName":null,"levelAddressId":17,"isUnchecked":true,"startDate":null,"endDate":null,"shortWriting":"кв"},{"id":135,"writing":"кв.","posInAddressName":null,"levelAddressId":17,"isUnchecked":true,"startDate":null,"endDate":null,"shortWriting":"кв."},{"id":92,"writing":"квартал","posInAddressName":{"id":1,"name":"В конце"},"levelAddressId":12,"isUnchecked":true,"startDate":null,"endDate":null,"shortWriting":"квартал"},{"id":30,"writing":"квартал","posInAddressName":{"id":0,"name":"В начале"},"levelAddressId":14,"isUnchecked":false,"startDate":null,"endDate":null,"shortWriting":"квартал"},{"id":31,"writing":"квартира","posInAddressName":{"id":0,"name":"В начале"},"levelAddressId":17,"isUnchecked":false,"startDate":null,"endDate":null,"shortWriting":"квартира"},{"id":32,"writing":"километр","posInAddressName":{"id":1,"name":"В конце"},"levelAddressId":14,"isUnchecked":false,"startDate":null,"endDate":null,"shortWriting":"километр"},{"id":179,"writing":"кишлак","posInAddressName":{"id":0,"name":"В начале"},"levelAddressId":12,"isUnchecked":true,"startDate":null,"endDate":null,"shortWriting":"кишлак"},{"id":94,"writing":"кишлак","posInAddressName":{"id":1,"name":"В конце"},"levelAddressId":12,"isUnchecked":true,"startDate":null,"endDate":null,"shortWriting":"кишлак"},{"id":146,"writing":"кишлак","posInAddressName":{"id":1,"name":"В конце"},"levelAddressId":12,"isUnchecked":true,"startDate":null,"endDate":null,"shortWriting":"кишлак"},{"id":188,"writing":"кишлак","posInAddressName":{"id":1,"name":"В конце"},"levelAddressId":12,"isUnchecked":true,"startDate":null,"endDate":null,"shortWriting":"кишлак"},{"id":110,"writing":"кишлачный совет","posInAddressName":{"id":1,"name":"В конце"},"levelAddressId":11,"isUnchecked":true,"startDate":null,"endDate":null,"shortWriting":"кишлачный совет"},{"id":33,"writing":"княжество ","posInAddressName":{"id":0,"name":"В начале"},"levelAddressId":71,"isUnchecked":false,"startDate":null,"endDate":null,"shortWriting":"княжество "},{"id":43,"writing":"кожуун","posInAddressName":{"id":1,"name":"В конце"},"levelAddressId":9,"isUnchecked":false,"startDate":null,"endDate":null,"shortWriting":"кожуун"},{"id":162,"writing":"комната","posInAddressName":null,"levelAddressId":17,"isUnchecked":true,"startDate":null,"endDate":null,"shortWriting":"комната"},{"id":83,"writing":"комната","posInAddressName":{"id":0,"name":"В начале"},"levelAddressId":66,"isUnchecked":true,"startDate":null,"endDate":null,"shortWriting":"комната"},{"id":105,"writing":"комната","posInAddressName":{"id":0,"name":"В начале"},"levelAddressId":17,"isUnchecked":true,"startDate":null,"endDate":null,"shortWriting":"комната"},{"id":174,"writing":"Комната","posInAddressName":null,"levelAddressId":68,"isUnchecked":false,"startDate":null,"endDate":null,"shortWriting":"Комната"},{"id":34,"writing":"королевство","posInAddressName":{"id":0,"name":"В начале"},"levelAddressId":71,"isUnchecked":false,"startDate":null,"endDate":null,"shortWriting":"королевство"},{"id":35,"writing":"корпус","posInAddressName":{"id":0,"name":"В начале"},"levelAddressId":16,"isUnchecked":false,"startDate":null,"endDate":null,"shortWriting":"корпус"},{"id":36,"writing":"край","posInAddressName":{"id":1,"name":"В конце"},"levelAddressId":8,"isUnchecked":false,"startDate":null,"endDate":null,"shortWriting":"край"},{"id":151,"writing":"Край","posInAddressName":{"id":1,"name":"В конце"},"levelAddressId":67,"isUnchecked":false,"startDate":null,"endDate":null,"shortWriting":"Край"},{"id":131,"writing":"кяччи","posInAddressName":null,"levelAddressId":71,"isUnchecked":true,"startDate":null,"endDate":null,"shortWriting":"кяччи"},{"id":37,"writing":"линия","posInAddressName":{"id":1,"name":"В конце"},"levelAddressId":14,"isUnchecked":false,"startDate":null,"endDate":null,"shortWriting":"линия"},{"id":171,"writing":"Макинск","posInAddressName":null,"levelAddressId":9,"isUnchecked":true,"startDate":null,"endDate":null,"shortWriting":"Макинск"},{"id":107,"writing":"местечко","posInAddressName":{"id":0,"name":"В начале"},"levelAddressId":12,"isUnchecked":true,"startDate":null,"endDate":null,"shortWriting":"местечко"},{"id":109,"writing":"местечко","posInAddressName":{"id":0,"name":"В начале"},"levelAddressId":12,"isUnchecked":true,"startDate":null,"endDate":null,"shortWriting":"местечко"},{"id":38,"writing":"микрорайон","posInAddressName":{"id":0,"name":"В начале"},"levelAddressId":14,"isUnchecked":false,"startDate":null,"endDate":null,"shortWriting":"микрорайон"},{"id":111,"writing":"МО","posInAddressName":null,"levelAddressId":26,"isUnchecked":true,"startDate":null,"endDate":null,"shortWriting":"МО"},{"id":39,"writing":"муниципальный округ","posInAddressName":{"id":1,"name":"В конце"},"levelAddressId":20,"isUnchecked":false,"startDate":null,"endDate":null,"shortWriting":"муниципальный округ"},{"id":40,"writing":"муниципальный район ","posInAddressName":{"id":1,"name":"В конце"},"levelAddressId":20,"isUnchecked":false,"startDate":null,"endDate":null,"shortWriting":"муниципальный район "},{"id":41,"writing":"набережная","posInAddressName":{"id":0,"name":"В начале"},"levelAddressId":14,"isUnchecked":false,"startDate":null,"endDate":null,"shortWriting":"набережная"},{"id":176,"writing":"населенный пункт","posInAddressName":{"id":1,"name":"В конце"},"levelAddressId":12,"isUnchecked":true,"startDate":null,"endDate":null,"shortWriting":"населенный пункт"},{"id":42,"writing":"наслег","posInAddressName":{"id":1,"name":"В конце"},"levelAddressId":11,"isUnchecked":false,"startDate":null,"endDate":null,"shortWriting":"наслег"},{"id":91,"writing":"национальный округ","posInAddressName":{"id":1,"name":"В конце"},"levelAddressId":8,"isUnchecked":true,"startDate":null,"endDate":null,"shortWriting":"национальный округ"},{"id":95,"writing":"область","posInAddressName":{"id":1,"name":"В конце"},"levelAddressId":24,"isUnchecked":true,"startDate":null,"endDate":null,"shortWriting":"область"},{"id":100,"writing":"область","posInAddressName":{"id":1,"name":"В конце"},"levelAddressId":35,"isUnchecked":true,"startDate":null,"endDate":null,"shortWriting":"область"},{"id":45,"writing":"область","posInAddressName":{"id":1,"name":"В конце"},"levelAddressId":22,"isUnchecked":false,"startDate":null,"endDate":null,"shortWriting":"область"},{"id":44,"writing":"область","posInAddressName":{"id":1,"name":"В конце"},"levelAddressId":8,"isUnchecked":false,"startDate":null,"endDate":null,"shortWriting":"область"},{"id":156,"writing":"Область","posInAddressName":{"id":1,"name":"В конце"},"levelAddressId":35,"isUnchecked":false,"startDate":null,"endDate":null,"shortWriting":"Область"},{"id":167,"writing":"п","posInAddressName":{"id":0,"name":"В начале"},"levelAddressId":12,"isUnchecked":true,"startDate":null,"endDate":null,"shortWriting":"п"},{"id":47,"writing":"парк","posInAddressName":{"id":0,"name":"В начале"},"levelAddressId":14,"isUnchecked":false,"startDate":null,"endDate":null,"shortWriting":"парк"},{"id":165,"writing":"пгт","posInAddressName":{"id":0,"name":"В начале"},"levelAddressId":12,"isUnchecked":true,"startDate":null,"endDate":null,"shortWriting":"пгт"},{"id":89,"writing":"переулок","posInAddressName":null,"levelAddressId":29,"isUnchecked":true,"startDate":null,"endDate":null,"shortWriting":"переулок"},{"id":3,"writing":"переулок","posInAddressName":null,"levelAddressId":14,"isUnchecked":false,"startDate":null,"endDate":null,"shortWriting":"переулок"},{"id":93,"writing":"переулок","posInAddressName":{"id":1,"name":"В конце"},"levelAddressId":14,"isUnchecked":true,"startDate":null,"endDate":null,"shortWriting":"переулок"},{"id":90,"writing":"переулок","posInAddressName":null,"levelAddressId":28,"isUnchecked":true,"startDate":null,"endDate":null,"shortWriting":"переулок"},{"id":128,"writing":"переулок имени","posInAddressName":{"id":0,"name":"В начале"},"levelAddressId":14,"isUnchecked":true,"startDate":null,"endDate":null,"shortWriting":"переулок имени"},{"id":119,"writing":"переулок имени","posInAddressName":null,"levelAddressId":14,"isUnchecked":true,"startDate":null,"endDate":null,"shortWriting":"переулок имени"},{"id":49,"writing":"платформа","posInAddressName":{"id":0,"name":"В начале"},"levelAddressId":14,"isUnchecked":false,"startDate":null,"endDate":null,"shortWriting":"платформа"},{"id":145,"writing":"площадка","posInAddressName":{"id":1,"name":"В конце"},"levelAddressId":14,"isUnchecked":true,"startDate":null,"endDate":null,"shortWriting":"площадка"},{"id":1,"writing":"площадь","posInAddressName":null,"levelAddressId":14,"isUnchecked":false,"startDate":null,"endDate":null,"shortWriting":"площадь"},{"id":50,"writing":"полустанок","posInAddressName":{"id":0,"name":"В начале"},"levelAddressId":14,"isUnchecked":false,"startDate":null,"endDate":null,"shortWriting":"полустанок"},{"id":172,"writing":"поселение","posInAddressName":{"id":0,"name":"В начале"},"levelAddressId":20,"isUnchecked":false,"startDate":null,"endDate":null,"shortWriting":"поселение"},{"id":7,"writing":"поселковое муниципальное образование","posInAddressName":{"id":1,"name":"В конце"},"levelAddressId":11,"isUnchecked":false,"startDate":null,"endDate":null,"shortWriting":"поселковое муниципальное образование"},{"id":139,"writing":"поселок","posInAddressName":null,"levelAddressId":14,"isUnchecked":true,"startDate":null,"endDate":null,"shortWriting":"поселок"},{"id":117,"writing":"поселок","posInAddressName":{"id":0,"name":"В начале"},"levelAddressId":14,"isUnchecked":true,"startDate":null,"endDate":null,"shortWriting":"поселок"},{"id":187,"writing":"поселок","posInAddressName":{"id":0,"name":"В начале"},"levelAddressId":12,"isUnchecked":true,"startDate":null,"endDate":null,"shortWriting":"поселок"},{"id":46,"writing":"посёлок","posInAddressName":{"id":0,"name":"В начале"},"levelAddressId":12,"isUnchecked":false,"startDate":null,"endDate":null,"shortWriting":"посёлок"},{"id":48,"writing":"поселок городского типа","posInAddressName":{"id":0,"name":"В начале"},"levelAddressId":13,"isUnchecked":false,"startDate":null,"endDate":null,"shortWriting":"поселок городского типа"},{"id":8,"writing":"поссовет","posInAddressName":{"id":1,"name":"В конце"},"levelAddressId":11,"isUnchecked":false,"startDate":null,"endDate":null,"shortWriting":"поссовет"},{"id":51,"writing":"починок","posInAddressName":{"id":0,"name":"В начале"},"levelAddressId":12,"isUnchecked":false,"startDate":null,"endDate":null,"shortWriting":"починок"},{"id":52,"writing":"проезд","posInAddressName":{"id":1,"name":"В конце"},"levelAddressId":14,"isUnchecked":false,"startDate":null,"endDate":null,"shortWriting":"проезд"},{"id":53,"writing":"просека","posInAddressName":{"id":1,"name":"В конце"},"levelAddressId":14,"isUnchecked":false,"startDate":null,"endDate":null,"shortWriting":"просека"},{"id":54,"writing":"проспект","posInAddressName":{"id":0,"name":"В начале"},"levelAddressId":14,"isUnchecked":false,"startDate":null,"endDate":null,"shortWriting":"проспект"},{"id":125,"writing":"проспект имени","posInAddressName":null,"levelAddressId":14,"isUnchecked":true,"startDate":null,"endDate":null,"shortWriting":"проспект имени"},{"id":132,"writing":"проулок","posInAddressName":{"id":0,"name":"В начале"},"levelAddressId":14,"isUnchecked":true,"startDate":null,"endDate":null,"shortWriting":"проулок"},{"id":160,"writing":"р-н","posInAddressName":null,"levelAddressId":9,"isUnchecked":true,"startDate":null,"endDate":null,"shortWriting":"р-н"},{"id":143,"writing":"рабочий поселок","posInAddressName":{"id":0,"name":"В начале"},"levelAddressId":12,"isUnchecked":true,"startDate":null,"endDate":null,"shortWriting":"рабочий поселок"},{"id":140,"writing":"рабочий поселок","posInAddressName":{"id":0,"name":"В начале"},"levelAddressId":12,"isUnchecked":true,"startDate":null,"endDate":null,"shortWriting":"рабочий поселок"},{"id":170,"writing":"рабочий поселок","posInAddressName":{"id":0,"name":"В начале"},"levelAddressId":12,"isUnchecked":true,"startDate":null,"endDate":null,"shortWriting":"рабочий поселок"},{"id":59,"writing":"рабочий поселок","posInAddressName":{"id":0,"name":"В начале"},"levelAddressId":13,"isUnchecked":false,"startDate":null,"endDate":null,"shortWriting":"рабочий поселок"},{"id":112,"writing":"рабочий поселок","posInAddressName":{"id":1,"name":"В конце"},"levelAddressId":12,"isUnchecked":true,"startDate":null,"endDate":null,"shortWriting":"рабочий поселок"},{"id":169,"writing":"рабочий поселок","posInAddressName":{"id":0,"name":"В начале"},"levelAddressId":12,"isUnchecked":true,"startDate":null,"endDate":null,"shortWriting":"рабочий поселок"},{"id":122,"writing":"рабочий поселок","posInAddressName":{"id":1,"name":"В конце"},"levelAddressId":12,"isUnchecked":true,"startDate":null,"endDate":null,"shortWriting":"рабочий поселок"},{"id":113,"writing":"рабочий поселок","posInAddressName":{"id":1,"name":"В конце"},"levelAddressId":12,"isUnchecked":true,"startDate":null,"endDate":null,"shortWriting":"рабочий поселок"},{"id":114,"writing":"рабочий поселок","posInAddressName":{"id":0,"name":"В начале"},"levelAddressId":12,"isUnchecked":true,"startDate":null,"endDate":null,"shortWriting":"рабочий поселок"},{"id":121,"writing":"рабочий поселок","posInAddressName":{"id":0,"name":"В начале"},"levelAddressId":12,"isUnchecked":true,"startDate":null,"endDate":null,"shortWriting":"рабочий поселок"},{"id":144,"writing":"рабочий поселок","posInAddressName":{"id":0,"name":"В начале"},"levelAddressId":12,"isUnchecked":true,"startDate":null,"endDate":null,"shortWriting":"рабочий поселок"},{"id":183,"writing":"рабочий поселок","posInAddressName":{"id":0,"name":"В начале"},"levelAddressId":12,"isUnchecked":true,"startDate":null,"endDate":null,"shortWriting":"рабочий поселок"},{"id":86,"writing":"рабочий посёлок","posInAddressName":{"id":1,"name":"В конце"},"levelAddressId":12,"isUnchecked":true,"startDate":null,"endDate":null,"shortWriting":"рабочий посёлок"},{"id":124,"writing":"рабочий посёлок","posInAddressName":{"id":1,"name":"В конце"},"levelAddressId":12,"isUnchecked":true,"startDate":null,"endDate":null,"shortWriting":"рабочий посёлок"},{"id":130,"writing":"разъезд","posInAddressName":null,"levelAddressId":14,"isUnchecked":true,"startDate":null,"endDate":null,"shortWriting":"разъезд"},{"id":58,"writing":"разъезд","posInAddressName":{"id":0,"name":"В начале"},"levelAddressId":12,"isUnchecked":false,"startDate":null,"endDate":null,"shortWriting":"разъезд"},{"id":134,"writing":"район","posInAddressName":{"id":1,"name":"В конце"},"levelAddressId":22,"isUnchecked":true,"startDate":null,"endDate":null,"shortWriting":"район"},{"id":102,"writing":"район","posInAddressName":{"id":1,"name":"В конце"},"levelAddressId":22,"isUnchecked":true,"startDate":null,"endDate":null,"shortWriting":"район"},{"id":55,"writing":"район","posInAddressName":{"id":1,"name":"В конце"},"levelAddressId":9,"isUnchecked":false,"startDate":null,"endDate":null,"shortWriting":"район"},{"id":97,"writing":"район","posInAddressName":{"id":1,"name":"В конце"},"levelAddressId":25,"isUnchecked":true,"startDate":null,"endDate":null,"shortWriting":"район"},{"id":193,"writing":"район","posInAddressName":{"id":1,"name":"В конце"},"levelAddressId":20,"isUnchecked":true,"startDate":null,"endDate":null,"shortWriting":"район"},{"id":133,"writing":"район","posInAddressName":{"id":1,"name":"В конце"},"levelAddressId":22,"isUnchecked":true,"startDate":null,"endDate":null,"shortWriting":"район"},{"id":84,"writing":"рег.","posInAddressName":null,"levelAddressId":15,"isUnchecked":true,"startDate":null,"endDate":null,"shortWriting":"рег."},{"id":158,"writing":"республика","posInAddressName":{"id":0,"name":"В начале"},"levelAddressId":8,"isUnchecked":true,"startDate":null,"endDate":null,"shortWriting":"республика"},{"id":57,"writing":"республика","posInAddressName":{"id":0,"name":"В начале"},"levelAddressId":71,"isUnchecked":false,"startDate":null,"endDate":null,"shortWriting":"республика"},{"id":168,"writing":"республика","posInAddressName":{"id":1,"name":"В конце"},"levelAddressId":8,"isUnchecked":true,"startDate":null,"endDate":null,"shortWriting":"республика"},{"id":56,"writing":"Республика","posInAddressName":{"id":0,"name":"В начале"},"levelAddressId":8,"isUnchecked":false,"startDate":null,"endDate":null,"shortWriting":"Республика"},{"id":159,"writing":"с","posInAddressName":{"id":0,"name":"В начале"},"levelAddressId":12,"isUnchecked":true,"startDate":null,"endDate":null,"shortWriting":"с"},{"id":98,"writing":"село","posInAddressName":{"id":1,"name":"В конце"},"levelAddressId":26,"isUnchecked":true,"startDate":null,"endDate":null,"shortWriting":"село"},{"id":60,"writing":"село","posInAddressName":{"id":0,"name":"В начале"},"levelAddressId":12,"isUnchecked":false,"startDate":null,"endDate":null,"shortWriting":"село"},{"id":103,"writing":"село","posInAddressName":{"id":1,"name":"В конце"},"levelAddressId":22,"isUnchecked":true,"startDate":null,"endDate":null,"shortWriting":"село"},{"id":186,"writing":"село","posInAddressName":{"id":0,"name":"В начале"},"levelAddressId":60,"isUnchecked":true,"startDate":null,"endDate":null,"shortWriting":"село"},{"id":61,"writing":"сельская администрация","posInAddressName":{"id":1,"name":"В конце"},"levelAddressId":11,"isUnchecked":false,"startDate":null,"endDate":null,"shortWriting":"сельская администрация"},{"id":62,"writing":"сельская территория","posInAddressName":{"id":1,"name":"В конце"},"levelAddressId":11,"isUnchecked":false,"startDate":null,"endDate":null,"shortWriting":"сельская территория"},{"id":63,"writing":"сельский округ","posInAddressName":{"id":1,"name":"В конце"},"levelAddressId":11,"isUnchecked":false,"startDate":null,"endDate":null,"shortWriting":"сельский округ"},{"id":64,"writing":"сельское муниципальное образование","posInAddressName":{"id":1,"name":"В конце"},"levelAddressId":11,"isUnchecked":false,"startDate":null,"endDate":null,"shortWriting":"сельское муниципальное образование"},{"id":87,"writing":"сельское поселение","posInAddressName":{"id":1,"name":"В конце"},"levelAddressId":51,"isUnchecked":true,"startDate":null,"endDate":null,"shortWriting":"сельское поселение"},{"id":9,"writing":"сельское поселение","posInAddressName":{"id":1,"name":"В конце"},"levelAddressId":11,"isUnchecked":false,"startDate":null,"endDate":null,"shortWriting":"сельское поселение"},{"id":65,"writing":"сельское представительство","posInAddressName":{"id":1,"name":"В конце"},"levelAddressId":11,"isUnchecked":false,"startDate":null,"endDate":null,"shortWriting":"сельское представительство"},{"id":66,"writing":"сельсовет","posInAddressName":{"id":1,"name":"В конце"},"levelAddressId":11,"isUnchecked":false,"startDate":null,"endDate":null,"shortWriting":"сельсовет"},{"id":68,"writing":"слобода","posInAddressName":{"id":0,"name":"В начале"},"levelAddressId":14,"isUnchecked":false,"startDate":null,"endDate":null,"shortWriting":"слобода"},{"id":67,"writing":"слобода","posInAddressName":{"id":0,"name":"В начале"},"levelAddressId":12,"isUnchecked":false,"startDate":null,"endDate":null,"shortWriting":"слобода"},{"id":153,"writing":"совхоз","posInAddressName":{"id":0,"name":"В начале"},"levelAddressId":12,"isUnchecked":true,"startDate":null,"endDate":null,"shortWriting":"совхоз"},{"id":138,"writing":"совхоз","posInAddressName":{"id":0,"name":"В начале"},"levelAddressId":12,"isUnchecked":true,"startDate":null,"endDate":null,"shortWriting":"совхоз"},{"id":69,"writing":"содружество","posInAddressName":{"id":0,"name":"В начале"},"levelAddressId":71,"isUnchecked":false,"startDate":null,"endDate":null,"shortWriting":"содружество"},{"id":70,"writing":"соединенное королевство","posInAddressName":{"id":0,"name":"В начале"},"levelAddressId":71,"isUnchecked":false,"startDate":null,"endDate":null,"shortWriting":"соединенное королевство"},{"id":71,"writing":"соединенные штаты","posInAddressName":{"id":0,"name":"В начале"},"levelAddressId":71,"isUnchecked":false,"startDate":null,"endDate":null,"shortWriting":"соединенные штаты"},{"id":4,"writing":"сомон","posInAddressName":{"id":1,"name":"В конце"},"levelAddressId":11,"isUnchecked":false,"startDate":null,"endDate":null,"shortWriting":"сомон"},{"id":6,"writing":"сомсовет","posInAddressName":{"id":1,"name":"В конце"},"levelAddressId":11,"isUnchecked":false,"startDate":null,"endDate":null,"shortWriting":"сомсовет"},{"id":72,"writing":"союзная республика","posInAddressName":{"id":0,"name":"В начале"},"levelAddressId":71,"isUnchecked":false,"startDate":null,"endDate":null,"shortWriting":"союзная республика"},{"id":154,"writing":"Союзная республика","posInAddressName":{"id":1,"name":"В конце"},"levelAddressId":34,"isUnchecked":false,"startDate":null,"endDate":null,"shortWriting":"Союзная республика"},{"id":74,"writing":"станица","posInAddressName":{"id":0,"name":"В начале"},"levelAddressId":12,"isUnchecked":false,"startDate":null,"endDate":null,"shortWriting":"станица"},{"id":75,"writing":"станция","posInAddressName":{"id":0,"name":"В начале"},"levelAddressId":14,"isUnchecked":false,"startDate":null,"endDate":null,"shortWriting":"станция"},{"id":73,"writing":"станция","posInAddressName":{"id":0,"name":"В начале"},"levelAddressId":12,"isUnchecked":false,"startDate":null,"endDate":null,"shortWriting":"станция"},{"id":76,"writing":"строение","posInAddressName":{"id":0,"name":"В начале"},"levelAddressId":19,"isUnchecked":false,"startDate":null,"endDate":null,"shortWriting":"строение"},{"id":5,"writing":"сумон","posInAddressName":{"id":1,"name":"В конце"},"levelAddressId":11,"isUnchecked":false,"startDate":null,"endDate":null,"shortWriting":"сумон"},{"id":77,"writing":"территория","posInAddressName":{"id":0,"name":"В начале"},"levelAddressId":14,"isUnchecked":false,"startDate":null,"endDate":null,"shortWriting":"территория"},{"id":194,"writing":"ТестовыйУровень1-1","posInAddressName":{"id":0,"name":"В начале"},"levelAddressId":72,"isUnchecked":false,"startDate":null,"endDate":null,"shortWriting":"ТестовыйУровень1-1"},{"id":195,"writing":"ТестовыйУровень1-2","posInAddressName":{"id":0,"name":"В начале"},"levelAddressId":73,"isUnchecked":false,"startDate":null,"endDate":null,"shortWriting":"ТестовыйУровень1-2"},{"id":196,"writing":"ТестовыйУровень1-3","posInAddressName":{"id":0,"name":"В начале"},"levelAddressId":74,"isUnchecked":false,"startDate":null,"endDate":null,"shortWriting":"ТестовыйУровень1-3"},{"id":197,"writing":"ТестовыйУровень2-1","posInAddressName":{"id":0,"name":"В начале"},"levelAddressId":75,"isUnchecked":false,"startDate":null,"endDate":null,"shortWriting":"ТестовыйУровень2-1"},{"id":198,"writing":"ТестовыйУровень2-2","posInAddressName":{"id":0,"name":"В начале"},"levelAddressId":76,"isUnchecked":false,"startDate":null,"endDate":null,"shortWriting":"ТестовыйУровень2-2"},{"id":199,"writing":"ТестовыйУровень2-3","posInAddressName":{"id":0,"name":"В начале"},"levelAddressId":77,"isUnchecked":false,"startDate":null,"endDate":null,"shortWriting":"ТестовыйУровень2-3"},{"id":200,"writing":"ТестовыйУровень2-4","posInAddressName":{"id":0,"name":"В начале"},"levelAddressId":78,"isUnchecked":false,"startDate":null,"endDate":null,"shortWriting":"ТестовыйУровень2-4"},{"id":201,"writing":"ТестовыйУровень2-5","posInAddressName":{"id":0,"name":"В начале"},"levelAddressId":79,"isUnchecked":false,"startDate":null,"endDate":null,"shortWriting":"ТестовыйУровень2-5"},{"id":202,"writing":"ТестовыйУровень3-1","posInAddressName":{"id":0,"name":"В начале"},"levelAddressId":80,"isUnchecked":false,"startDate":null,"endDate":null,"shortWriting":"ТестовыйУровень3-1"},{"id":203,"writing":"ТестовыйУровень3-2","posInAddressName":{"id":0,"name":"В начале"},"levelAddressId":81,"isUnchecked":false,"startDate":null,"endDate":null,"shortWriting":"ТестовыйУровень3-2"},{"id":204,"writing":"ТестовыйУровень3-3","posInAddressName":{"id":0,"name":"В начале"},"levelAddressId":82,"isUnchecked":false,"startDate":null,"endDate":null,"shortWriting":"ТестовыйУровень3-3"},{"id":205,"writing":"ТестовыйУровень3-4","posInAddressName":{"id":0,"name":"В начале"},"levelAddressId":83,"isUnchecked":false,"startDate":null,"endDate":null,"shortWriting":"ТестовыйУровень3-4"},{"id":206,"writing":"ТестовыйУровень3-5","posInAddressName":{"id":0,"name":"В начале"},"levelAddressId":84,"isUnchecked":false,"startDate":null,"endDate":null,"shortWriting":"ТестовыйУровень3-5"},{"id":78,"writing":"тупик","posInAddressName":{"id":0,"name":"В начале"},"levelAddressId":14,"isUnchecked":false,"startDate":null,"endDate":null,"shortWriting":"тупик"},{"id":178,"writing":"улица","posInAddressName":{"id":1,"name":"В конце"},"levelAddressId":26,"isUnchecked":true,"startDate":null,"endDate":null,"shortWriting":"улица"},{"id":2,"writing":"улица","posInAddressName":null,"levelAddressId":14,"isUnchecked":false,"startDate":null,"endDate":null,"shortWriting":"улица"},{"id":96,"writing":"Улица","posInAddressName":null,"levelAddressId":27,"isUnchecked":true,"startDate":null,"endDate":null,"shortWriting":"Улица"},{"id":127,"writing":"улица имени","posInAddressName":{"id":0,"name":"В начале"},"levelAddressId":14,"isUnchecked":true,"startDate":null,"endDate":null,"shortWriting":"улица имени"},{"id":118,"writing":"улица имени","posInAddressName":{"id":0,"name":"В начале"},"levelAddressId":14,"isUnchecked":true,"startDate":null,"endDate":null,"shortWriting":"улица имени"},{"id":79,"writing":"улус","posInAddressName":{"id":1,"name":"В конце"},"levelAddressId":12,"isUnchecked":false,"startDate":null,"endDate":null,"shortWriting":"улус"},{"id":116,"writing":"усадьба","posInAddressName":{"id":0,"name":"В начале"},"levelAddressId":14,"isUnchecked":true,"startDate":null,"endDate":null,"shortWriting":"усадьба"},{"id":80,"writing":"федерация","posInAddressName":{"id":1,"name":"В конце"},"levelAddressId":71,"isUnchecked":false,"startDate":null,"endDate":null,"shortWriting":"федерация"},{"id":81,"writing":"хутор","posInAddressName":{"id":0,"name":"В начале"},"levelAddressId":12,"isUnchecked":false,"startDate":null,"endDate":null,"shortWriting":"хутор"},{"id":82,"writing":"шоссе","posInAddressName":{"id":1,"name":"В конце"},"levelAddressId":14,"isUnchecked":false,"startDate":null,"endDate":null,"shortWriting":"шоссе"}]