[{"fieldTitle":"Фамилия + Имя + Отчество + Дата/Год рождения + Вид документа + Серия + Номер","fieldName":"lfmbd"},{"fieldTitle":"Фамилия + Имя + Отчество + Вид документа + Серия + Номер","fieldName":"lfmd"},{"fieldTitle":"Имя + Отчество + Серия + Номер","fieldName":"fmd"},{"fieldTitle":"Фамилия + Отчество + Серия + Номер","fieldName":"lmd"},{"fieldTitle":"Фамилия + Имя + Серия + Номер","fieldName":"lfd"},{"fieldTitle":"Фамилия + Имя + Отчество + Дата/Год рождения + Серия","fieldName":"lfmbs"},{"fieldTitle":"Фамилия + Имя + Отчество + Дата/Год рождения + Номер","fieldName":"lfmbn"},{"fieldTitle":"Фамилия + Имя + Отчество + Дата/Год рождения + Адрес места жительства","fieldName":"lfmba"},{"fieldTitle":"Фамилия + Имя + Отчество + ИНН + СНИЛС","fieldName":"lfmis"}]