{
  "FilterHeaders": [
    {
      "Header": "x-chrome-uma-reportinginfo",
      "IncludeInScript": true
    },
    {
      "Header": "x-chrome-uma-log-sha1",
      "IncludeInScript": true
    },
    {
      "Header": "username",
      "IncludeInScript": true
    },
    {
      "Header": "user-agent",
      "IncludeInScript": false
    },
    {
      "Header": "upgrade-insecure-requests",
      "IncludeInScript": true
    },
    {
      "Header": "origin",
      "IncludeInScript": true
    },
    {
      "Header": "if-none-match",
      "IncludeInScript": false
    },
    {
      "Header": "if-modified-since",
      "IncludeInScript": false
    },
    {
      "Header": "content-encoding",
      "IncludeInScript": false
    },
    {
      "Header": "cache-control",
      "IncludeInScript": false
    },
    {
      "Header": "authorization",
      "IncludeInScript": true
    },
    {
      "Header": "accept-language",
      "IncludeInScript": false
    },
    {
      "Header": "accept-encoding",
      "IncludeInScript": false
    },
    {
      "Header": "accept",
      "IncludeInScript": false
    }
  ],
  "FilterResources": [
    {
      "IsNonResource": false,
      "type": "text/xml, application/xml"
    },
    {
      "IsNonResource": true,
      "type": "text/html"
    },
    {
      "IsNonResource": true,
      "type": "application/json"
    }
  ],
  "GeneralInfo": {
    "BrowserVersion": "",
    "MaxUsedConnections": 11,
    "RecordedBrowser": "Application",
    "RecordingDate": "дек-02-2020",
    "RecordingDuration": 117844,
    "RecordingTimeStamp": 1606896820,
    "TotalBytesReceived": 108049,
    "TotalBytesSent": 52008,
    "TotalRequests": 29
  },
  "HostInfo": [
    {
      "DomainName": "www.sputnik.ru",
      "Domains": [
        {
          "HTTPVersion": "HTTP/1.1",
          "IP": "5.143.224.19",
          "IncludeInScript": false,
          "Name": "www.sputnik.ru",
          "Port": 443,
          "Requests": [
            {
              "CompressionType": "",
              "DataType": "text/html",
              "DownloadTime": 0,
              "EventId": 1301,
              "HttpStatus": 200,
              "Size": 0,
              "URL": "https://www.sputnik.ru/"
            },
            {
              "CompressionType": "",
              "DataType": "text/html",
              "DownloadTime": 0,
              "EventId": 1299,
              "HttpStatus": 200,
              "Size": 0,
              "URL": "https://www.sputnik.ru/"
            },
            {
              "CompressionType": "",
              "DataType": "text/html",
              "DownloadTime": 16,
              "EventId": 1297,
              "HttpStatus": 200,
              "Size": 0,
              "URL": "https://www.sputnik.ru/"
            }
          ],
          "SSLCipher": "ECDHE-RSA-AES128-SHA",
          "SSLVersion": "TLS1.1"
        }
      ],
      "IncludeInScript": true
    },
    {
      "DomainName": "sputnik.ru",
      "Domains": [
        {
          "HTTPVersion": "HTTP/1.1",
          "IP": "5.143.224.19",
          "IncludeInScript": false,
          "Name": "sputnik.ru",
          "Port": 80,
          "Requests": [
            {
              "CompressionType": "",
              "DataType": "text/html",
              "DownloadTime": 265,
              "EventId": 1251,
              "HttpStatus": 301,
              "Size": 0,
              "URL": "http://sputnik.ru/"
            },
            {
              "CompressionType": "",
              "DataType": "text/html",
              "DownloadTime": 218,
              "EventId": 1249,
              "HttpStatus": 301,
              "Size": 0,
              "URL": "http://sputnik.ru/"
            },
            {
              "CompressionType": "",
              "DataType": "text/html",
              "DownloadTime": 156,
              "EventId": 1247,
              "HttpStatus": 301,
              "Size": 0,
              "URL": "http://sputnik.ru/"
            }
          ],
          "SSLCipher": "None",
          "SSLVersion": "None"
        },
        {
          "HTTPVersion": "HTTP/1.1",
          "IP": "5.143.224.19",
          "IncludeInScript": false,
          "Name": "sputnik.ru",
          "Port": 443,
          "Requests": [
            {
              "CompressionType": "",
              "DataType": "text/html",
              "DownloadTime": 16,
              "EventId": 1279,
              "HttpStatus": 301,
              "Size": 0,
              "URL": "https://sputnik.ru/"
            },
            {
              "CompressionType": "",
              "DataType": "text/html",
              "DownloadTime": 31,
              "EventId": 1277,
              "HttpStatus": 301,
              "Size": 0,
              "URL": "https://sputnik.ru/"
            },
            {
              "CompressionType": "",
              "DataType": "text/html",
              "DownloadTime": 31,
              "EventId": 1275,
              "HttpStatus": 301,
              "Size": 0,
              "URL": "https://sputnik.ru/"
            }
          ],
          "SSLCipher": "",
          "SSLVersion": ""
        }
      ],
      "IncludeInScript": true
    },
    {
      "DomainName": "sputnik-lab.com",
      "Domains": [
        {
          "HTTPVersion": "HTTP/1.1",
          "IP": "5.143.224.76",
          "IncludeInScript": false,
          "Name": "sputnik-lab.com",
          "Port": 443,
          "Requests": [
            {
              "CompressionType": "",
              "DataType": "text/xml, application/xml",
              "DownloadTime": 94,
              "EventId": 1447,
              "HttpStatus": 200,
              "Size": 65,
              "URL": "https://sputnik-lab.com/api-logs/desktop"
            },
            {
              "CompressionType": "",
              "DataType": "text/xml, application/xml",
              "DownloadTime": 125,
              "EventId": 1445,
              "HttpStatus": 200,
              "Size": 65,
              "URL": "https://sputnik-lab.com/api-logs/desktop"
            },
            {
              "CompressionType": "",
              "DataType": "text/xml, application/xml",
              "DownloadTime": 94,
              "EventId": 1420,
              "HttpStatus": 200,
              "Size": 65,
              "URL": "https://sputnik-lab.com/api-logs/desktop"
            },
            {
              "CompressionType": "",
              "DataType": "text/xml, application/xml",
              "DownloadTime": 141,
              "EventId": 1400,
              "HttpStatus": 200,
              "Size": 65,
              "URL": "https://sputnik-lab.com/api-logs/desktop"
            },
            {
              "CompressionType": "",
              "DataType": "application/json",
              "DownloadTime": 15,
              "EventId": 1273,
              "HttpStatus": 200,
              "Size": 3879,
              "URL": "https://sputnik-lab.com/api-config/settings/get?AppID=browser-b2c-win-id&BrandCode=SPTK&Channel=b2c-common&brandcode=SPTK&company_id=sputnik-lab-b2c-common&domain=voskhod.local&group_id=b2c-common"
            }
          ],
          "SSLCipher": "ECDHE-RSA-AES128-SHA",
          "SSLVersion": "TLS1.1"
        }
      ],
      "IncludeInScript": true
    },
    {
      "DomainName": "mapi.sputnik.ru",
      "Domains": [
        {
          "HTTPVersion": "HTTP/1.1",
          "IP": "5.143.224.29",
          "IncludeInScript": false,
          "Name": "mapi.sputnik.ru",
          "Port": 443,
          "Requests": [
            {
              "CompressionType": "",
              "DataType": "application/json",
              "DownloadTime": 109,
              "EventId": 1442,
              "HttpStatus": 200,
              "Size": 17193,
              "URL": "https://mapi.sputnik.ru/json_news?news_limit=9"
            },
            {
              "CompressionType": "",
              "DataType": "application/json",
              "DownloadTime": 46,
              "EventId": 1439,
              "HttpStatus": 200,
              "Size": 17193,
              "URL": "https://mapi.sputnik.ru/json_news?news_limit=9"
            }
          ],
          "SSLCipher": "ECDHE-RSA-AES128-SHA",
          "SSLVersion": "TLS1.1"
        }
      ],
      "IncludeInScript": true
    },
    {
      "DomainName": "idm-websso.ipa-cik.local",
      "Domains": [
        {
          "HTTPVersion": "HTTP/1.1",
          "IP": "192.168.40.121",
          "IncludeInScript": true,
          "Name": "idm-websso.ipa-cik.local",
          "Port": 8080,
          "Requests": [
            {
              "CompressionType": "",
              "DataType": "application/json",
              "DownloadTime": 47,
              "EventId": 1389,
              "HttpStatus": 200,
              "Size": 1458,
              "URL": "http://idm-websso.ipa-cik.local:8080/realms/test/protocol/openid-connect/certs"
            },
            {
              "CompressionType": "",
              "DataType": "",
              "DownloadTime": 328,
              "EventId": 1358,
              "HttpStatus": 302,
              "Size": 0,
              "URL": "http://idm-websso.ipa-cik.local:8080/realms/test/login-actions/authenticate?session_code=KkeDbxL4pwMiXxcX9BFr8EBrIZ1GivJL7HmhOug60RU&execution=2d271e1c-4890-412a-a4b2-3906380680bb&client_id=ruiptest&tab_id=eHWxiHD2OM0"
            },
            {
              "CompressionType": "",
              "DataType": "text/html",
              "DownloadTime": 78,
              "EventId": 1351,
              "HttpStatus": 200,
              "Size": 3109,
              "URL": "http://idm-websso.ipa-cik.local:8080/realms/test/protocol/openid-connect/auth?client_id=ruiptest&redirect_uri=http%3A%2F%2F172.20.101.48&response_type=id_token%20token&scope=openid%20email%20profile&nonce=588a7d7cac65ca41825547a1d0ce6ae3eb7B2rB37&state=fea938d19f210bf88d070c36de400185ccGtqa17Y"
            },
            {
              "CompressionType": "",
              "DataType": "application/json",
              "DownloadTime": 47,
              "EventId": 1337,
              "HttpStatus": 200,
              "Size": 2600,
              "URL": "http://idm-websso.ipa-cik.local:8080/realms/test/.well-known/openid-configuration"
            }
          ],
          "SSLCipher": "None",
          "SSLVersion": "None"
        }
      ],
      "IncludeInScript": true
    },
    {
      "DomainName": "cert.sputnik.ru",
      "Domains": [
        {
          "HTTPVersion": "HTTP/1.1",
          "IP": "5.143.224.25",
          "IncludeInScript": false,
          "Name": "cert.sputnik.ru",
          "Port": 80,
          "Requests": [
            {
              "CompressionType": "gzip",
              "DataType": "application/x-protobuf",
              "DownloadTime": 15,
              "EventId": 1235,
              "HttpStatus": 200,
              "Size": 29,
              "URL": "http://cert.sputnik.ru/certificate?version=2520&format=proto"
            }
          ],
          "SSLCipher": "None",
          "SSLVersion": "None"
        }
      ],
      "IncludeInScript": true
    },
    {
      "DomainName": "172.20.101.48",
      "Domains": [
        {
          "HTTPVersion": "HTTP/1.1",
          "IP": "172.20.101.48",
          "IncludeInScript": true,
          "Name": "172.20.101.48",
          "Port": 80,
          "Requests": [
            {
              "CompressionType": "",
              "DataType": "",
              "DownloadTime": 16,
              "EventId": 1512,
              "HttpStatus": 304,
              "Size": 0,
              "URL": "http://172.20.101.48/ruip-fsi/election"
            },
            {
              "CompressionType": "",
              "DataType": "application/json",
              "DownloadTime": 15,
              "EventId": 1510,
              "HttpStatus": 403,
              "Size": 126,
              "URL": "http://172.20.101.48/gas-cik-rbd/electors/change-log-deleting-logs?size=20&page=1"
            },
            {
              "CompressionType": "",
              "DataType": "application/json",
              "DownloadTime": 47,
              "EventId": 1494,
              "HttpStatus": 403,
              "Size": 126,
              "URL": "http://172.20.101.48/gas-cik-rbd/nsi/list"
            },
            {
              "CompressionType": "",
              "DataType": "application/json",
              "DownloadTime": 63,
              "EventId": 1487,
              "HttpStatus": 200,
              "Size": 41613,
              "URL": "http://172.20.101.48/gas-cik-rbd/addresses/writing-types"
            },
            {
              "CompressionType": "",
              "DataType": "application/json",
              "DownloadTime": 63,
              "EventId": 1485,
              "HttpStatus": 200,
              "Size": 2,
              "URL": "http://172.20.101.48/gas-cik-rbd/addresses/writing-type-short-names"
            },
            {
              "CompressionType": "",
              "DataType": "application/json",
              "DownloadTime": 63,
              "EventId": 1482,
              "HttpStatus": 200,
              "Size": 112,
              "URL": "http://172.20.101.48/gas-cik-rbd/addresses/writing-types/pos-in-address-names"
            },
            {
              "CompressionType": "",
              "DataType": "application/json",
              "DownloadTime": 31,
              "EventId": 1480,
              "HttpStatus": 200,
              "Size": 9756,
              "URL": "http://172.20.101.48/gas-cik-rbd/addresses/levels?sortByHierarchy=true"
            },
            {
              "CompressionType": "",
              "DataType": "application/json",
              "DownloadTime": 235,
              "EventId": 1471,
              "HttpStatus": 200,
              "Size": 1221,
              "URL": "http://172.20.101.48/gas-cik-rbd/addresses/has-children"
            },
            {
              "CompressionType": "",
              "DataType": "application/json",
              "DownloadTime": 140,
              "EventId": 1467,
              "HttpStatus": 200,
              "Size": 41988,
              "URL": "http://172.20.101.48/gas-cik-rbd/addresses/nearest-child-addresses?parentAddressId=1"
            },
            {
              "CompressionType": "",
              "DataType": "application/json",
              "DownloadTime": 172,
              "EventId": 1465,
              "HttpStatus": 200,
              "Size": 52,
              "URL": "http://172.20.101.48/gas-cik-rbd/addresses/has-children"
            },
            {
              "CompressionType": "",
              "DataType": "application/json",
              "DownloadTime": 78,
              "EventId": 1463,
              "HttpStatus": 200,
              "Size": 1422,
              "URL": "http://172.20.101.48/gas-cik-rbd/addresses/nearest-child-addresses"
            },
            {
              "CompressionType": "",
              "DataType": "application/json",
              "DownloadTime": 32,
              "EventId": 1408,
              "HttpStatus": 200,
              "Size": 2,
              "URL": "http://172.20.101.48/gas-cik-rbd/electors/docs-for-departured/logs"
            },
            {
              "CompressionType": "",
              "DataType": "application/json",
              "DownloadTime": 125,
              "EventId": 1395,
              "HttpStatus": 200,
              "Size": 323,
              "URL": "http://172.20.101.48/gas-cik-rbd/users/login/l.n.durov"
            },
            {
              "CompressionType": "",
              "DataType": "",
              "DownloadTime": 31,
              "EventId": 1383,
              "HttpStatus": 304,
              "Size": 0,
              "URL": "http://172.20.101.48/"
            }
          ],
          "SSLCipher": "None",
          "SSLVersion": "None"
        }
      ],
      "IncludeInScript": true
    }
  ],
  "WebSocket": {
    "IncludeInScript": false,
    "IsScriptIncludeWebSocket": false
  },
  "NumberOfCorrelations": 0
}